{"type":"FeatureCollection","features":[{"type":"Feature","geometry":{"type":"Point","coordinates":[84.12,28.39]},"properties":{"id":"34db7d32cd5d","kind":"seizure","date":"2026-09-28","summary":"Seizure · Leopard · Nepal","species":"leopard","n_sources":1,"country":"NP","level":"country","basis":"text"}},{"type":"Feature","geometry":{"type":"Point","coordinates":[81.3989,18.9743]},"properties":{"id":"729125754369","kind":"arrest","date":"2026-09-28","summary":"Arrest · Sandalwood · Gīdam","species":"sandalwood","n_sources":1,"country":"IN","level":"city","basis":"text"}},{"type":"Feature","geometry":{"type":"Point","coordinates":[75.71,19.75]},"properties":{"id":"34dcf8064362","kind":"seizure","date":"2026-09-27","summary":"Seizure · Wildlife (unspecified) · Maharashtra","species":"wildlife_general","n_sources":1,"country":"IN","level":"state","basis":"text"}},{"type":"Feature","geometry":{"type":"Point","coordinates":[75.71,19.75]},"properties":{"id":"393c0fa705ba","kind":"seizure","date":"2026-09-27","summary":"Seizure · Pangolin · Maharashtra","species":"pangolin","n_sources":3,"country":"IN","level":"state","basis":"text"}},{"type":"Feature","geometry":{"type":"Point","coordinates":[-66.1057,18.4663]},"properties":{"id":"00d3e87bd0f3","kind":"seizure","date":"2026-09-27","summary":"Seizure · Parrots & songbirds · San Juan","species":"birds","n_sources":1,"country":"PR","level":"city","basis":"text"}},{"type":"Feature","geometry":{"type":"Point","coordinates":[91.97,26.12]},"properties":{"id":"27cde5179d3e","kind":"seizure","date":"2026-09-26","summary":"Seizure · Musk deer · 6 pods · Sonapur","species":"musk_deer","n_sources":8,"country":"IN","level":"city","basis":"text"}},{"type":"Feature","geometry":{"type":"Point","coordinates":[72.88,19.08]},"properties":{"id":"5aed941a5d4b","kind":"arrest","date":"2026-09-26","summary":"Arrest · Leopard · Mumbai","species":"leopard","n_sources":1,"country":"IN","level":"city","basis":"text"}},{"type":"Feature","geometry":{"type":"Point","coordinates":[77.6722,27.5035]},"properties":{"id":"f5ebdd3448fc","kind":"seizure","date":"2026-09-26","summary":"Seizure · Red sanders, Sandalwood · Mathura","species":"red_sanders,sandalwood","n_sources":1,"country":"IN","level":"city","basis":"text"}},{"type":"Feature","geometry":{"type":"Point","coordinates":[-51.8122,-30.8511]},"properties":{"id":"20fb2f1a9ed5","kind":"conviction","date":"2026-09-26","summary":"Conviction · Turtles & tortoises · Camaquã","species":"turtles","n_sources":1,"country":"BR","level":"city","basis":"text"}},{"type":"Feature","geometry":{"type":"Point","coordinates":[151.7801,-32.9295]},"properties":{"id":"66663965a23e","kind":"seizure","date":"2026-09-25","summary":"Seizure · Wildlife (unspecified) · Newcastle","species":"wildlife_general","n_sources":1,"country":"AU","level":"city","basis":"text"}},{"type":"Feature","geometry":{"type":"Point","coordinates":[-48.0645,-15.9086]},"properties":{"id":"a30cef703209","kind":"seizure","date":"2026-09-25","summary":"Seizure · Parrots & songbirds · Recanto das Emas","species":"birds","n_sources":1,"country":"BR","level":"city","basis":"text"}},{"type":"Feature","geometry":{"type":"Point","coordinates":[-57.647,-25.2865]},"properties":{"id":"8cfc298e5b33","kind":"seizure","date":"2026-09-25","summary":"Seizure · Parrots & songbirds · Paraguay","species":"birds","n_sources":2,"country":"PY","level":"country","basis":"text"}},{"type":"Feature","geometry":{"type":"Point","coordinates":[86.4167,23.75]},"properties":{"id":"fe7db810fac8","kind":"arrest","date":"2026-09-24","summary":"Arrest · Sandalwood · Dhānbād","species":"sandalwood","n_sources":1,"country":"IN","level":"district","basis":"text"}},{"type":"Feature","geometry":{"type":"Point","coordinates":[46.87,-18.77]},"properties":{"id":"35e6febf7cce","kind":"seizure","date":"2026-09-24","summary":"Seizure · Turtles & tortoises · Madagascar","species":"turtles","n_sources":1,"country":"MG","level":"country","basis":"text"}},{"type":"Feature","geometry":{"type":"Point","coordinates":[22.94,-30.56]},"properties":{"id":"9d32022a43f9","kind":"arrest","date":"2026-09-24","summary":"Arrest · Rhinoceros · 98 horns · South Africa","species":"rhino","n_sources":1,"country":"ZA","level":"country","basis":"text"}},{"type":"Feature","geometry":{"type":"Point","coordinates":[18.4232,-33.9258]},"properties":{"id":"ad17a4b810aa","kind":"arrest","date":"2026-09-24","summary":"Arrest · Abalone · Cape Town","species":"abalone","n_sources":2,"country":"ZA","level":"city","basis":"text"}},{"type":"Feature","geometry":{"type":"Point","coordinates":[105.3067,-5.1131]},"properties":{"id":"149894a1699f","kind":"seizure","date":"2026-09-24","summary":"Seizure · Abalone · Metro","species":"abalone","n_sources":2,"country":"ID","level":"city","basis":"text"}},{"type":"Feature","geometry":{"type":"Point","coordinates":[78.6965,10.8155]},"properties":{"id":"429c52d34a84","kind":"seizure","date":"2026-09-24","summary":"Seizure · Sandalwood · Tiruchirappalli","species":"sandalwood","n_sources":2,"country":"IN","level":"city","basis":"text"}},{"type":"Feature","geometry":{"type":"Point","coordinates":[-47.4917,-5.5264]},"properties":{"id":"de75a04706e4","kind":"rescue","date":"2026-09-24","summary":"Rescue · Wildlife (unspecified) · Imperatriz","species":"wildlife_general","n_sources":2,"country":"BR","level":"city","basis":"text"}},{"type":"Feature","geometry":{"type":"Point","coordinates":[-48.7786,-27.6881]},"properties":{"id":"2ce5c78f99b8","kind":"conviction","date":"2026-09-24","summary":"Conviction · Turtles & tortoises · Santo Amaro da Imperatriz","species":"turtles","n_sources":1,"country":"BR","level":"city","basis":"text"}},{"type":"Feature","geometry":{"type":"Point","coordinates":[87.86,22.99]},"properties":{"id":"b4418474a61c","kind":"seizure","date":"2026-09-23","summary":"Seizure · Rhinoceros · 105 horns · West Bengal","species":"rhino","n_sources":2,"country":"IN","level":"state","basis":"text"}},{"type":"Feature","geometry":{"type":"Point","coordinates":[149.1281,-35.2835]},"properties":{"id":"3b457556a72b","kind":"seizure","date":"2026-09-23","summary":"Seizure · Wildlife (unspecified) · Australia","species":"wildlife_general","n_sources":1,"country":"AU","level":"country","basis":"text"}},{"type":"Feature","geometry":{"type":"Point","coordinates":[78.82,14.47]},"properties":{"id":"c1883e37ddd2","kind":"seizure","date":"2026-09-23","summary":"Seizure · Red sanders · 2 tonne · Kadapa","species":"red_sanders","n_sources":9,"country":"IN","level":"city","basis":"text"}},{"type":"Feature","geometry":{"type":"Point","coordinates":[78.7,10.79]},"properties":{"id":"fedca65c19c3","kind":"seizure","date":"2026-09-23","summary":"Seizure · Sandalwood · 2 skins · Tiruchirappalli","species":"sandalwood","n_sources":4,"country":"IN","level":"city","basis":"text"}},{"type":"Feature","geometry":{"type":"Point","coordinates":[78.67,22.35]},"properties":{"id":"2a1295707eac","kind":"arrest","date":"2026-09-23","summary":"Arrest · Sandalwood · India","species":"sandalwood","n_sources":1,"country":"IN","level":"country","basis":"text"}},{"type":"Feature","geometry":{"type":"Point","coordinates":[-99.1277,19.4285]},"properties":{"id":"36dd81aa9ff4","kind":"seizure","date":"2026-09-23","summary":"Seizure · Turtles & tortoises · 20 turtles · Mexico","species":"turtles","n_sources":1,"country":"MX","level":"country","basis":"text"}},{"type":"Feature","geometry":{"type":"Point","coordinates":[73.935,25.2382]},"properties":{"id":"94ce3a788d9f","kind":"conviction","date":"2026-09-23","summary":"Conviction · Pangolin · Rajsamand","species":"pangolin","n_sources":2,"country":"IN","level":"district","basis":"text"}},{"type":"Feature","geometry":{"type":"Point","coordinates":[92.6667,26.35]},"properties":{"id":"7d0c7b4c6c9e","kind":"seizure","date":"2026-09-23","summary":"Seizure · Wildlife (unspecified) · Nagaon","species":"wildlife_general","n_sources":4,"country":"IN","level":"city","basis":"text"}},{"type":"Feature","geometry":{"type":"Point","coordinates":[-46.9406,-19.5933]},"properties":{"id":"644b4cce09ce","kind":"seizure","date":"2026-09-23","summary":"Seizure · Parrots & songbirds · Araxá","species":"birds","n_sources":3,"country":"BR","level":"city","basis":"text"}},{"type":"Feature","geometry":{"type":"Point","coordinates":[-52.6183,-27.0964]},"properties":{"id":"569b97902266","kind":"seizure","date":"2026-09-23","summary":"Seizure · Wildlife (unspecified) · Chapecó","species":"wildlife_general","n_sources":2,"country":"BR","level":"city","basis":"text"}},{"type":"Feature","geometry":{"type":"Point","coordinates":[-96.9256,18.8842]},"properties":{"id":"a1636a971523","kind":"seizure","date":"2026-09-23","summary":"Seizure · Wildlife (unspecified) · Córdoba","species":"wildlife_general","n_sources":1,"country":"MX","level":"city","basis":"text"}},{"type":"Feature","geometry":{"type":"Point","coordinates":[-77.0282,-12.0432]},"properties":{"id":"8a20d9c303ae","kind":"rescue","date":"2026-09-22","summary":"Rescue · Parrots & songbirds · Peru","species":"birds","n_sources":1,"country":"PE","level":"country","basis":"text"}},{"type":"Feature","geometry":{"type":"Point","coordinates":[76.083,11.605]},"properties":{"id":"f68dfea49205","kind":"seizure","date":"2026-09-22","summary":"Seizure · Elephant (ivory) · Wayanad","species":"elephant","n_sources":5,"country":"IN","level":"district","basis":"text"}},{"type":"Feature","geometry":{"type":"Point","coordinates":[77.59,12.97]},"properties":{"id":"d124df6a689e","kind":"arrest","date":"2026-09-22","summary":"Arrest · Sandalwood · Bengaluru","species":"sandalwood","n_sources":3,"country":"IN","level":"city","basis":"text"}},{"type":"Feature","geometry":{"type":"Point","coordinates":[79.0746,12.2266]},"properties":{"id":"6f8d39b596aa","kind":"seizure","date":"2026-09-22","summary":"Seizure · Red sanders · 350 kg · Tiruvannamalai","species":"red_sanders","n_sources":1,"country":"IN","level":"city","basis":"text"}},{"type":"Feature","geometry":{"type":"Point","coordinates":[92.6667,26.35]},"properties":{"id":"fd5bb0301ba8","kind":"seizure","date":"2026-09-22","summary":"Seizure · Wildlife (unspecified) · 142 kg · Nagaon","species":"wildlife_general","n_sources":1,"country":"IN","level":"city","basis":"text"}},{"type":"Feature","geometry":{"type":"Point","coordinates":[93.1453,26.7246]},"properties":{"id":"970c09bde09f","kind":"seizure","date":"2026-09-21","summary":"Seizure · Rhinoceros · Biswanath","species":"rhino","n_sources":10,"country":"IN","level":"district","basis":"text"}},{"type":"Feature","geometry":{"type":"Point","coordinates":[73.86,18.52]},"properties":{"id":"258ece6e1381","kind":"arrest","date":"2026-09-21","summary":"Arrest · Monitor lizard · Pune","species":"monitor_lizard","n_sources":1,"country":"IN","level":"city","basis":"text"}},{"type":"Feature","geometry":{"type":"Point","coordinates":[9.4536,0.3924]},"properties":{"id":"dedd4e6f362f","kind":"seizure","date":"2026-09-21","summary":"Seizure · Elephant (ivory) · Gabon","species":"elephant","n_sources":1,"country":"GA","level":"country","basis":"text"}},{"type":"Feature","geometry":{"type":"Point","coordinates":[-49.9458,-22.2139]},"properties":{"id":"15d1077bb5fc","kind":"seizure","date":"2026-09-21","summary":"Seizure · Wildlife (unspecified) · Marília","species":"wildlife_general","n_sources":1,"country":"BR","level":"city","basis":"text"}},{"type":"Feature","geometry":{"type":"Point","coordinates":[114.59,-0.28]},"properties":{"id":"329ddcb12539","kind":"rescue","date":"2026-09-21","summary":"Rescue · Primates · Kalimantan","species":"primates","n_sources":1,"country":"ID","level":"region","basis":"text"}},{"type":"Feature","geometry":{"type":"Point","coordinates":[93.9119,26.4092]},"properties":{"id":"c79ffdfb61fe","kind":"seizure","date":"2026-09-20","summary":"Seizure · Tokay gecko · 30 geckos · Golaghat","species":"tokay_gecko","n_sources":15,"country":"IN","level":"district","basis":"text"}},{"type":"Feature","geometry":{"type":"Point","coordinates":[-61.4975,2.8958]},"properties":{"id":"2ac1f7cdaaa2","kind":"seizure","date":"2026-09-20","summary":"Seizure · Parrots & songbirds · Alto Alegre","species":"birds","n_sources":1,"country":"BR","level":"city","basis":"text"}},{"type":"Feature","geometry":{"type":"Point","coordinates":[-101.1844,19.7008]},"properties":{"id":"449869e22cb6","kind":"arrest","date":"2026-09-20","summary":"Arrest · Wildlife (unspecified) · Morelia","species":"wildlife_general","n_sources":1,"country":"MX","level":"city","basis":"text"}},{"type":"Feature","geometry":{"type":"Point","coordinates":[85.1,20.95]},"properties":{"id":"20fa6c4ba6dd","kind":"arrest","date":"2026-09-19","summary":"Arrest · Elephant (ivory) · Odisha","species":"elephant","n_sources":1,"country":"IN","level":"state","basis":"text"}},{"type":"Feature","geometry":{"type":"Point","coordinates":[-5.7442,6.9904]},"properties":{"id":"9d1a5e85b3ce","kind":"arrest","date":"2026-09-19","summary":"Arrest · Elephant (ivory) · Bouaflé","species":"elephant","n_sources":1,"country":"CI","level":"city","basis":"text"}},{"type":"Feature","geometry":{"type":"Point","coordinates":[-42.4178,-3.3614]},"properties":{"id":"1a8c4e5d43d3","kind":"seizure","date":"2026-09-19","summary":"Seizure · Parrots & songbirds · São Bernardo","species":"birds","n_sources":12,"country":"BR","level":"city","basis":"text"}},{"type":"Feature","geometry":{"type":"Point","coordinates":[-106.0889,28.6353]},"properties":{"id":"a092eb1a99df","kind":"arrest","date":"2026-09-19","summary":"Arrest · Turtles & tortoises · Chihuahua","species":"turtles","n_sources":1,"country":"MX","level":"city","basis":"text"}},{"type":"Feature","geometry":{"type":"Point","coordinates":[72.83,21.17]},"properties":{"id":"4a88229921e8","kind":"seizure","date":"2026-09-18","summary":"Seizure · Turtles & tortoises · 18 tortoises · Surat","species":"turtles","n_sources":2,"country":"IN","level":"city","basis":"text"}},{"type":"Feature","geometry":{"type":"Point","coordinates":[78.67,22.35]},"properties":{"id":"262583f990f2","kind":"seizure","date":"2026-09-18","summary":"Seizure · Primates · India","species":"primates","n_sources":2,"country":"IN","level":"country","basis":"text"}},{"type":"Feature","geometry":{"type":"Point","coordinates":[72.57,23.02]},"properties":{"id":"7f922769cd16","kind":"seizure","date":"2026-09-17","summary":"Seizure · Turtles & tortoises · Ahmedabad","species":"turtles","n_sources":1,"country":"IN","level":"city","basis":"outlet"}},{"type":"Feature","geometry":{"type":"Point","coordinates":[85.1,20.95]},"properties":{"id":"f02ca5813399","kind":"arrest","date":"2026-09-17","summary":"Arrest · Turtles & tortoises · Odisha","species":"turtles","n_sources":1,"country":"IN","level":"state","basis":"text"}},{"type":"Feature","geometry":{"type":"Point","coordinates":[7.4951,9.0579]},"properties":{"id":"123c3466bfdd","kind":"seizure","date":"2026-09-17","summary":"Seizure · Rosewood & timber · 1400 tonne · Abuja","species":"rosewood","n_sources":16,"country":"NG","level":"city","basis":"text"}},{"type":"Feature","geometry":{"type":"Point","coordinates":[-38.2147,-9.4061]},"properties":{"id":"83b377a8135b","kind":"seizure","date":"2026-09-17","summary":"Seizure · Parrots & songbirds · Paulo Afonso","species":"birds","n_sources":4,"country":"BR","level":"city","basis":"text"}},{"type":"Feature","geometry":{"type":"Point","coordinates":[-35.0183,-8.0022]},"properties":{"id":"b0b0a19c8179","kind":"rescue","date":"2026-09-17","summary":"Rescue · Parrots & songbirds · São Lourenço da Mata","species":"birds","n_sources":1,"country":"BR","level":"city","basis":"text"}},{"type":"Feature","geometry":{"type":"Point","coordinates":[-40.0722,-19.3911]},"properties":{"id":"54eec680d114","kind":"seizure","date":"2026-09-17","summary":"Seizure · Parrots & songbirds · Linhares","species":"birds","n_sources":1,"country":"BR","level":"city","basis":"text"}},{"type":"Feature","geometry":{"type":"Point","coordinates":[-74.0817,4.6097]},"properties":{"id":"c780fc170bd1","kind":"seizure","date":"2026-09-17","summary":"Seizure · Wildlife (unspecified) · Bogotá","species":"wildlife_general","n_sources":1,"country":"CO","level":"city","basis":"text"}},{"type":"Feature","geometry":{"type":"Point","coordinates":[78.67,22.35]},"properties":{"id":"9800c1d22f86","kind":"seizure","date":"2026-09-17","summary":"Seizure · Wildlife (unspecified) · India","species":"wildlife_general","n_sources":1,"country":"IN","level":"country","basis":"text"}},{"type":"Feature","geometry":{"type":"Point","coordinates":[101.69,3.14]},"properties":{"id":"90d3ead851bf","kind":"arrest","date":"2026-09-16","summary":"Arrest · Turtles & tortoises · Kuala Lumpur","species":"turtles","n_sources":1,"country":"MY","level":"city","basis":"text"}},{"type":"Feature","geometry":{"type":"Point","coordinates":[131.261,-0.8796]},"properties":{"id":"31df77731c2b","kind":"arrest","date":"2026-09-16","summary":"Arrest · Turtles & tortoises · Sorong","species":"turtles","n_sources":1,"country":"ID","level":"city","basis":"text"}},{"type":"Feature","geometry":{"type":"Point","coordinates":[112.6304,-7.9797]},"properties":{"id":"5408614510b3","kind":"arrest","date":"2026-09-16","summary":"Arrest · Turtles & tortoises · Malang","species":"turtles","n_sources":1,"country":"ID","level":"city","basis":"text"}},{"type":"Feature","geometry":{"type":"Point","coordinates":[110.0103,-7.7114]},"properties":{"id":"0f7f2779d5ee","kind":"arrest","date":"2026-09-16","summary":"Arrest · Turtles & tortoises · Purworejo","species":"turtles","n_sources":1,"country":"ID","level":"city","basis":"text"}},{"type":"Feature","geometry":{"type":"Point","coordinates":[104.2,35.86]},"properties":{"id":"aa1e17a28717","kind":"arrest","date":"2026-09-16","summary":"Arrest · Turtles & tortoises · China","species":"turtles","n_sources":1,"country":"CN","level":"country","basis":"text"}},{"type":"Feature","geometry":{"type":"Point","coordinates":[9.4536,0.3924]},"properties":{"id":"6daaa1d417b4","kind":"seizure","date":"2026-09-16","summary":"Seizure · Elephant (ivory) · Libreville","species":"elephant","n_sources":2,"country":"GA","level":"city","basis":"text"}},{"type":"Feature","geometry":{"type":"Point","coordinates":[-43.4689,-22.4539]},"properties":{"id":"76c70fb062a4","kind":"seizure","date":"2026-09-16","summary":"Seizure · Parrots & songbirds · Miguel Pereira","species":"birds","n_sources":1,"country":"BR","level":"city","basis":"text"}},{"type":"Feature","geometry":{"type":"Point","coordinates":[8.5167,12.0001]},"properties":{"id":"e366d9992556","kind":"conviction","date":"2026-09-16","summary":"Conviction · Wildlife (unspecified) · Kano","species":"wildlife_general","n_sources":1,"country":"NG","level":"city","basis":"text"}},{"type":"Feature","geometry":{"type":"Point","coordinates":[115.3502,-2.9823]},"properties":{"id":"462b166cf0b4","kind":"arrest","date":"2026-09-15","summary":"Arrest · Turtles & tortoises · Belimbing","species":"turtles","n_sources":3,"country":"ID","level":"city","basis":"text"}},{"type":"Feature","geometry":{"type":"Point","coordinates":[119.4319,-5.1486]},"properties":{"id":"fdff665b3141","kind":"arrest","date":"2026-09-15","summary":"Arrest · Turtles & tortoises · Makassar","species":"turtles","n_sources":18,"country":"ID","level":"city","basis":"text"}},{"type":"Feature","geometry":{"type":"Point","coordinates":[-53.6063,-28.644]},"properties":{"id":"42c9b640b15d","kind":"rescue","date":"2026-09-15","summary":"Rescue · Parrots & songbirds · Cruz Alta","species":"birds","n_sources":2,"country":"BR","level":"city","basis":"text"}},{"type":"Feature","geometry":{"type":"Point","coordinates":[-48.7333,-5.5378]},"properties":{"id":"c0211ccff2cc","kind":"seizure","date":"2026-09-15","summary":"Seizure · Rosewood & timber · São Domingos do Araguaia","species":"rosewood","n_sources":4,"country":"BR","level":"city","basis":"text"}},{"type":"Feature","geometry":{"type":"Point","coordinates":[87.5196,21.6278]},"properties":{"id":"912a6be42942","kind":"seizure","date":"2026-09-14","summary":"Seizure · Primates · Digha","species":"primates","n_sources":1,"country":"IN","level":"city","basis":"text"}},{"type":"Feature","geometry":{"type":"Point","coordinates":[85.28,23.61]},"properties":{"id":"f720ab255ab9","kind":"seizure","date":"2026-09-14","summary":"Seizure · Primates · Jharkhand","species":"primates","n_sources":1,"country":"IN","level":"state","basis":"text"}},{"type":"Feature","geometry":{"type":"Point","coordinates":[130.6,-0.5]},"properties":{"id":"1b4641eec6b6","kind":"seizure","date":"2026-09-14","summary":"Seizure · Turtles & tortoises · Raja Ampat","species":"turtles","n_sources":34,"country":"ID","level":"region","basis":"text"}},{"type":"Feature","geometry":{"type":"Point","coordinates":[-103.3475,20.6774]},"properties":{"id":"ea5886ff462e","kind":"rescue","date":"2026-09-14","summary":"Rescue · Turtles & tortoises · Guadalajara","species":"turtles","n_sources":1,"country":"MX","level":"city","basis":"text"}},{"type":"Feature","geometry":{"type":"Point","coordinates":[108.2207,-7.3274]},"properties":{"id":"e873eaa90d55","kind":"arrest","date":"2026-09-14","summary":"Arrest · Primates · Tasikmalaya","species":"primates","n_sources":1,"country":"ID","level":"city","basis":"text"}},{"type":"Feature","geometry":{"type":"Point","coordinates":[78.67,22.35]},"properties":{"id":"e8add7a1fe77","kind":"seizure","date":"2026-09-14","summary":"Seizure · Sandalwood · 200 kg · India","species":"sandalwood","n_sources":1,"country":"IN","level":"country","basis":"text"}},{"type":"Feature","geometry":{"type":"Point","coordinates":[74.4733,24.4134]},"properties":{"id":"d6bcf64a323f","kind":"seizure","date":"2026-09-14","summary":"Seizure · Sandalwood · Bari Sādri","species":"sandalwood","n_sources":3,"country":"IN","level":"city","basis":"text"}},{"type":"Feature","geometry":{"type":"Point","coordinates":[81.95,18.25]},"properties":{"id":"ba78fb309412","kind":"seizure","date":"2026-09-13","summary":"Seizure · Pangolin · 352 scales · Malkangiri","species":"pangolin","n_sources":9,"country":"IN","level":"district","basis":"text"}},{"type":"Feature","geometry":{"type":"Point","coordinates":[2.3488,48.8534]},"properties":{"id":"5c2b96107f6a","kind":"seizure","date":"2026-09-13","summary":"Seizure · Turtles & tortoises · France","species":"turtles","n_sources":1,"country":"FR","level":"country","basis":"text"}},{"type":"Feature","geometry":{"type":"Point","coordinates":[83.8869,26.7413]},"properties":{"id":"7b818ffea6dc","kind":"arrest","date":"2026-09-13","summary":"Arrest · Sandalwood · Kushinagar","species":"sandalwood","n_sources":1,"country":"IN","level":"city","basis":"text"}},{"type":"Feature","geometry":{"type":"Point","coordinates":[85.3708,23.3313]},"properties":{"id":"a453459d8c02","kind":"seizure","date":"2026-09-12","summary":"Seizure · Turtles & tortoises · Rānchī","species":"turtles","n_sources":1,"country":"IN","level":"district","basis":"text"}},{"type":"Feature","geometry":{"type":"Point","coordinates":[87.5196,21.6278]},"properties":{"id":"4ca690784cf1","kind":"seizure","date":"2026-09-12","summary":"Seizure · Primates · Digha","species":"primates","n_sources":1,"country":"IN","level":"city","basis":"text"}},{"type":"Feature","geometry":{"type":"Point","coordinates":[-80.6572,-5.1819]},"properties":{"id":"926605a76fcb","kind":"seizure","date":"2026-09-12","summary":"Seizure · Wildlife (unspecified) · Piura","species":"wildlife_general","n_sources":2,"country":"PE","level":"city","basis":"text"}},{"type":"Feature","geometry":{"type":"Point","coordinates":[87.734,22.6624]},"properties":{"id":"4c0221b46dd3","kind":"seizure","date":"2026-09-12","summary":"Seizure · Sandalwood · Ghātāl","species":"sandalwood","n_sources":1,"country":"IN","level":"city","basis":"text"}},{"type":"Feature","geometry":{"type":"Point","coordinates":[100.08,20.35]},"properties":{"id":"fb03d2dff21e","kind":"seizure","date":"2026-09-11","summary":"Seizure · Wildlife (unspecified) · Golden Triangle","species":"wildlife_general","n_sources":1,"country":"LA","level":"region","basis":"text"}},{"type":"Feature","geometry":{"type":"Point","coordinates":[114.59,-0.28]},"properties":{"id":"aac12945efc9","kind":"conviction","date":"2026-09-11","summary":"Conviction · Elephant (ivory) · Kalimantan","species":"elephant","n_sources":1,"country":"ID","level":"region","basis":"text"}},{"type":"Feature","geometry":{"type":"Point","coordinates":[-43.3561,-4.8589]},"properties":{"id":"8940e93f30c4","kind":"rescue","date":"2026-09-11","summary":"Rescue · Parrots & songbirds · Caxias","species":"birds","n_sources":2,"country":"BR","level":"city","basis":"text"}},{"type":"Feature","geometry":{"type":"Point","coordinates":[-74.0817,4.6097]},"properties":{"id":"88dfdd3afa7e","kind":"rescue","date":"2026-09-11","summary":"Rescue · Turtles & tortoises · Bogotá","species":"turtles","n_sources":1,"country":"CO","level":"city","basis":"text"}},{"type":"Feature","geometry":{"type":"Point","coordinates":[-66.0526,-11.0103]},"properties":{"id":"5c2e8745632e","kind":"seizure","date":"2026-09-11","summary":"Seizure · Wildlife (unspecified) · Riberalta","species":"wildlife_general","n_sources":1,"country":"BO","level":"city","basis":"text"}},{"type":"Feature","geometry":{"type":"Point","coordinates":[73.7664,18.7185]},"properties":{"id":"df33183e55ca","kind":"arrest","date":"2026-09-11","summary":"Arrest · Sandalwood · Dehu","species":"sandalwood","n_sources":1,"country":"IN","level":"city","basis":"text"}},{"type":"Feature","geometry":{"type":"Point","coordinates":[92.94,23.16]},"properties":{"id":"24053f285e17","kind":"seizure","date":"2026-09-10","summary":"Seizure · Wildlife (unspecified) · Mizoram","species":"wildlife_general","n_sources":1,"country":"IN","level":"state","basis":"text"}},{"type":"Feature","geometry":{"type":"Point","coordinates":[103.82,1.35]},"properties":{"id":"00f5498cd755","kind":"conviction","date":"2026-09-10","summary":"Conviction · Elephant (ivory) · Singapore","species":"elephant","n_sources":4,"country":"SG","level":"country","basis":"text"}},{"type":"Feature","geometry":{"type":"Point","coordinates":[103.82,1.35]},"properties":{"id":"849145a85e67","kind":"conviction","date":"2026-09-10","summary":"Conviction · Elephant (ivory) · Singapore","species":"elephant","n_sources":1,"country":"SG","level":"country","basis":"text"}},{"type":"Feature","geometry":{"type":"Point","coordinates":[90.36,23.68]},"properties":{"id":"34bed7aa8d11","kind":"rescue","date":"2026-09-10","summary":"Rescue · Parrots & songbirds · 103 parakeets · Bangladesh","species":"birds","n_sources":1,"country":"BD","level":"country","basis":"text"}},{"type":"Feature","geometry":{"type":"Point","coordinates":[81.8795,24.4038]},"properties":{"id":"177b3e8bc4af","kind":"arrest","date":"2026-09-10","summary":"Arrest · Leopard, Turtles & tortoises · Sidhi","species":"leopard,turtles","n_sources":1,"country":"IN","level":"city","basis":"text"}},{"type":"Feature","geometry":{"type":"Point","coordinates":[85.1,20.95]},"properties":{"id":"1841529c6d49","kind":"seizure","date":"2026-09-10","summary":"Seizure · Primates · Odisha","species":"primates","n_sources":1,"country":"IN","level":"state","basis":"outlet"}},{"type":"Feature","geometry":{"type":"Point","coordinates":[92.94,26.2]},"properties":{"id":"d59728460bdb","kind":"seizure","date":"2026-09-10","summary":"Seizure · Wildlife (unspecified) · Assam","species":"wildlife_general","n_sources":1,"country":"IN","level":"state","basis":"text"}},{"type":"Feature","geometry":{"type":"Point","coordinates":[77.3546,11.1154]},"properties":{"id":"e4390ffa6eca","kind":"arrest","date":"2026-09-09","summary":"Arrest · Elephant (ivory) · Tiruppur","species":"elephant","n_sources":3,"country":"IN","level":"city","basis":"text"}},{"type":"Feature","geometry":{"type":"Point","coordinates":[100.5,13.76]},"properties":{"id":"a687444fdb7b","kind":"seizure","date":"2026-09-09","summary":"Seizure · Hornbills, Primates · Bangkok","species":"hornbill,primates","n_sources":3,"country":"TH","level":"city","basis":"text"}},{"type":"Feature","geometry":{"type":"Point","coordinates":[46.87,-18.77]},"properties":{"id":"d536ff827a3a","kind":"seizure","date":"2026-09-09","summary":"Seizure · Turtles & tortoises · Madagascar","species":"turtles","n_sources":1,"country":"MG","level":"country","basis":"text"}},{"type":"Feature","geometry":{"type":"Point","coordinates":[-40.2925,-20.3297]},"properties":{"id":"9cc38636836d","kind":"seizure","date":"2026-09-09","summary":"Seizure · Parrots & songbirds · Vila Velha","species":"birds","n_sources":2,"country":"BR","level":"city","basis":"text"}},{"type":"Feature","geometry":{"type":"Point","coordinates":[-66.1057,18.4663]},"properties":{"id":"d939f5ea5778","kind":"seizure","date":"2026-09-09","summary":"Seizure · Parrots & songbirds · San Juan","species":"birds","n_sources":1,"country":"PR","level":"city","basis":"text"}},{"type":"Feature","geometry":{"type":"Point","coordinates":[75.0918,14.3814]},"properties":{"id":"353fb627c8f3","kind":"arrest","date":"2026-09-09","summary":"Arrest · Sandalwood · Sorab","species":"sandalwood","n_sources":1,"country":"IN","level":"city","basis":"text"}},{"type":"Feature","geometry":{"type":"Point","coordinates":[86.9335,21.4927]},"properties":{"id":"50e2766eb233","kind":"seizure","date":"2026-09-08","summary":"Seizure · Primates · Balasore","species":"primates","n_sources":68,"country":"IN","level":"city","basis":"text"}},{"type":"Feature","geometry":{"type":"Point","coordinates":[82.5,20.6]},"properties":{"id":"79baf9a0b601","kind":"seizure","date":"2026-09-08","summary":"Seizure · Leopard · 2 skins · Nuapada","species":"leopard","n_sources":15,"country":"IN","level":"district","basis":"text"}},{"type":"Feature","geometry":{"type":"Point","coordinates":[71.19,22.26]},"properties":{"id":"d36338c0ca13","kind":"seizure","date":"2026-09-08","summary":"Seizure · Leopard · Gujarat","species":"leopard","n_sources":2,"country":"IN","level":"state","basis":"text"}},{"type":"Feature","geometry":{"type":"Point","coordinates":[-88.1821,13.4826]},"properties":{"id":"80378a06668d","kind":"seizure","date":"2026-09-08","summary":"Seizure · Turtles & tortoises · San Miguel","species":"turtles","n_sources":3,"country":"SV","level":"city","basis":"text"}},{"type":"Feature","geometry":{"type":"Point","coordinates":[71.8,23.7]},"properties":{"id":"0c40e8672f24","kind":"arrest","date":"2026-09-08","summary":"Arrest · Sandalwood · Patan","species":"sandalwood","n_sources":1,"country":"IN","level":"district","basis":"text"}},{"type":"Feature","geometry":{"type":"Point","coordinates":[35.26,-14.48]},"properties":{"id":"f568f8352fa5","kind":"arrest","date":"2026-09-07","summary":"Arrest · Elephant (ivory) · Mangochi","species":"elephant","n_sources":2,"country":"MW","level":"city","basis":"text"}},{"type":"Feature","geometry":{"type":"Point","coordinates":[76.9667,9.85]},"properties":{"id":"6e8a8d6ee24d","kind":"arrest","date":"2026-09-07","summary":"Arrest · Elephant (ivory) · Idukki","species":"elephant","n_sources":1,"country":"IN","level":"city","basis":"text"}},{"type":"Feature","geometry":{"type":"Point","coordinates":[99.8325,19.9086]},"properties":{"id":"d36fa7acdf40","kind":"seizure","date":"2026-09-07","summary":"Seizure · Rosewood & timber · 109 logs · Chiang Rai","species":"rosewood","n_sources":1,"country":"TH","level":"city","basis":"text"}},{"type":"Feature","geometry":{"type":"Point","coordinates":[81.8734,24.6672]},"properties":{"id":"9b18115f19e3","kind":"arrest","date":"2026-09-06","summary":"Arrest · Wildlife (unspecified) · Mauganj","species":"wildlife_general","n_sources":1,"country":"IN","level":"city","basis":"text"}},{"type":"Feature","geometry":{"type":"Point","coordinates":[77.59,12.97]},"properties":{"id":"a969d059309e","kind":"seizure","date":"2026-09-05","summary":"Seizure · Leopard, Pangolin, Tiger, Tokay gecko, Turtles & tortoises · 12 geckos · Bengaluru","species":"leopard,pangolin,tiger,tokay_gecko,turtles","n_sources":20,"country":"IN","level":"city","basis":"text"}},{"type":"Feature","geometry":{"type":"Point","coordinates":[81.3619,23.2936]},"properties":{"id":"52fd05f92132","kind":"arrest","date":"2026-09-05","summary":"Arrest · Tiger · Shahdol","species":"tiger","n_sources":1,"country":"IN","level":"city","basis":"text"}},{"type":"Feature","geometry":{"type":"Point","coordinates":[75.0918,14.3814]},"properties":{"id":"87fa54aada29","kind":"seizure","date":"2026-09-05","summary":"Seizure · Musk deer · Sorab","species":"musk_deer","n_sources":1,"country":"IN","level":"city","basis":"text"}},{"type":"Feature","geometry":{"type":"Point","coordinates":[79.99,14.44]},"properties":{"id":"72f9ebe1dce2","kind":"seizure","date":"2026-09-04","summary":"Seizure · Red sanders, Sandalwood · 20 logs · Nellore","species":"red_sanders,sandalwood","n_sources":3,"country":"IN","level":"city","basis":"text"}},{"type":"Feature","geometry":{"type":"Point","coordinates":[11.15,2.9]},"properties":{"id":"495fdecef89b","kind":"conviction","date":"2026-09-04","summary":"Conviction · Elephant (ivory) · Ébolowa","species":"elephant","n_sources":1,"country":"CM","level":"city","basis":"text"}},{"type":"Feature","geometry":{"type":"Point","coordinates":[-48.6275,-27.6153]},"properties":{"id":"849663a2a527","kind":"seizure","date":"2026-09-04","summary":"Seizure · Rosewood & timber · São José","species":"rosewood","n_sources":1,"country":"BR","level":"city","basis":"text"}},{"type":"Feature","geometry":{"type":"Point","coordinates":[73.3837,25.5835]},"properties":{"id":"d92d02bf4658","kind":"arrest","date":"2026-09-03","summary":"Arrest · Wildlife (unspecified) · Pali","species":"wildlife_general","n_sources":1,"country":"IN","level":"district","basis":"text"}},{"type":"Feature","geometry":{"type":"Point","coordinates":[83.8869,26.7413]},"properties":{"id":"de9db9b69f27","kind":"arrest","date":"2026-09-03","summary":"Arrest · Parrots & songbirds · Kushinagar","species":"birds","n_sources":1,"country":"IN","level":"city","basis":"text"}},{"type":"Feature","geometry":{"type":"Point","coordinates":[25.9086,-24.6545]},"properties":{"id":"6c2dcbfa575d","kind":"seizure","date":"2026-09-03","summary":"Seizure · Pangolin · Botswana","species":"pangolin","n_sources":1,"country":"BW","level":"country","basis":"text"}},{"type":"Feature","geometry":{"type":"Point","coordinates":[108.28,14.06]},"properties":{"id":"cc9b47c1b241","kind":"seizure","date":"2026-09-03","summary":"Seizure · Elephant (ivory) · 1.2 tons · Vietnam","species":"elephant","n_sources":1,"country":"VN","level":"country","basis":"text"}},{"type":"Feature","geometry":{"type":"Point","coordinates":[84.2,18.91]},"properties":{"id":"7c2edb84ce53","kind":"seizure","date":"2026-09-03","summary":"Seizure · Sandalwood · 105 kg · Gajapati","species":"sandalwood","n_sources":3,"country":"IN","level":"district","basis":"text"}},{"type":"Feature","geometry":{"type":"Point","coordinates":[79.5286,29.2225]},"properties":{"id":"42c20b134c70","kind":"arrest","date":"2026-09-03","summary":"Arrest · Sandalwood · Haldwani","species":"sandalwood","n_sources":3,"country":"IN","level":"city","basis":"text"}},{"type":"Feature","geometry":{"type":"Point","coordinates":[36.5372,-14.8031]},"properties":{"id":"ba6cbd60ac05","kind":"seizure","date":"2026-09-02","summary":"Seizure · Elephant (ivory), Pangolin · Cuamba","species":"elephant,pangolin","n_sources":1,"country":"MZ","level":"city","basis":"text"}},{"type":"Feature","geometry":{"type":"Point","coordinates":[78.67,22.35]},"properties":{"id":"cd474874ff08","kind":"arrest","date":"2026-09-01","summary":"Arrest · Pangolin · India","species":"pangolin","n_sources":1,"country":"IN","level":"country","basis":"text"}},{"type":"Feature","geometry":{"type":"Point","coordinates":[76.27,31.46]},"properties":{"id":"5c160960fe73","kind":"arrest","date":"2026-09-01","summary":"Arrest · Turtles & tortoises · Una","species":"turtles","n_sources":1,"country":"IN","level":"city","basis":"text"}},{"type":"Feature","geometry":{"type":"Point","coordinates":[17.0832,-22.5594]},"properties":{"id":"90de4de096d3","kind":"seizure","date":"2026-09-01","summary":"Seizure · Abalone · Namibia","species":"abalone","n_sources":2,"country":"NA","level":"country","basis":"text"}},{"type":"Feature","geometry":{"type":"Point","coordinates":[76.3201,32.2201]},"properties":{"id":"c69b0c6e888d","kind":"arrest","date":"2026-08-31","summary":"Arrest · Turtles & tortoises · Dharamsala","species":"turtles","n_sources":1,"country":"IN","level":"city","basis":"text"}},{"type":"Feature","geometry":{"type":"Point","coordinates":[-48.0267,-15.8397]},"properties":{"id":"109cd30ac223","kind":"seizure","date":"2026-08-31","summary":"Seizure · Parrots & songbirds · Águas Claras","species":"birds","n_sources":2,"country":"BR","level":"city","basis":"text"}},{"type":"Feature","geometry":{"type":"Point","coordinates":[-38.491,-12.9756]},"properties":{"id":"0ed8265377ca","kind":"rescue","date":"2026-08-31","summary":"Rescue · Parrots & songbirds · Salvador","species":"birds","n_sources":1,"country":"BR","level":"city","basis":"text"}},{"type":"Feature","geometry":{"type":"Point","coordinates":[29.42,-23.4]},"properties":{"id":"81e1ba4bfaf3","kind":"arrest","date":"2026-08-30","summary":"Arrest · Pangolin · Limpopo","species":"pangolin","n_sources":4,"country":"ZA","level":"state","basis":"text"}},{"type":"Feature","geometry":{"type":"Point","coordinates":[-84.0849,9.9339]},"properties":{"id":"b27b51a30406","kind":"seizure","date":"2026-08-30","summary":"Seizure · Wildlife (unspecified) · Costa Rica","species":"wildlife_general","n_sources":1,"country":"CR","level":"country","basis":"text"}},{"type":"Feature","geometry":{"type":"Point","coordinates":[78.8214,10.3813]},"properties":{"id":"fa905202ee09","kind":"arrest","date":"2026-08-29","summary":"Arrest · Monitor lizard · Pudukkottai","species":"monitor_lizard","n_sources":2,"country":"IN","level":"city","basis":"text"}},{"type":"Feature","geometry":{"type":"Point","coordinates":[25.9086,-24.6545]},"properties":{"id":"2c361c4b5adb","kind":"arrest","date":"2026-08-29","summary":"Arrest · Pangolin · Botswana","species":"pangolin","n_sources":1,"country":"BW","level":"country","basis":"text"}},{"type":"Feature","geometry":{"type":"Point","coordinates":[81.4918,20.2719]},"properties":{"id":"d2b5a415883b","kind":"seizure","date":"2026-08-29","summary":"Seizure · Pangolin · Kānker","species":"pangolin","n_sources":1,"country":"IN","level":"city","basis":"text"}},{"type":"Feature","geometry":{"type":"Point","coordinates":[-52.4067,-28.2628]},"properties":{"id":"ef4ea56fa7d8","kind":"rescue","date":"2026-08-29","summary":"Rescue · Parrots & songbirds · Passo Fundo","species":"birds","n_sources":1,"country":"BR","level":"city","basis":"text"}},{"type":"Feature","geometry":{"type":"Point","coordinates":[86.1855,22.8028]},"properties":{"id":"20db2f7d62c3","kind":"arrest","date":"2026-08-29","summary":"Arrest · Sandalwood · Jamshedpur","species":"sandalwood","n_sources":1,"country":"IN","level":"city","basis":"text"}},{"type":"Feature","geometry":{"type":"Point","coordinates":[25.9086,-24.6545]},"properties":{"id":"8510d66ad722","kind":"arrest","date":"2026-08-29","summary":"Arrest · Pangolin · Botswana","species":"pangolin","n_sources":1,"country":"BW","level":"country","basis":"text"}},{"type":"Feature","geometry":{"type":"Point","coordinates":[81.87,21.28]},"properties":{"id":"694398508595","kind":"seizure","date":"2026-08-28","summary":"Seizure · Tiger · Chhattisgarh","species":"tiger","n_sources":2,"country":"IN","level":"state","basis":"text"}},{"type":"Feature","geometry":{"type":"Point","coordinates":[77.3021,12.0874]},"properties":{"id":"0097982baf54","kind":"seizure","date":"2026-08-28","summary":"Seizure · Pangolin · Hanūr","species":"pangolin","n_sources":1,"country":"IN","level":"city","basis":"text"}},{"type":"Feature","geometry":{"type":"Point","coordinates":[73.8635,18.7606]},"properties":{"id":"29fba182737a","kind":"arrest","date":"2026-08-28","summary":"Arrest · Monitor lizard · Chākan","species":"monitor_lizard","n_sources":1,"country":"IN","level":"city","basis":"text"}},{"type":"Feature","geometry":{"type":"Point","coordinates":[8.5167,12.0001]},"properties":{"id":"9ff185a50c58","kind":"seizure","date":"2026-08-28","summary":"Seizure · Primates · Kano","species":"primates","n_sources":1,"country":"NG","level":"city","basis":"text"}},{"type":"Feature","geometry":{"type":"Point","coordinates":[-54.6464,-20.4428]},"properties":{"id":"8eadbd0a81fb","kind":"seizure","date":"2026-08-28","summary":"Seizure · Wildlife (unspecified) · Campo Grande","species":"wildlife_general","n_sources":1,"country":"BR","level":"city","basis":"text"}},{"type":"Feature","geometry":{"type":"Point","coordinates":[114.15,-8.3667]},"properties":{"id":"27953a7cc7f1","kind":"arrest","date":"2026-08-28","summary":"Arrest · Pangolin · Genteng","species":"pangolin","n_sources":1,"country":"ID","level":"city","basis":"text"}},{"type":"Feature","geometry":{"type":"Point","coordinates":[113.92,-0.79]},"properties":{"id":"bf65ad933bd3","kind":"seizure","date":"2026-08-27","summary":"Seizure · Pangolin · Indonesia","species":"pangolin","n_sources":1,"country":"ID","level":"country","basis":"text"}},{"type":"Feature","geometry":{"type":"Point","coordinates":[81.87,21.28]},"properties":{"id":"73938a976378","kind":"arrest","date":"2026-08-27","summary":"Arrest · Monitor lizard · Chhattisgarh","species":"monitor_lizard","n_sources":1,"country":"IN","level":"state","basis":"text"}},{"type":"Feature","geometry":{"type":"Point","coordinates":[78.67,22.35]},"properties":{"id":"8af70a535b32","kind":"seizure","date":"2026-08-27","summary":"Seizure · Turtles & tortoises · India","species":"turtles","n_sources":1,"country":"IN","level":"country","basis":"text"}},{"type":"Feature","geometry":{"type":"Point","coordinates":[78.67,22.35]},"properties":{"id":"ff4d629d2103","kind":"seizure","date":"2026-08-27","summary":"Seizure · Leopard · India","species":"leopard","n_sources":1,"country":"IN","level":"country","basis":"text"}},{"type":"Feature","geometry":{"type":"Point","coordinates":[78.0167,27.1833]},"properties":{"id":"43c313088957","kind":"arrest","date":"2026-08-27","summary":"Arrest · Owls · Agra","species":"owl","n_sources":1,"country":"IN","level":"city","basis":"text"}},{"type":"Feature","geometry":{"type":"Point","coordinates":[109.325,-0.0319]},"properties":{"id":"b0020dca9260","kind":"arrest","date":"2026-08-27","summary":"Arrest · Pangolin · 3 ton · Pontianak","species":"pangolin","n_sources":1,"country":"ID","level":"city","basis":"text"}},{"type":"Feature","geometry":{"type":"Point","coordinates":[-110.3132,24.1423]},"properties":{"id":"6774353051b8","kind":"seizure","date":"2026-08-27","summary":"Seizure · Jaguar · La Paz","species":"jaguar","n_sources":1,"country":"MX","level":"city","basis":"text"}},{"type":"Feature","geometry":{"type":"Point","coordinates":[22.94,-30.56]},"properties":{"id":"043f3fe108d5","kind":"seizure","date":"2026-08-27","summary":"Seizure · Wildlife (unspecified) · South Africa","species":"wildlife_general","n_sources":2,"country":"ZA","level":"country","basis":"text"}},{"type":"Feature","geometry":{"type":"Point","coordinates":[17.0832,-22.5594]},"properties":{"id":"742bb8feb8c2","kind":"seizure","date":"2026-08-27","summary":"Seizure · Rhinoceros · Namibia","species":"rhino","n_sources":1,"country":"NA","level":"country","basis":"text"}},{"type":"Feature","geometry":{"type":"Point","coordinates":[17.0832,-22.5594]},"properties":{"id":"ac2fff6f491d","kind":"seizure","date":"2026-08-27","summary":"Seizure · Wildlife (unspecified) · Namibia","species":"wildlife_general","n_sources":1,"country":"NA","level":"country","basis":"text"}},{"type":"Feature","geometry":{"type":"Point","coordinates":[103.82,1.35]},"properties":{"id":"9791f97231b9","kind":"arrest","date":"2026-08-26","summary":"Arrest · Pangolin · Singapore","species":"pangolin","n_sources":1,"country":"SG","level":"country","basis":"text"}},{"type":"Feature","geometry":{"type":"Point","coordinates":[-68.15,-16.5]},"properties":{"id":"3cdb8ebbdbe8","kind":"seizure","date":"2026-08-26","summary":"Seizure · Jaguar · La Paz","species":"jaguar","n_sources":1,"country":"BO","level":"city","basis":"text"}},{"type":"Feature","geometry":{"type":"Point","coordinates":[122.0171,11.7403]},"properties":{"id":"2377a37a7330","kind":"seizure","date":"2026-08-25","summary":"Seizure · Wildlife (unspecified) · Patria","species":"wildlife_general","n_sources":1,"country":"PH","level":"city","basis":"text"}},{"type":"Feature","geometry":{"type":"Point","coordinates":[-104.6091,38.2544]},"properties":{"id":"b697a9a74498","kind":"seizure","date":"2026-08-25","summary":"Seizure · Wildlife (unspecified) · Pueblo","species":"wildlife_general","n_sources":1,"country":"US","level":"city","basis":"text"}},{"type":"Feature","geometry":{"type":"Point","coordinates":[83.5555,25.6241]},"properties":{"id":"8a76656a3fd6","kind":"arrest","date":"2026-08-25","summary":"Arrest · Sandalwood · Ghazipur","species":"sandalwood","n_sources":12,"country":"IN","level":"district","basis":"text"}},{"type":"Feature","geometry":{"type":"Point","coordinates":[80.6198,17.5546]},"properties":{"id":"fe354cd25193","kind":"arrest","date":"2026-08-24","summary":"Arrest · Leopard · 17 claws · Bhadradri Kothagudem","species":"leopard","n_sources":4,"country":"IN","level":"district","basis":"text"}},{"type":"Feature","geometry":{"type":"Point","coordinates":[82.5,20.6]},"properties":{"id":"4a3eeb399e57","kind":"arrest","date":"2026-08-24","summary":"Arrest · Pangolin · Nuapada","species":"pangolin","n_sources":1,"country":"IN","level":"district","basis":"text"}},{"type":"Feature","geometry":{"type":"Point","coordinates":[78.67,22.35]},"properties":{"id":"5641330d79f7","kind":"arrest","date":"2026-08-24","summary":"Arrest · Pangolin · India","species":"pangolin","n_sources":1,"country":"IN","level":"country","basis":"text"}},{"type":"Feature","geometry":{"type":"Point","coordinates":[79.1325,12.9184]},"properties":{"id":"db84ce63523d","kind":"arrest","date":"2026-08-24","summary":"Arrest · Sandalwood · Vellore","species":"sandalwood","n_sources":1,"country":"IN","level":"city","basis":"text"}},{"type":"Feature","geometry":{"type":"Point","coordinates":[110.6064,-7.7058]},"properties":{"id":"749e5dea5242","kind":"seizure","date":"2026-08-23","summary":"Seizure · Wildlife (unspecified) · Klaten","species":"wildlife_general","n_sources":1,"country":"ID","level":"city","basis":"text"}},{"type":"Feature","geometry":{"type":"Point","coordinates":[17.0832,-22.5594]},"properties":{"id":"517182c4858a","kind":"seizure","date":"2026-08-22","summary":"Seizure · Wildlife (unspecified) · Namibia","species":"wildlife_general","n_sources":1,"country":"NA","level":"country","basis":"text"}},{"type":"Feature","geometry":{"type":"Point","coordinates":[93.17,26.58]},"properties":{"id":"faee9c7e7ec3","kind":"seizure","date":"2026-08-21","summary":"Seizure · Tokay gecko · 1 live · Kaziranga","species":"tokay_gecko","n_sources":1,"country":"IN","level":"park","basis":"text"}},{"type":"Feature","geometry":{"type":"Point","coordinates":[-40.7219,-20.8378]},"properties":{"id":"aec1029b88e3","kind":"seizure","date":"2026-08-21","summary":"Seizure · Sharks, rays & sea cucumbers · Piúma","species":"shark_ray","n_sources":1,"country":"BR","level":"city","basis":"text"}},{"type":"Feature","geometry":{"type":"Point","coordinates":[-40.8394,-14.8661]},"properties":{"id":"04a10203eddb","kind":"seizure","date":"2026-08-21","summary":"Seizure · Wildlife (unspecified) · Vitória da Conquista","species":"wildlife_general","n_sources":2,"country":"BR","level":"city","basis":"text"}},{"type":"Feature","geometry":{"type":"Point","coordinates":[79.42,13.63]},"properties":{"id":"147441db97a9","kind":"seizure","date":"2026-08-20","summary":"Seizure · Red sanders · Tirupati","species":"red_sanders","n_sources":2,"country":"IN","level":"city","basis":"text"}},{"type":"Feature","geometry":{"type":"Point","coordinates":[-43.0178,-21.175]},"properties":{"id":"81ec9c32ea87","kind":"rescue","date":"2026-08-20","summary":"Rescue · Wildlife (unspecified) · Tocantins","species":"wildlife_general","n_sources":3,"country":"BR","level":"city","basis":"text"}},{"type":"Feature","geometry":{"type":"Point","coordinates":[80.95,26.85]},"properties":{"id":"a39745673b2b","kind":"seizure","date":"2026-08-19","summary":"Seizure · Elephant (ivory) · Lucknow","species":"elephant","n_sources":6,"country":"IN","level":"city","basis":"text"}},{"type":"Feature","geometry":{"type":"Point","coordinates":[-36.8461,-9.0458]},"properties":{"id":"02e84ae2075d","kind":"rescue","date":"2026-08-19","summary":"Rescue · Wildlife (unspecified) · Iati","species":"wildlife_general","n_sources":5,"country":"BR","level":"city","basis":"text"}},{"type":"Feature","geometry":{"type":"Point","coordinates":[114.5907,-3.3199]},"properties":{"id":"ab295050f449","kind":"seizure","date":"2026-08-19","summary":"Seizure · Pangolin · 64 kg · Banjarmasin","species":"pangolin","n_sources":1,"country":"ID","level":"city","basis":"text"}},{"type":"Feature","geometry":{"type":"Point","coordinates":[77.21,28.61]},"properties":{"id":"20a00f60fc51","kind":"seizure","date":"2026-08-17","summary":"Seizure · Leopard · Delhi","species":"leopard","n_sources":2,"country":"IN","level":"city","basis":"text"}},{"type":"Feature","geometry":{"type":"Point","coordinates":[-121.4944,38.5816]},"properties":{"id":"1ff4df3d7550","kind":"seizure","date":"2026-08-17","summary":"Seizure · Wildlife (unspecified) · Sacramento","species":"wildlife_general","n_sources":1,"country":"US","level":"city","basis":"text"}},{"type":"Feature","geometry":{"type":"Point","coordinates":[106.66,-6.13]},"properties":{"id":"c654014b90a3","kind":"arrest","date":"2026-08-17","summary":"Arrest · Monitor lizard · Soekarno-Hatta","species":"monitor_lizard","n_sources":1,"country":"ID","level":"airport","basis":"text"}},{"type":"Feature","geometry":{"type":"Point","coordinates":[108.28,14.06]},"properties":{"id":"4d5d173efcb5","kind":"seizure","date":"2026-08-14","summary":"Seizure · Elephant (ivory) · 2 tonnes · Vietnam","species":"elephant","n_sources":1,"country":"VN","level":"country","basis":"text"}},{"type":"Feature","geometry":{"type":"Point","coordinates":[77.21,28.61]},"properties":{"id":"6cb4fbb1e5b5","kind":"arrest","date":"2026-08-13","summary":"Arrest · Wildlife (unspecified) · Delhi","species":"wildlife_general","n_sources":1,"country":"IN","level":"city","basis":"text"}},{"type":"Feature","geometry":{"type":"Point","coordinates":[108.28,14.06]},"properties":{"id":"a41f1e837556","kind":"seizure","date":"2026-08-13","summary":"Seizure · Elephant (ivory) · 1.1 tons · Vietnam","species":"elephant","n_sources":1,"country":"VN","level":"country","basis":"text"}},{"type":"Feature","geometry":{"type":"Point","coordinates":[-38.5431,-3.7172]},"properties":{"id":"dd6aa9720b9d","kind":"seizure","date":"2026-08-10","summary":"Seizure · Wildlife (unspecified) · Fortaleza","species":"wildlife_general","n_sources":1,"country":"BR","level":"city","basis":"text"}},{"type":"Feature","geometry":{"type":"Point","coordinates":[92.94,26.2]},"properties":{"id":"f6af6b118c53","kind":"seizure","date":"2026-08-08","summary":"Seizure · Elephant (ivory) · 2 tusks · Assam","species":"elephant","n_sources":2,"country":"IN","level":"state","basis":"text"}},{"type":"Feature","geometry":{"type":"Point","coordinates":[-38.491,-12.9756]},"properties":{"id":"55d72797bc1e","kind":"rescue","date":"2026-08-07","summary":"Rescue · Primates · Salvador","species":"primates","n_sources":1,"country":"BR","level":"city","basis":"text"}},{"type":"Feature","geometry":{"type":"Point","coordinates":[-40.3078,-20.1286]},"properties":{"id":"a16506731bf9","kind":"seizure","date":"2026-08-07","summary":"Seizure · Parrots & songbirds · Serra","species":"birds","n_sources":1,"country":"BR","level":"city","basis":"text"}},{"type":"Feature","geometry":{"type":"Point","coordinates":[-105.2211,39.7555]},"properties":{"id":"638790fa0b66","kind":"seizure","date":"2026-08-07","summary":"Seizure · Primates · Golden","species":"primates","n_sources":1,"country":"US","level":"city","basis":"text"}},{"type":"Feature","geometry":{"type":"Point","coordinates":[91.97,26.12]},"properties":{"id":"fc5980c88a39","kind":"arrest","date":"2026-08-06","summary":"Arrest · Monitor lizard · Sonapur","species":"monitor_lizard","n_sources":1,"country":"IN","level":"city","basis":"text"}},{"type":"Feature","geometry":{"type":"Point","coordinates":[-60.529,-31.7327]},"properties":{"id":"0c18d02e7889","kind":"rescue","date":"2026-08-06","summary":"Rescue · Parrots & songbirds, Turtles & tortoises · Paraná","species":"birds,turtles","n_sources":1,"country":"AR","level":"city","basis":"text"}},{"type":"Feature","geometry":{"type":"Point","coordinates":[91.89,25.58]},"properties":{"id":"d525d20394a8","kind":"seizure","date":"2026-08-05","summary":"Seizure · Elephant (ivory), Pangolin · Shillong","species":"elephant,pangolin","n_sources":1,"country":"IN","level":"city","basis":"text"}},{"type":"Feature","geometry":{"type":"Point","coordinates":[90.36,23.68]},"properties":{"id":"364afffe65e7","kind":"seizure","date":"2026-08-05","summary":"Seizure · Wildlife (unspecified) · Bangladesh","species":"wildlife_general","n_sources":1,"country":"BD","level":"country","basis":"text"}},{"type":"Feature","geometry":{"type":"Point","coordinates":[8.68,9.08]},"properties":{"id":"35f62b561767","kind":"seizure","date":"2026-08-05","summary":"Seizure · Elephant (ivory), Pangolin · Nigeria","species":"elephant,pangolin","n_sources":1,"country":"NG","level":"country","basis":"text"}},{"type":"Feature","geometry":{"type":"Point","coordinates":[94.56,26.16]},"properties":{"id":"77a319e1f584","kind":"seizure","date":"2026-08-04","summary":"Seizure · Elephant (ivory), Pangolin · Nagaland","species":"elephant,pangolin","n_sources":2,"country":"IN","level":"state","basis":"text"}},{"type":"Feature","geometry":{"type":"Point","coordinates":[85.4673,24.0097]},"properties":{"id":"2fab8dd38751","kind":"arrest","date":"2026-08-04","summary":"Arrest · Elephant (ivory) · 9.5 kg · Meru","species":"elephant","n_sources":1,"country":"IN","level":"city","basis":"text"}},{"type":"Feature","geometry":{"type":"Point","coordinates":[91.88,25.9]},"properties":{"id":"ff0e909b05db","kind":"seizure","date":"2026-08-04","summary":"Seizure · Wildlife (unspecified) · Ri-Bhoi","species":"wildlife_general","n_sources":1,"country":"IN","level":"district","basis":"text"}},{"type":"Feature","geometry":{"type":"Point","coordinates":[-41.7767,-2.9047]},"properties":{"id":"6604037d9d52","kind":"rescue","date":"2026-08-04","summary":"Rescue · Parrots & songbirds · Parnaíba","species":"birds","n_sources":2,"country":"BR","level":"city","basis":"text"}},{"type":"Feature","geometry":{"type":"Point","coordinates":[151.2073,-33.8678]},"properties":{"id":"8c7869b2a0ac","kind":"seizure","date":"2026-08-02","summary":"Seizure · Wildlife (unspecified) · Sydney","species":"wildlife_general","n_sources":1,"country":"AU","level":"city","basis":"text"}},{"type":"Feature","geometry":{"type":"Point","coordinates":[-54.8056,-22.2211]},"properties":{"id":"4c57b9f79670","kind":"seizure","date":"2026-08-02","summary":"Seizure · Primates, Rosewood & timber · Dourados","species":"primates,rosewood","n_sources":1,"country":"BR","level":"city","basis":"text"}},{"type":"Feature","geometry":{"type":"Point","coordinates":[-74.0817,4.6097]},"properties":{"id":"1f515bf4d996","kind":"seizure","date":"2026-08-02","summary":"Seizure · Turtles & tortoises · Bogotá","species":"turtles","n_sources":1,"country":"CO","level":"city","basis":"text"}},{"type":"Feature","geometry":{"type":"Point","coordinates":[100.3543,-0.9492]},"properties":{"id":"e3121194f35f","kind":"seizure","date":"2026-07-31","summary":"Seizure · Hornbills, Pangolin · Padang","species":"hornbill,pangolin","n_sources":4,"country":"ID","level":"city","basis":"text"}},{"type":"Feature","geometry":{"type":"Point","coordinates":[79.6705,13.0845]},"properties":{"id":"5000cf277849","kind":"seizure","date":"2026-07-30","summary":"Seizure · Red sanders · Arakkonam","species":"red_sanders","n_sources":1,"country":"IN","level":"city","basis":"text"}},{"type":"Feature","geometry":{"type":"Point","coordinates":[76.64,11.46]},"properties":{"id":"c172f3d8fdd3","kind":"arrest","date":"2026-07-30","summary":"Arrest · Elephant (ivory) · Nilgiris","species":"elephant","n_sources":1,"country":"IN","level":"district","basis":"text"}},{"type":"Feature","geometry":{"type":"Point","coordinates":[8.68,9.08]},"properties":{"id":"fcd6c0867123","kind":"seizure","date":"2026-07-30","summary":"Seizure · Wildlife (unspecified) · Nigeria","species":"wildlife_general","n_sources":1,"country":"NG","level":"country","basis":"text"}},{"type":"Feature","geometry":{"type":"Point","coordinates":[-40.42,-20.2639]},"properties":{"id":"d18a72e3bb27","kind":"seizure","date":"2026-07-30","summary":"Seizure · Wildlife (unspecified) · Cariacica","species":"wildlife_general","n_sources":1,"country":"BR","level":"city","basis":"text"}},{"type":"Feature","geometry":{"type":"Point","coordinates":[110.4208,-6.9931]},"properties":{"id":"a728b3b8cb5c","kind":"seizure","date":"2026-07-29","summary":"Seizure · Pangolin · 3 live · Semarang","species":"pangolin","n_sources":1,"country":"ID","level":"city","basis":"text"}},{"type":"Feature","geometry":{"type":"Point","coordinates":[140.7181,-2.5337]},"properties":{"id":"31766e0084bb","kind":"seizure","date":"2026-07-29","summary":"Seizure · Wildlife (unspecified) · Jayapura","species":"wildlife_general","n_sources":2,"country":"ID","level":"city","basis":"text"}},{"type":"Feature","geometry":{"type":"Point","coordinates":[106.85,-6.21]},"properties":{"id":"ca250bc83b95","kind":"seizure","date":"2026-07-28","summary":"Seizure · Pangolin · 3 live · Jakarta","species":"pangolin","n_sources":2,"country":"ID","level":"city","basis":"text"}},{"type":"Feature","geometry":{"type":"Point","coordinates":[74.9896,12.4984]},"properties":{"id":"a6d2d60bf053","kind":"arrest","date":"2026-07-28","summary":"Arrest · Elephant (ivory), Sandalwood · Kāsaragod","species":"elephant,sandalwood","n_sources":1,"country":"IN","level":"city","basis":"text"}},{"type":"Feature","geometry":{"type":"Point","coordinates":[81.87,21.28]},"properties":{"id":"b5cd47c06f91","kind":"seizure","date":"2026-07-28","summary":"Seizure · Tiger · Chhattisgarh","species":"tiger","n_sources":1,"country":"IN","level":"state","basis":"text"}},{"type":"Feature","geometry":{"type":"Point","coordinates":[-48.1043,-15.8823]},"properties":{"id":"4eac275a75a5","kind":"rescue","date":"2026-07-28","summary":"Rescue · Parrots & songbirds · Samambaia","species":"birds","n_sources":2,"country":"BR","level":"city","basis":"text"}},{"type":"Feature","geometry":{"type":"Point","coordinates":[-68.8458,-32.8895]},"properties":{"id":"4e74441d3574","kind":"rescue","date":"2026-07-28","summary":"Rescue · Parrots & songbirds · Mendoza","species":"birds","n_sources":1,"country":"AR","level":"city","basis":"text"}},{"type":"Feature","geometry":{"type":"Point","coordinates":[101.4433,3.0367]},"properties":{"id":"6cff21e1ac75","kind":"seizure","date":"2026-07-27","summary":"Seizure · Sharks, rays & sea cucumbers · Klang","species":"shark_ray","n_sources":1,"country":"MY","level":"city","basis":"text"}},{"type":"Feature","geometry":{"type":"Point","coordinates":[-84.0849,9.9339]},"properties":{"id":"7f873f4b02fc","kind":"seizure","date":"2026-07-27","summary":"Seizure · Wildlife (unspecified) · Costa Rica","species":"wildlife_general","n_sources":1,"country":"CR","level":"country","basis":"text"}},{"type":"Feature","geometry":{"type":"Point","coordinates":[-47.8569,-23.3556]},"properties":{"id":"e0873ca37606","kind":"rescue","date":"2026-07-27","summary":"Rescue · Wildlife (unspecified) · Tatuí","species":"wildlife_general","n_sources":1,"country":"BR","level":"city","basis":"text"}},{"type":"Feature","geometry":{"type":"Point","coordinates":[122.0171,11.7403]},"properties":{"id":"498c9e55e715","kind":"seizure","date":"2026-07-27","summary":"Seizure · Rosewood & timber · Patria","species":"rosewood","n_sources":1,"country":"PH","level":"city","basis":"text"}},{"type":"Feature","geometry":{"type":"Point","coordinates":[73.86,18.52]},"properties":{"id":"6fe16d5f27e0","kind":"arrest","date":"2026-07-24","summary":"Arrest · Sand boa · Pune","species":"sand_boa","n_sources":1,"country":"IN","level":"city","basis":"text"}},{"type":"Feature","geometry":{"type":"Point","coordinates":[113.92,-0.79]},"properties":{"id":"562439a2d85c","kind":"seizure","date":"2026-07-24","summary":"Seizure · Pangolin · Indonesia","species":"pangolin","n_sources":1,"country":"ID","level":"country","basis":"text"}},{"type":"Feature","geometry":{"type":"Point","coordinates":[77.21,28.61]},"properties":{"id":"880c02e7d8da","kind":"seizure","date":"2026-07-24","summary":"Seizure · Leopard · 10 skins · Delhi","species":"leopard","n_sources":2,"country":"IN","level":"city","basis":"text"}},{"type":"Feature","geometry":{"type":"Point","coordinates":[30.6365,-29.8129]},"properties":{"id":"8668604e3a97","kind":"seizure","date":"2026-07-24","summary":"Seizure · Rhinoceros · Mpumalanga","species":"rhino","n_sources":1,"country":"ZA","level":"city","basis":"text"}},{"type":"Feature","geometry":{"type":"Point","coordinates":[88.36,22.57]},"properties":{"id":"d1d5ae324544","kind":"seizure","date":"2026-07-23","summary":"Seizure · Turtles & tortoises · 707 turtles · Kolkata","species":"turtles","n_sources":1,"country":"IN","level":"city","basis":"text"}},{"type":"Feature","geometry":{"type":"Point","coordinates":[114.17,22.32]},"properties":{"id":"6c804a1785e1","kind":"seizure","date":"2026-07-23","summary":"Seizure · Turtles & tortoises · Hong Kong","species":"turtles","n_sources":1,"country":"HK","level":"city","basis":"text"}},{"type":"Feature","geometry":{"type":"Point","coordinates":[-101.6099,19.5132]},"properties":{"id":"b7b7f8c4ca73","kind":"rescue","date":"2026-07-22","summary":"Rescue · Parrots & songbirds · Pátzcuaro","species":"birds","n_sources":1,"country":"MX","level":"city","basis":"text"}},{"type":"Feature","geometry":{"type":"Point","coordinates":[-74.0817,4.6097]},"properties":{"id":"81c55402425f","kind":"seizure","date":"2026-07-22","summary":"Seizure · Wildlife (unspecified) · Colombia","species":"wildlife_general","n_sources":1,"country":"CO","level":"country","basis":"text"}},{"type":"Feature","geometry":{"type":"Point","coordinates":[-118.2437,34.0522]},"properties":{"id":"8cc880fa604f","kind":"seizure","date":"2026-07-21","summary":"Seizure · Monitor lizard · Los Angeles","species":"monitor_lizard","n_sources":1,"country":"US","level":"city","basis":"text"}},{"type":"Feature","geometry":{"type":"Point","coordinates":[80.3349,25.4776]},"properties":{"id":"e2a9c82ac5fd","kind":"arrest","date":"2026-07-20","summary":"Arrest · Elephant (ivory) · 8.9 kilograms · Bānda","species":"elephant","n_sources":1,"country":"IN","level":"city","basis":"text"}},{"type":"Feature","geometry":{"type":"Point","coordinates":[77.6246,30.4367]},"properties":{"id":"0d9b23ba53b8","kind":"seizure","date":"2026-07-18","summary":"Seizure · Monitor lizard · 4 lizards · Pāonta Sāhib","species":"monitor_lizard","n_sources":2,"country":"IN","level":"city","basis":"text"}},{"type":"Feature","geometry":{"type":"Point","coordinates":[92.94,26.2]},"properties":{"id":"2e3622319027","kind":"arrest","date":"2026-07-18","summary":"Arrest · Pangolin · Assam","species":"pangolin","n_sources":1,"country":"IN","level":"state","basis":"text"}},{"type":"Feature","geometry":{"type":"Point","coordinates":[77.21,28.61]},"properties":{"id":"64e4208014f1","kind":"seizure","date":"2026-07-16","summary":"Seizure · Red sanders · 365 kg · Delhi","species":"red_sanders","n_sources":2,"country":"IN","level":"city","basis":"text"}},{"type":"Feature","geometry":{"type":"Point","coordinates":[118.1179,5.8402]},"properties":{"id":"2aa91773b2dd","kind":"seizure","date":"2026-07-16","summary":"Seizure · Pangolin · Sandakan","species":"pangolin","n_sources":2,"country":"MY","level":"city","basis":"text"}},{"type":"Feature","geometry":{"type":"Point","coordinates":[-50.1403,-15.9344]},"properties":{"id":"908fcb5129b8","kind":"arrest","date":"2026-07-15","summary":"Arrest · Wildlife (unspecified) · Goiás","species":"wildlife_general","n_sources":2,"country":"BR","level":"city","basis":"text"}},{"type":"Feature","geometry":{"type":"Point","coordinates":[78.67,22.35]},"properties":{"id":"44a0863b2d29","kind":"seizure","date":"2026-07-15","summary":"Seizure · Wildlife (unspecified) · India","species":"wildlife_general","n_sources":1,"country":"IN","level":"country","basis":"text"}},{"type":"Feature","geometry":{"type":"Point","coordinates":[74.4667,27.7]},"properties":{"id":"e3b507d09489","kind":"seizure","date":"2026-07-14","summary":"Seizure · Elephant (ivory) · 15 kg · Sūjāngarh","species":"elephant","n_sources":1,"country":"IN","level":"city","basis":"text"}},{"type":"Feature","geometry":{"type":"Point","coordinates":[79.42,13.63]},"properties":{"id":"fb4019bb4d51","kind":"seizure","date":"2026-07-14","summary":"Seizure · Red sanders · 11 logs · Tirupati","species":"red_sanders","n_sources":7,"country":"IN","level":"city","basis":"text"}},{"type":"Feature","geometry":{"type":"Point","coordinates":[85.0,24.75]},"properties":{"id":"c0e778f401d0","kind":"arrest","date":"2026-07-13","summary":"Arrest · Pangolin · 19 kg · Gayā","species":"pangolin","n_sources":1,"country":"IN","level":"district","basis":"text"}},{"type":"Feature","geometry":{"type":"Point","coordinates":[-35.2094,-5.795]},"properties":{"id":"98502745bc7a","kind":"seizure","date":"2026-07-13","summary":"Seizure · Wildlife (unspecified) · Natal","species":"wildlife_general","n_sources":1,"country":"BR","level":"city","basis":"text"}},{"type":"Feature","geometry":{"type":"Point","coordinates":[101.98,4.21]},"properties":{"id":"91e1d4e37edb","kind":"seizure","date":"2026-07-11","summary":"Seizure · Wildlife (unspecified) · Malaysia","species":"wildlife_general","n_sources":1,"country":"MY","level":"country","basis":"text"}},{"type":"Feature","geometry":{"type":"Point","coordinates":[-43.3503,-21.7642]},"properties":{"id":"0bff38221d39","kind":"rescue","date":"2026-07-11","summary":"Rescue · Parrots & songbirds · Juiz de Fora","species":"birds","n_sources":1,"country":"BR","level":"city","basis":"text"}},{"type":"Feature","geometry":{"type":"Point","coordinates":[74.6952,28.3447]},"properties":{"id":"884524d516bc","kind":"seizure","date":"2026-07-10","summary":"Seizure · Elephant (ivory) · Churu","species":"elephant","n_sources":1,"country":"IN","level":"district","basis":"text"}},{"type":"Feature","geometry":{"type":"Point","coordinates":[8.5167,12.0001]},"properties":{"id":"933488da3498","kind":"seizure","date":"2026-07-10","summary":"Seizure · Primates · Kano","species":"primates","n_sources":1,"country":"NG","level":"city","basis":"text"}},{"type":"Feature","geometry":{"type":"Point","coordinates":[72.87,19.09]},"properties":{"id":"63b736c70568","kind":"seizure","date":"2026-07-09","summary":"Seizure · Wildlife (unspecified) · Chhatrapati Shivaji","species":"wildlife_general","n_sources":17,"country":"IN","level":"airport","basis":"text"}},{"type":"Feature","geometry":{"type":"Point","coordinates":[46.87,-18.77]},"properties":{"id":"c97c8565fc3c","kind":"seizure","date":"2026-07-09","summary":"Seizure · Wildlife (unspecified) · Madagascar","species":"wildlife_general","n_sources":1,"country":"MG","level":"country","basis":"text"}},{"type":"Feature","geometry":{"type":"Point","coordinates":[100.5,13.76]},"properties":{"id":"b481ab5fc5d7","kind":"seizure","date":"2026-07-09","summary":"Seizure · Wildlife (unspecified) · Bangkok","species":"wildlife_general","n_sources":3,"country":"TH","level":"city","basis":"text"}},{"type":"Feature","geometry":{"type":"Point","coordinates":[114.59,-0.28]},"properties":{"id":"835e9029c35a","kind":"seizure","date":"2026-07-09","summary":"Seizure · Wildlife (unspecified) · Kalimantan","species":"wildlife_general","n_sources":1,"country":"ID","level":"region","basis":"text"}},{"type":"Feature","geometry":{"type":"Point","coordinates":[73.86,18.52]},"properties":{"id":"b8ed59d788a0","kind":"seizure","date":"2026-07-09","summary":"Seizure · Leopard · 15 claws · Pune","species":"leopard","n_sources":1,"country":"IN","level":"city","basis":"text"}},{"type":"Feature","geometry":{"type":"Point","coordinates":[121.77,12.88]},"properties":{"id":"c83573b97712","kind":"arrest","date":"2026-07-08","summary":"Arrest · Hornbills · Philippines","species":"hornbill","n_sources":1,"country":"PH","level":"country","basis":"outlet"}},{"type":"Feature","geometry":{"type":"Point","coordinates":[90.2729,26.4011]},"properties":{"id":"d38856372bac","kind":"arrest","date":"2026-07-06","summary":"Arrest · Monitor lizard · Kokrajhar","species":"monitor_lizard","n_sources":1,"country":"IN","level":"city","basis":"text"}},{"type":"Feature","geometry":{"type":"Point","coordinates":[-43.1036,-22.8833]},"properties":{"id":"b44d0845a8a4","kind":"seizure","date":"2026-07-06","summary":"Seizure · Wildlife (unspecified) · Niterói","species":"wildlife_general","n_sources":8,"country":"BR","level":"city","basis":"text"}},{"type":"Feature","geometry":{"type":"Point","coordinates":[-75.4933,10.3982]},"properties":{"id":"bb1638a9d447","kind":"seizure","date":"2026-07-06","summary":"Seizure · Wildlife (unspecified) · Cartagena","species":"wildlife_general","n_sources":1,"country":"CO","level":"city","basis":"text"}},{"type":"Feature","geometry":{"type":"Point","coordinates":[113.92,-0.79]},"properties":{"id":"8830fa403ba2","kind":"arrest","date":"2026-07-03","summary":"Arrest · Wildlife (unspecified) · Indonesia","species":"wildlife_general","n_sources":4,"country":"ID","level":"country","basis":"outlet"}},{"type":"Feature","geometry":{"type":"Point","coordinates":[81.9296,19.2031]},"properties":{"id":"8e4405984b0b","kind":"seizure","date":"2026-07-02","summary":"Seizure · Tiger · 3 skins · Bastar","species":"tiger","n_sources":4,"country":"IN","level":"city","basis":"text"}},{"type":"Feature","geometry":{"type":"Point","coordinates":[-42.8019,-5.0892]},"properties":{"id":"851196d484e7","kind":"arrest","date":"2026-07-02","summary":"Arrest · Wildlife (unspecified) · Teresina","species":"wildlife_general","n_sources":1,"country":"BR","level":"city","basis":"text"}},{"type":"Feature","geometry":{"type":"Point","coordinates":[-43.3503,-21.7642]},"properties":{"id":"3488640a5c65","kind":"seizure","date":"2026-07-01","summary":"Seizure · Parrots & songbirds · Juiz de Fora","species":"birds","n_sources":4,"country":"BR","level":"city","basis":"text"}},{"type":"Feature","geometry":{"type":"Point","coordinates":[-43.5525,-21.4567]},"properties":{"id":"239b7e4b2c10","kind":"seizure","date":"2026-07-01","summary":"Seizure · Wildlife (unspecified) · Santos Dumont","species":"wildlife_general","n_sources":1,"country":"BR","level":"city","basis":"text"}},{"type":"Feature","geometry":{"type":"Point","coordinates":[114.17,22.32]},"properties":{"id":"2a2c3b09a40f","kind":"seizure","date":"2026-06-30","summary":"Seizure · Totoaba (swim bladder) · Hong Kong","species":"totoaba","n_sources":1,"country":"HK","level":"city","basis":"text"}},{"type":"Feature","geometry":{"type":"Point","coordinates":[91.97,26.12]},"properties":{"id":"3b18178d55af","kind":"seizure","date":"2026-06-29","summary":"Seizure · Rhinoceros · 920 g · Sonapur","species":"rhino","n_sources":2,"country":"IN","level":"city","basis":"text"}},{"type":"Feature","geometry":{"type":"Point","coordinates":[-103.7127,19.2447]},"properties":{"id":"eda946482d04","kind":"seizure","date":"2026-06-29","summary":"Seizure · Turtles & tortoises · Colima","species":"turtles","n_sources":2,"country":"MX","level":"city","basis":"text"}},{"type":"Feature","geometry":{"type":"Point","coordinates":[95.668,27.2848]},"properties":{"id":"732090abe0ac","kind":"arrest","date":"2026-06-28","summary":"Arrest · Hornbills · Margherita","species":"hornbill","n_sources":2,"country":"IN","level":"city","basis":"text"}},{"type":"Feature","geometry":{"type":"Point","coordinates":[-84.0849,9.9339]},"properties":{"id":"34b94d002165","kind":"seizure","date":"2026-06-28","summary":"Seizure · Wildlife (unspecified) · Costa Rica","species":"wildlife_general","n_sources":1,"country":"CR","level":"country","basis":"text"}},{"type":"Feature","geometry":{"type":"Point","coordinates":[22.94,-30.56]},"properties":{"id":"6d3ec018cdd3","kind":"arrest","date":"2026-06-27","summary":"Arrest · Elephant (ivory) · South Africa","species":"elephant","n_sources":1,"country":"ZA","level":"country","basis":"text"}},{"type":"Feature","geometry":{"type":"Point","coordinates":[34.3,-13.25]},"properties":{"id":"8228dbdab2da","kind":"arrest","date":"2026-06-27","summary":"Arrest · Elephant (ivory) · Malawi","species":"elephant","n_sources":1,"country":"MW","level":"country","basis":"text"}},{"type":"Feature","geometry":{"type":"Point","coordinates":[79.09,21.15]},"properties":{"id":"11be888f42df","kind":"seizure","date":"2026-06-26","summary":"Seizure · Turtles & tortoises · Nagpur","species":"turtles","n_sources":1,"country":"IN","level":"city","basis":"text"}},{"type":"Feature","geometry":{"type":"Point","coordinates":[84.0,18.5]},"properties":{"id":"5e268904589b","kind":"seizure","date":"2026-06-26","summary":"Seizure · Wildlife (unspecified) · Srīkākulam","species":"wildlife_general","n_sources":3,"country":"IN","level":"district","basis":"text"}},{"type":"Feature","geometry":{"type":"Point","coordinates":[34.3,-13.25]},"properties":{"id":"7a6584e99566","kind":"seizure","date":"2026-06-26","summary":"Seizure · Elephant (ivory) · 781 tusks · Malawi","species":"elephant","n_sources":1,"country":"MW","level":"country","basis":"text"}},{"type":"Feature","geometry":{"type":"Point","coordinates":[73.1355,19.2437]},"properties":{"id":"006c06ea4c5e","kind":"seizure","date":"2026-06-26","summary":"Seizure · Red sanders · Kalyān","species":"red_sanders","n_sources":2,"country":"IN","level":"city","basis":"text"}},{"type":"Feature","geometry":{"type":"Point","coordinates":[79.09,21.15]},"properties":{"id":"d557934ed74e","kind":"seizure","date":"2026-06-26","summary":"Seizure · Wildlife (unspecified) · Nagpur","species":"wildlife_general","n_sources":2,"country":"IN","level":"city","basis":"text"}},{"type":"Feature","geometry":{"type":"Point","coordinates":[77.6081,14.6778]},"properties":{"id":"1d63e06fc27a","kind":"seizure","date":"2026-06-25","summary":"Seizure · Red sanders · 108 logs · Anantapur","species":"red_sanders","n_sources":3,"country":"IN","level":"city","basis":"text"}},{"type":"Feature","geometry":{"type":"Point","coordinates":[85.1,20.95]},"properties":{"id":"8f685eb33865","kind":"seizure","date":"2026-06-25","summary":"Seizure · Turtles & tortoises · 300 turtles · Odisha","species":"turtles","n_sources":3,"country":"IN","level":"state","basis":"text"}},{"type":"Feature","geometry":{"type":"Point","coordinates":[46.87,-18.77]},"properties":{"id":"7efe0873736c","kind":"seizure","date":"2026-06-25","summary":"Seizure · Wildlife (unspecified) · Madagascar","species":"wildlife_general","n_sources":1,"country":"MG","level":"country","basis":"text"}},{"type":"Feature","geometry":{"type":"Point","coordinates":[104.2,35.86]},"properties":{"id":"bd5b6d668ebf","kind":"seizure","date":"2026-06-25","summary":"Seizure · Wildlife (unspecified) · China","species":"wildlife_general","n_sources":2,"country":"CN","level":"country","basis":"text"}},{"type":"Feature","geometry":{"type":"Point","coordinates":[72.88,19.08]},"properties":{"id":"4c6e58347add","kind":"arrest","date":"2026-06-24","summary":"Arrest · Elephant (ivory) · Mumbai","species":"elephant","n_sources":1,"country":"IN","level":"city","basis":"text"}},{"type":"Feature","geometry":{"type":"Point","coordinates":[18.4232,-33.9258]},"properties":{"id":"cc23e2a40f6f","kind":"seizure","date":"2026-06-24","summary":"Seizure · Abalone · Cape Town","species":"abalone","n_sources":2,"country":"ZA","level":"city","basis":"text"}},{"type":"Feature","geometry":{"type":"Point","coordinates":[-40.3078,-20.1286]},"properties":{"id":"5ee4e53aeb6d","kind":"rescue","date":"2026-06-24","summary":"Rescue · Parrots & songbirds · Serra","species":"birds","n_sources":1,"country":"BR","level":"city","basis":"text"}},{"type":"Feature","geometry":{"type":"Point","coordinates":[78.67,22.35]},"properties":{"id":"c948550b4bb8","kind":"seizure","date":"2026-06-24","summary":"Seizure · Hornbills · India","species":"hornbill","n_sources":1,"country":"IN","level":"country","basis":"text"}},{"type":"Feature","geometry":{"type":"Point","coordinates":[-43.9378,-19.9208]},"properties":{"id":"06e65e8b2ac1","kind":"seizure","date":"2026-06-23","summary":"Seizure · Wildlife (unspecified) · Belo Horizonte","species":"wildlife_general","n_sources":1,"country":"BR","level":"city","basis":"text"}},{"type":"Feature","geometry":{"type":"Point","coordinates":[102.2922,-0.37]},"properties":{"id":"702f1e85caec","kind":"arrest","date":"2026-06-22","summary":"Arrest · Turtles & tortoises · 126 gram · Air Molek","species":"turtles","n_sources":1,"country":"ID","level":"city","basis":"text"}},{"type":"Feature","geometry":{"type":"Point","coordinates":[82.55,19.2333]},"properties":{"id":"daba4e9f0606","kind":"seizure","date":"2026-06-20","summary":"Seizure · Tiger · Nabarangpur","species":"tiger","n_sources":1,"country":"IN","level":"district","basis":"text"}},{"type":"Feature","geometry":{"type":"Point","coordinates":[90.4907,26.5253]},"properties":{"id":"54004b559dc0","kind":"seizure","date":"2026-06-20","summary":"Seizure · Primates · Chirang","species":"primates","n_sources":4,"country":"IN","level":"district","basis":"text"}},{"type":"Feature","geometry":{"type":"Point","coordinates":[102.5,19.86]},"properties":{"id":"8b84d8c26b3a","kind":"seizure","date":"2026-06-20","summary":"Seizure · Wildlife (unspecified) · Laos","species":"wildlife_general","n_sources":1,"country":"LA","level":"country","basis":"text"}},{"type":"Feature","geometry":{"type":"Point","coordinates":[92.94,26.2]},"properties":{"id":"5aac4cea962f","kind":"seizure","date":"2026-06-20","summary":"Seizure · Wildlife (unspecified) · Assam","species":"wildlife_general","n_sources":1,"country":"IN","level":"state","basis":"text"}},{"type":"Feature","geometry":{"type":"Point","coordinates":[117.8508,5.586]},"properties":{"id":"db175472a45e","kind":"seizure","date":"2026-06-20","summary":"Seizure · Elephant (ivory), Pangolin · 10 live · Kinabatangan","species":"elephant,pangolin","n_sources":3,"country":"MY","level":"city","basis":"text"}},{"type":"Feature","geometry":{"type":"Point","coordinates":[115.19,-8.4]},"properties":{"id":"6a9ef75cbc91","kind":"arrest","date":"2026-06-19","summary":"Arrest · Turtles & tortoises · Bali","species":"turtles","n_sources":3,"country":"ID","level":"region","basis":"text"}},{"type":"Feature","geometry":{"type":"Point","coordinates":[75.8039,22.703]},"properties":{"id":"e7ee56423e1e","kind":"seizure","date":"2026-06-18","summary":"Seizure · Rhinoceros · Bānk","species":"rhino","n_sources":1,"country":"IN","level":"city","basis":"text"}},{"type":"Feature","geometry":{"type":"Point","coordinates":[-60.529,-31.7327]},"properties":{"id":"124ada4a5445","kind":"seizure","date":"2026-06-18","summary":"Seizure · Parrots & songbirds · Paraná","species":"birds","n_sources":1,"country":"AR","level":"city","basis":"text"}},{"type":"Feature","geometry":{"type":"Point","coordinates":[75.7382,12.426]},"properties":{"id":"dd4652a14c50","kind":"arrest","date":"2026-06-17","summary":"Arrest · Turtles & tortoises · Madikeri","species":"turtles","n_sources":1,"country":"IN","level":"city","basis":"text"}},{"type":"Feature","geometry":{"type":"Point","coordinates":[92.94,26.2]},"properties":{"id":"17b397116714","kind":"seizure","date":"2026-06-17","summary":"Seizure · Elephant (ivory) · Assam","species":"elephant","n_sources":2,"country":"IN","level":"state","basis":"text"}},{"type":"Feature","geometry":{"type":"Point","coordinates":[-47.22,-22.8583]},"properties":{"id":"9e808a5c347c","kind":"seizure","date":"2026-06-17","summary":"Seizure · Wildlife (unspecified) · Hortolândia","species":"wildlife_general","n_sources":4,"country":"BR","level":"city","basis":"text"}},{"type":"Feature","geometry":{"type":"Point","coordinates":[-60.025,-3.1019]},"properties":{"id":"7ce3ecedcb1d","kind":"seizure","date":"2026-06-17","summary":"Seizure · Wildlife (unspecified) · Manaus","species":"wildlife_general","n_sources":1,"country":"BR","level":"city","basis":"text"}},{"type":"Feature","geometry":{"type":"Point","coordinates":[-118.343,46.0646]},"properties":{"id":"8add6645fdfd","kind":"conviction","date":"2026-06-16","summary":"Conviction · Wildlife (unspecified) · Walla Walla","species":"wildlife_general","n_sources":1,"country":"US","level":"city","basis":"text"}},{"type":"Feature","geometry":{"type":"Point","coordinates":[113.92,-0.79]},"properties":{"id":"eb4ea5c77d4e","kind":"arrest","date":"2026-06-16","summary":"Arrest · Pangolin · Indonesia","species":"pangolin","n_sources":1,"country":"ID","level":"country","basis":"text"}},{"type":"Feature","geometry":{"type":"Point","coordinates":[120.98,14.6]},"properties":{"id":"b816e2cbc841","kind":"seizure","date":"2026-06-15","summary":"Seizure · Wildlife (unspecified) · Manila","species":"wildlife_general","n_sources":1,"country":"PH","level":"city","basis":"text"}},{"type":"Feature","geometry":{"type":"Point","coordinates":[121.77,12.88]},"properties":{"id":"6882d917bde8","kind":"seizure","date":"2026-06-14","summary":"Seizure · Turtles & tortoises · Philippines","species":"turtles","n_sources":1,"country":"PH","level":"country","basis":"outlet"}},{"type":"Feature","geometry":{"type":"Point","coordinates":[120.98,14.6]},"properties":{"id":"9aca2f99b67c","kind":"seizure","date":"2026-06-14","summary":"Seizure · Turtles & tortoises · Manila","species":"turtles","n_sources":1,"country":"PH","level":"city","basis":"text"}},{"type":"Feature","geometry":{"type":"Point","coordinates":[90.36,23.68]},"properties":{"id":"0f79e9514c66","kind":"seizure","date":"2026-06-14","summary":"Seizure · Wildlife (unspecified) · Bangladesh","species":"wildlife_general","n_sources":1,"country":"BD","level":"country","basis":"text"}},{"type":"Feature","geometry":{"type":"Point","coordinates":[74.86,12.91]},"properties":{"id":"d19d4fb6d718","kind":"seizure","date":"2026-06-13","summary":"Seizure · Elephant (ivory) · 42.7 kg · Mangaluru","species":"elephant","n_sources":1,"country":"IN","level":"city","basis":"text"}},{"type":"Feature","geometry":{"type":"Point","coordinates":[34.3,-13.25]},"properties":{"id":"690b8e30882c","kind":"seizure","date":"2026-06-12","summary":"Seizure · Wildlife (unspecified) · Malawi","species":"wildlife_general","n_sources":1,"country":"MW","level":"country","basis":"text"}},{"type":"Feature","geometry":{"type":"Point","coordinates":[82.9318,27.0843]},"properties":{"id":"f7a0be869418","kind":"seizure","date":"2026-06-12","summary":"Seizure · Wildlife (unspecified) · Dubai","species":"wildlife_general","n_sources":1,"country":"IN","level":"city","basis":"text"}},{"type":"Feature","geometry":{"type":"Point","coordinates":[-79.8862,-2.1962]},"properties":{"id":"7c76fa650e5e","kind":"arrest","date":"2026-06-12","summary":"Arrest · Sharks, rays & sea cucumbers · Guayaquil","species":"shark_ray","n_sources":1,"country":"EC","level":"city","basis":"text"}},{"type":"Feature","geometry":{"type":"Point","coordinates":[114.17,22.32]},"properties":{"id":"0b4e3815ae6a","kind":"seizure","date":"2026-06-11","summary":"Seizure · Totoaba (swim bladder) · Hong Kong","species":"totoaba","n_sources":2,"country":"HK","level":"city","basis":"text"}},{"type":"Feature","geometry":{"type":"Point","coordinates":[16.3721,48.2085]},"properties":{"id":"0cf789138195","kind":"seizure","date":"2026-06-11","summary":"Seizure · Wildlife (unspecified) · Vienna","species":"wildlife_general","n_sources":2,"country":"AT","level":"city","basis":"text"}},{"type":"Feature","geometry":{"type":"Point","coordinates":[22.94,-30.56]},"properties":{"id":"3c1df1b7f366","kind":"conviction","date":"2026-06-10","summary":"Conviction · Pangolin · South Africa","species":"pangolin","n_sources":1,"country":"ZA","level":"country","basis":"text"}},{"type":"Feature","geometry":{"type":"Point","coordinates":[-13.6773,9.538]},"properties":{"id":"6d58dfb4c77c","kind":"seizure","date":"2026-06-10","summary":"Seizure · Sharks, rays & sea cucumbers · Guinea","species":"shark_ray","n_sources":1,"country":"GN","level":"country","basis":"text"}},{"type":"Feature","geometry":{"type":"Point","coordinates":[-50.1403,-15.9344]},"properties":{"id":"051e93073a63","kind":"rescue","date":"2026-06-10","summary":"Rescue · Turtles & tortoises · Goiás","species":"turtles","n_sources":1,"country":"BR","level":"city","basis":"text"}},{"type":"Feature","geometry":{"type":"Point","coordinates":[101.69,3.14]},"properties":{"id":"51040ac96c10","kind":"seizure","date":"2026-06-09","summary":"Seizure · Primates · 6 live · Kuala Lumpur","species":"primates","n_sources":1,"country":"MY","level":"city","basis":"text"}},{"type":"Feature","geometry":{"type":"Point","coordinates":[35.7395,-6.1722]},"properties":{"id":"cd047db3ef16","kind":"seizure","date":"2026-06-08","summary":"Seizure · Elephant (ivory) · Tanzania","species":"elephant","n_sources":1,"country":"TZ","level":"country","basis":"text"}},{"type":"Feature","geometry":{"type":"Point","coordinates":[122.5164,9.5506]},"properties":{"id":"3fcbaae146cd","kind":"seizure","date":"2026-06-08","summary":"Seizure · Wildlife (unspecified) · Asia","species":"wildlife_general","n_sources":1,"country":"PH","level":"city","basis":"text"}},{"type":"Feature","geometry":{"type":"Point","coordinates":[36.93,-1.32]},"properties":{"id":"d09e04f25eea","kind":"seizure","date":"2026-06-08","summary":"Seizure · Wildlife (unspecified) · Jomo Kenyatta","species":"wildlife_general","n_sources":1,"country":"KE","level":"airport","basis":"text"}},{"type":"Feature","geometry":{"type":"Point","coordinates":[77.7274,22.7475]},"properties":{"id":"377b03c434a2","kind":"seizure","date":"2026-06-07","summary":"Seizure · Sand boa · Narmadapuram","species":"sand_boa","n_sources":1,"country":"IN","level":"city","basis":"text"}},{"type":"Feature","geometry":{"type":"Point","coordinates":[85.0508,19.387]},"properties":{"id":"04da94f24a84","kind":"seizure","date":"2026-06-07","summary":"Seizure · Leopard · 2 skins · Ganjām","species":"leopard","n_sources":3,"country":"IN","level":"city","basis":"text"}},{"type":"Feature","geometry":{"type":"Point","coordinates":[83.5,19.4]},"properties":{"id":"f6eb6199cbca","kind":"arrest","date":"2026-06-06","summary":"Arrest · Leopard · Rayagada","species":"leopard","n_sources":1,"country":"IN","level":"district","basis":"text"}},{"type":"Feature","geometry":{"type":"Point","coordinates":[83.5,19.4]},"properties":{"id":"0f678c808ce3","kind":"seizure","date":"2026-06-06","summary":"Seizure · Tiger · Rayagada","species":"tiger","n_sources":1,"country":"IN","level":"district","basis":"text"}},{"type":"Feature","geometry":{"type":"Point","coordinates":[-47.7686,-15.7494]},"properties":{"id":"77bc1f043278","kind":"seizure","date":"2026-06-06","summary":"Seizure · Parrots & songbirds · Itapoã","species":"birds","n_sources":4,"country":"BR","level":"city","basis":"text"}},{"type":"Feature","geometry":{"type":"Point","coordinates":[77.59,12.97]},"properties":{"id":"b53dd982efe4","kind":"seizure","date":"2026-06-05","summary":"Seizure · Turtles & tortoises · Bengaluru","species":"turtles","n_sources":1,"country":"IN","level":"city","basis":"text"}},{"type":"Feature","geometry":{"type":"Point","coordinates":[53.85,23.42]},"properties":{"id":"bb7f4b49499f","kind":"seizure","date":"2026-06-05","summary":"Seizure · Wildlife (unspecified) · United Arab Emirates","species":"wildlife_general","n_sources":1,"country":"AE","level":"country","basis":"text"}},{"type":"Feature","geometry":{"type":"Point","coordinates":[77.1105,12.1545]},"properties":{"id":"59600fb8f6c3","kind":"arrest","date":"2026-06-04","summary":"Arrest · Monitor lizard · Kollegāl","species":"monitor_lizard","n_sources":1,"country":"IN","level":"city","basis":"text"}},{"type":"Feature","geometry":{"type":"Point","coordinates":[77.59,12.97]},"properties":{"id":"36f387730280","kind":"seizure","date":"2026-06-04","summary":"Seizure · Wildlife (unspecified) · Bengaluru","species":"wildlife_general","n_sources":4,"country":"IN","level":"city","basis":"text"}},{"type":"Feature","geometry":{"type":"Point","coordinates":[113.92,-0.79]},"properties":{"id":"c844e418526e","kind":"seizure","date":"2026-06-04","summary":"Seizure · Wildlife (unspecified) · Indonesia","species":"wildlife_general","n_sources":1,"country":"ID","level":"country","basis":"text"}},{"type":"Feature","geometry":{"type":"Point","coordinates":[8.68,9.08]},"properties":{"id":"a353344d8ee9","kind":"seizure","date":"2026-06-02","summary":"Seizure · Wildlife (unspecified) · 1600 parrots · Nigeria","species":"wildlife_general","n_sources":1,"country":"NG","level":"country","basis":"text"}},{"type":"Feature","geometry":{"type":"Point","coordinates":[38.7469,9.025]},"properties":{"id":"ef141f7d0b93","kind":"seizure","date":"2026-05-30","summary":"Seizure · Wildlife (unspecified) · Ethiopia","species":"wildlife_general","n_sources":1,"country":"ET","level":"country","basis":"text"}},{"type":"Feature","geometry":{"type":"Point","coordinates":[-60.025,-3.1019]},"properties":{"id":"529b41123fe5","kind":"seizure","date":"2026-05-29","summary":"Seizure · Turtles & tortoises · Manaus","species":"turtles","n_sources":1,"country":"BR","level":"city","basis":"text"}},{"type":"Feature","geometry":{"type":"Point","coordinates":[-74.0048,5.0221]},"properties":{"id":"a2a1992aff9f","kind":"seizure","date":"2026-05-29","summary":"Seizure · Rosewood & timber · Zipaquirá","species":"rosewood","n_sources":1,"country":"CO","level":"city","basis":"text"}},{"type":"Feature","geometry":{"type":"Point","coordinates":[94.7942,27.6091]},"properties":{"id":"f1598cca2f4d","kind":"seizure","date":"2026-05-28","summary":"Seizure · Tokay gecko · Dhemaji","species":"tokay_gecko","n_sources":1,"country":"IN","level":"district","basis":"text"}},{"type":"Feature","geometry":{"type":"Point","coordinates":[79.09,21.15]},"properties":{"id":"a3c9c1ad06a2","kind":"seizure","date":"2026-05-27","summary":"Seizure · Elephant (ivory) · Nagpur","species":"elephant","n_sources":2,"country":"IN","level":"city","basis":"text"}},{"type":"Feature","geometry":{"type":"Point","coordinates":[-77.0282,-12.0432]},"properties":{"id":"b9057b87ca68","kind":"arrest","date":"2026-05-27","summary":"Arrest · Wildlife (unspecified) · Lima","species":"wildlife_general","n_sources":1,"country":"PE","level":"city","basis":"text"}},{"type":"Feature","geometry":{"type":"Point","coordinates":[-58.3772,-34.6131]},"properties":{"id":"52585e498f9b","kind":"seizure","date":"2026-05-26","summary":"Seizure · Wildlife (unspecified) · Argentina","species":"wildlife_general","n_sources":1,"country":"AR","level":"country","basis":"text"}},{"type":"Feature","geometry":{"type":"Point","coordinates":[113.92,-0.79]},"properties":{"id":"7cae27e413e8","kind":"seizure","date":"2026-05-25","summary":"Seizure · Pangolin · 3 ton · Indonesia","species":"pangolin","n_sources":2,"country":"ID","level":"country","basis":"text"}},{"type":"Feature","geometry":{"type":"Point","coordinates":[119.4319,-5.1486]},"properties":{"id":"b3498328118d","kind":"arrest","date":"2026-05-25","summary":"Arrest · Sharks, rays & sea cucumbers · Makassar","species":"shark_ray","n_sources":2,"country":"ID","level":"city","basis":"text"}},{"type":"Feature","geometry":{"type":"Point","coordinates":[91.74,26.14]},"properties":{"id":"2930415eb79b","kind":"seizure","date":"2026-05-24","summary":"Seizure · Wildlife (unspecified) · 26 live · Guwahati","species":"wildlife_general","n_sources":1,"country":"IN","level":"city","basis":"text"}},{"type":"Feature","geometry":{"type":"Point","coordinates":[91.74,26.14]},"properties":{"id":"a16d622101cf","kind":"seizure","date":"2026-05-23","summary":"Seizure · Tokay gecko · 26 geckos · Guwahati","species":"tokay_gecko","n_sources":1,"country":"IN","level":"city","basis":"text"}},{"type":"Feature","geometry":{"type":"Point","coordinates":[28.2871,-15.4067]},"properties":{"id":"fba7726debca","kind":"seizure","date":"2026-05-22","summary":"Seizure · Elephant (ivory) · 550 kg · Zambia","species":"elephant","n_sources":1,"country":"ZM","level":"country","basis":"text"}},{"type":"Feature","geometry":{"type":"Point","coordinates":[85.1,20.95]},"properties":{"id":"f11266b0eeaf","kind":"seizure","date":"2026-05-21","summary":"Seizure · Tiger · Odisha","species":"tiger","n_sources":2,"country":"IN","level":"state","basis":"text"}},{"type":"Feature","geometry":{"type":"Point","coordinates":[73.86,18.52]},"properties":{"id":"b00e710d75fa","kind":"rescue","date":"2026-05-21","summary":"Rescue · Turtles & tortoises · 7 tortoises · Pune","species":"turtles","n_sources":1,"country":"IN","level":"city","basis":"text"}},{"type":"Feature","geometry":{"type":"Point","coordinates":[-51.2302,-30.0328]},"properties":{"id":"d0359ceedff7","kind":"rescue","date":"2026-05-21","summary":"Rescue · Parrots & songbirds · Porto Alegre","species":"birds","n_sources":1,"country":"BR","level":"city","basis":"text"}},{"type":"Feature","geometry":{"type":"Point","coordinates":[-47.7761,-15.9029]},"properties":{"id":"7376ec46268a","kind":"seizure","date":"2026-05-21","summary":"Seizure · Wildlife (unspecified) · São Sebastião","species":"wildlife_general","n_sources":2,"country":"BR","level":"city","basis":"text"}},{"type":"Feature","geometry":{"type":"Point","coordinates":[113.92,-0.79]},"properties":{"id":"45a941f4baa3","kind":"arrest","date":"2026-05-21","summary":"Arrest · Hornbills · Indonesia","species":"hornbill","n_sources":1,"country":"ID","level":"country","basis":"text"}},{"type":"Feature","geometry":{"type":"Point","coordinates":[-48.0712,-16.0251]},"properties":{"id":"0b0f33721c11","kind":"rescue","date":"2026-05-20","summary":"Rescue · Parrots & songbirds · Gama","species":"birds","n_sources":1,"country":"BR","level":"city","basis":"text"}},{"type":"Feature","geometry":{"type":"Point","coordinates":[79.59,17.97]},"properties":{"id":"384bda701b55","kind":"seizure","date":"2026-05-18","summary":"Seizure · Sand boa · Warangal","species":"sand_boa","n_sources":2,"country":"IN","level":"city","basis":"text"}},{"type":"Feature","geometry":{"type":"Point","coordinates":[-38.4192,-12.1356]},"properties":{"id":"45e88a75ec0e","kind":"seizure","date":"2026-05-18","summary":"Seizure · Wildlife (unspecified) · Alagoinhas","species":"wildlife_general","n_sources":3,"country":"BR","level":"city","basis":"text"}},{"type":"Feature","geometry":{"type":"Point","coordinates":[76.083,11.605]},"properties":{"id":"39c963c6b876","kind":"seizure","date":"2026-05-17","summary":"Seizure · Rosewood & timber · Wayanad","species":"rosewood","n_sources":1,"country":"IN","level":"district","basis":"text"}},{"type":"Feature","geometry":{"type":"Point","coordinates":[85.0508,19.387]},"properties":{"id":"257a18c99e71","kind":"seizure","date":"2026-05-16","summary":"Seizure · Leopard · Ganjām","species":"leopard","n_sources":3,"country":"IN","level":"city","basis":"text"}},{"type":"Feature","geometry":{"type":"Point","coordinates":[-122.4619,37.7058]},"properties":{"id":"d4fa0bd59e09","kind":"seizure","date":"2026-05-16","summary":"Seizure · Turtles & tortoises · Daly City","species":"turtles","n_sources":1,"country":"US","level":"city","basis":"text"}},{"type":"Feature","geometry":{"type":"Point","coordinates":[85.31,23.34]},"properties":{"id":"d8e42f500831","kind":"seizure","date":"2026-05-15","summary":"Seizure · Monitor lizard · Ranchi","species":"monitor_lizard","n_sources":3,"country":"IN","level":"city","basis":"text"}},{"type":"Feature","geometry":{"type":"Point","coordinates":[-44.0867,-19.7669]},"properties":{"id":"fec2d574f9fe","kind":"seizure","date":"2026-05-15","summary":"Seizure · Wildlife (unspecified) · Ribeirão das Neves","species":"wildlife_general","n_sources":1,"country":"BR","level":"city","basis":"text"}},{"type":"Feature","geometry":{"type":"Point","coordinates":[-60.2756,-38.3769]},"properties":{"id":"f57f7bf88a12","kind":"seizure","date":"2026-05-15","summary":"Seizure · Turtles & tortoises · Tres Arroyos","species":"turtles","n_sources":1,"country":"AR","level":"city","basis":"text"}},{"type":"Feature","geometry":{"type":"Point","coordinates":[77.3333,18.0833]},"properties":{"id":"296d8b586d08","kind":"seizure","date":"2026-05-14","summary":"Seizure · Sand boa · Bīdar","species":"sand_boa","n_sources":2,"country":"IN","level":"district","basis":"text"}},{"type":"Feature","geometry":{"type":"Point","coordinates":[82.9318,27.0843]},"properties":{"id":"b1544a1400a5","kind":"seizure","date":"2026-05-14","summary":"Seizure · Wildlife (unspecified) · Dubai","species":"wildlife_general","n_sources":3,"country":"IN","level":"city","basis":"text"}},{"type":"Feature","geometry":{"type":"Point","coordinates":[93.5969,27.2888]},"properties":{"id":"721a447c8612","kind":"seizure","date":"2026-05-13","summary":"Seizure · Rhinoceros · 1.2 horn · Papum Pare","species":"rhino","n_sources":5,"country":"IN","level":"district","basis":"text"}},{"type":"Feature","geometry":{"type":"Point","coordinates":[32.5822,0.3163]},"properties":{"id":"3bcb47833118","kind":"seizure","date":"2026-05-12","summary":"Seizure · Wildlife (unspecified) · Uganda","species":"wildlife_general","n_sources":1,"country":"UG","level":"country","basis":"text"}},{"type":"Feature","geometry":{"type":"Point","coordinates":[-40.8394,-14.8661]},"properties":{"id":"3d495efdb17a","kind":"rescue","date":"2026-05-12","summary":"Rescue · Parrots & songbirds · Vitória da Conquista","species":"birds","n_sources":1,"country":"BR","level":"city","basis":"text"}},{"type":"Feature","geometry":{"type":"Point","coordinates":[-44.5633,-22.4961]},"properties":{"id":"d1f574e9271c","kind":"seizure","date":"2026-05-12","summary":"Seizure · Wildlife (unspecified) · Itatiaia","species":"wildlife_general","n_sources":2,"country":"BR","level":"city","basis":"text"}},{"type":"Feature","geometry":{"type":"Point","coordinates":[-60.025,-3.1019]},"properties":{"id":"870a5cbc6c55","kind":"rescue","date":"2026-05-12","summary":"Rescue · Wildlife (unspecified) · Manaus","species":"wildlife_general","n_sources":1,"country":"BR","level":"city","basis":"text"}},{"type":"Feature","geometry":{"type":"Point","coordinates":[113.92,-0.79]},"properties":{"id":"c5838477dc23","kind":"seizure","date":"2026-05-11","summary":"Seizure · Hornbills · Indonesia","species":"hornbill","n_sources":1,"country":"ID","level":"country","basis":"text"}},{"type":"Feature","geometry":{"type":"Point","coordinates":[100.99,15.87]},"properties":{"id":"c072503d7270","kind":"seizure","date":"2026-05-11","summary":"Seizure · Elephant (ivory) · Thailand","species":"elephant","n_sources":1,"country":"TH","level":"country","basis":"text"}},{"type":"Feature","geometry":{"type":"Point","coordinates":[100.99,15.87]},"properties":{"id":"8780b8791dba","kind":"seizure","date":"2026-05-11","summary":"Seizure · Elephant (ivory) · Thailand","species":"elephant","n_sources":1,"country":"TH","level":"country","basis":"text"}},{"type":"Feature","geometry":{"type":"Point","coordinates":[-48.0712,-16.0251]},"properties":{"id":"1c2fa742b29c","kind":"rescue","date":"2026-05-11","summary":"Rescue · Parrots & songbirds · Gama","species":"birds","n_sources":1,"country":"BR","level":"city","basis":"text"}},{"type":"Feature","geometry":{"type":"Point","coordinates":[-40.8394,-14.8661]},"properties":{"id":"6a08f56e9592","kind":"seizure","date":"2026-05-11","summary":"Seizure · Wildlife (unspecified) · Vitória da Conquista","species":"wildlife_general","n_sources":1,"country":"BR","level":"city","basis":"text"}},{"type":"Feature","geometry":{"type":"Point","coordinates":[-98.2072,19.0478]},"properties":{"id":"0a8a8c599f46","kind":"rescue","date":"2026-05-10","summary":"Rescue · Parrots & songbirds · Puebla","species":"birds","n_sources":1,"country":"MX","level":"city","basis":"text"}},{"type":"Feature","geometry":{"type":"Point","coordinates":[-47.9297,-15.7797]},"properties":{"id":"833dc878d50a","kind":"seizure","date":"2026-05-08","summary":"Seizure · Wildlife (unspecified) · Brazil","species":"wildlife_general","n_sources":1,"country":"BR","level":"country","basis":"text"}},{"type":"Feature","geometry":{"type":"Point","coordinates":[115.4077,-2.1709]},"properties":{"id":"fca5f67c5301","kind":"seizure","date":"2026-05-06","summary":"Seizure · Hornbills · Tanjung","species":"hornbill","n_sources":1,"country":"ID","level":"city","basis":"text"}},{"type":"Feature","geometry":{"type":"Point","coordinates":[79.02,30.07]},"properties":{"id":"13cd2911b5b5","kind":"arrest","date":"2026-05-05","summary":"Arrest · Elephant (ivory) · Uttarakhand","species":"elephant","n_sources":1,"country":"IN","level":"state","basis":"text"}},{"type":"Feature","geometry":{"type":"Point","coordinates":[-100.4581,25.6732]},"properties":{"id":"6e342200e037","kind":"seizure","date":"2026-05-05","summary":"Seizure · Wildlife (unspecified) · Santa Catarina","species":"wildlife_general","n_sources":1,"country":"MX","level":"city","basis":"text"}},{"type":"Feature","geometry":{"type":"Point","coordinates":[113.2159,-7.7543]},"properties":{"id":"3eb0a431d7cc","kind":"arrest","date":"2026-05-05","summary":"Arrest · Wildlife (unspecified) · Probolinggo","species":"wildlife_general","n_sources":1,"country":"ID","level":"city","basis":"text"}},{"type":"Feature","geometry":{"type":"Point","coordinates":[-48.1967,-15.6794]},"properties":{"id":"b4945bc9bb8f","kind":"rescue","date":"2026-05-05","summary":"Rescue · Parrots & songbirds · Brazlândia","species":"birds","n_sources":1,"country":"BR","level":"city","basis":"text"}},{"type":"Feature","geometry":{"type":"Point","coordinates":[74.86,12.91]},"properties":{"id":"0e739bb8815c","kind":"arrest","date":"2026-05-04","summary":"Arrest · Pangolin · 5.2 kg · Mangaluru","species":"pangolin","n_sources":4,"country":"IN","level":"city","basis":"text"}},{"type":"Feature","geometry":{"type":"Point","coordinates":[98.67,3.6]},"properties":{"id":"b2b83bc5fcbb","kind":"seizure","date":"2026-05-03","summary":"Seizure · Pangolin · Medan","species":"pangolin","n_sources":1,"country":"ID","level":"city","basis":"text"}},{"type":"Feature","geometry":{"type":"Point","coordinates":[51.531,25.2855]},"properties":{"id":"ef7c6a895060","kind":"seizure","date":"2026-05-02","summary":"Seizure · Wildlife (unspecified) · Qatar","species":"wildlife_general","n_sources":1,"country":"QA","level":"country","basis":"text"}},{"type":"Feature","geometry":{"type":"Point","coordinates":[-43.0539,-22.8269]},"properties":{"id":"8d975063da87","kind":"seizure","date":"2026-05-02","summary":"Seizure · Wildlife (unspecified) · São Gonçalo","species":"wildlife_general","n_sources":1,"country":"BR","level":"city","basis":"text"}},{"type":"Feature","geometry":{"type":"Point","coordinates":[99.2738,1.6025]},"properties":{"id":"69a50305933f","kind":"seizure","date":"2026-05-02","summary":"Seizure · Pangolin, Tiger · 7 kg · Sipirok","species":"pangolin,tiger","n_sources":4,"country":"ID","level":"city","basis":"text"}},{"type":"Feature","geometry":{"type":"Point","coordinates":[99.2738,1.6025]},"properties":{"id":"a793eda613cb","kind":"arrest","date":"2026-05-02","summary":"Arrest · Wildlife (unspecified) · Sipirok","species":"wildlife_general","n_sources":1,"country":"ID","level":"city","basis":"text"}},{"type":"Feature","geometry":{"type":"Point","coordinates":[72.57,23.02]},"properties":{"id":"b29bf378fca5","kind":"rescue","date":"2026-05-01","summary":"Rescue · Pangolin · Ahmedabad","species":"pangolin","n_sources":1,"country":"IN","level":"city","basis":"text"}},{"type":"Feature","geometry":{"type":"Point","coordinates":[119.4913,-8.5895]},"properties":{"id":"65c4bad87596","kind":"seizure","date":"2026-05-01","summary":"Seizure · Wildlife (unspecified) · Komodo","species":"wildlife_general","n_sources":1,"country":"ID","level":"city","basis":"text"}},{"type":"Feature","geometry":{"type":"Point","coordinates":[-122.4194,37.7749]},"properties":{"id":"3716ab5c828d","kind":"seizure","date":"2026-04-29","summary":"Seizure · Sharks, rays & sea cucumbers · San Francisco","species":"shark_ray","n_sources":6,"country":"US","level":"city","basis":"text"}},{"type":"Feature","geometry":{"type":"Point","coordinates":[128.6527,0.3288]},"properties":{"id":"c59f71ad7979","kind":"arrest","date":"2026-04-29","summary":"Arrest · Pangolin · Petani","species":"pangolin","n_sources":2,"country":"ID","level":"city","basis":"text"}},{"type":"Feature","geometry":{"type":"Point","coordinates":[80.27,13.08]},"properties":{"id":"c0890c3c1c08","kind":"seizure","date":"2026-04-28","summary":"Seizure · Red sanders · 400 kg · Chennai","species":"red_sanders","n_sources":1,"country":"IN","level":"city","basis":"text"}},{"type":"Feature","geometry":{"type":"Point","coordinates":[8.68,9.08]},"properties":{"id":"09a7dcc49561","kind":"seizure","date":"2026-04-27","summary":"Seizure · Pangolin · Nigeria","species":"pangolin","n_sources":1,"country":"NG","level":"country","basis":"text"}},{"type":"Feature","geometry":{"type":"Point","coordinates":[-40.8394,-14.8661]},"properties":{"id":"5c1a7759d990","kind":"seizure","date":"2026-04-27","summary":"Seizure · Parrots & songbirds · Vitória da Conquista","species":"birds","n_sources":1,"country":"BR","level":"city","basis":"text"}},{"type":"Feature","geometry":{"type":"Point","coordinates":[117.0465,3.8571]},"properties":{"id":"4d0976dba7e7","kind":"arrest","date":"2026-04-27","summary":"Arrest · Monitor lizard · Atap","species":"monitor_lizard","n_sources":1,"country":"ID","level":"city","basis":"text"}},{"type":"Feature","geometry":{"type":"Point","coordinates":[37.3825,37.0594]},"properties":{"id":"067992ab3433","kind":"seizure","date":"2026-04-26","summary":"Seizure · Pythons & reptile skins · Gaziantep","species":"pythons_reptiles","n_sources":2,"country":"TR","level":"city","basis":"text"}},{"type":"Feature","geometry":{"type":"Point","coordinates":[-38.491,-12.9756]},"properties":{"id":"a8f750a27293","kind":"rescue","date":"2026-04-26","summary":"Rescue · Parrots & songbirds · Salvador","species":"birds","n_sources":2,"country":"BR","level":"city","basis":"text"}},{"type":"Feature","geometry":{"type":"Point","coordinates":[37.91,-0.02]},"properties":{"id":"48f681a7936f","kind":"seizure","date":"2026-04-25","summary":"Seizure · Wildlife (unspecified) · Kenya","species":"wildlife_general","n_sources":1,"country":"KE","level":"country","basis":"text"}},{"type":"Feature","geometry":{"type":"Point","coordinates":[106.85,-6.21]},"properties":{"id":"c7989309c543","kind":"seizure","date":"2026-04-24","summary":"Seizure · Pangolin · 3 ton · Jakarta","species":"pangolin","n_sources":1,"country":"ID","level":"city","basis":"text"}},{"type":"Feature","geometry":{"type":"Point","coordinates":[77.59,12.97]},"properties":{"id":"47957cc7ae01","kind":"seizure","date":"2026-04-24","summary":"Seizure · Wildlife (unspecified) · Bengaluru","species":"wildlife_general","n_sources":1,"country":"IN","level":"city","basis":"text"}},{"type":"Feature","geometry":{"type":"Point","coordinates":[-39.2835,-7.5817]},"properties":{"id":"6c25a9b63e48","kind":"rescue","date":"2026-04-24","summary":"Rescue · Parrots & songbirds · Jardim","species":"birds","n_sources":1,"country":"BR","level":"city","basis":"text"}},{"type":"Feature","geometry":{"type":"Point","coordinates":[114.17,22.32]},"properties":{"id":"1b249d3529ef","kind":"seizure","date":"2026-04-22","summary":"Seizure · Sharks, rays & sea cucumbers · 700 kilos · Hong Kong","species":"shark_ray","n_sources":1,"country":"HK","level":"city","basis":"text"}},{"type":"Feature","geometry":{"type":"Point","coordinates":[79.2841,19.3585]},"properties":{"id":"392d725a8e2f","kind":"arrest","date":"2026-04-20","summary":"Arrest · Pangolin · Asifābād","species":"pangolin","n_sources":2,"country":"IN","level":"city","basis":"text"}},{"type":"Feature","geometry":{"type":"Point","coordinates":[108.2207,-7.3274]},"properties":{"id":"1cfcd9b9fe39","kind":"arrest","date":"2026-04-20","summary":"Arrest · Pangolin · Tasikmalaya","species":"pangolin","n_sources":1,"country":"ID","level":"city","basis":"text"}},{"type":"Feature","geometry":{"type":"Point","coordinates":[-43.3117,-22.7856]},"properties":{"id":"0e621ae1d77b","kind":"rescue","date":"2026-04-17","summary":"Rescue · Wildlife (unspecified) · Duque de Caxias","species":"wildlife_general","n_sources":1,"country":"BR","level":"city","basis":"text"}},{"type":"Feature","geometry":{"type":"Point","coordinates":[77.17,31.1]},"properties":{"id":"4e5b8cb246d6","kind":"seizure","date":"2026-04-15","summary":"Seizure · Leopard · Himachal Pradesh","species":"leopard","n_sources":1,"country":"IN","level":"state","basis":"text"}},{"type":"Feature","geometry":{"type":"Point","coordinates":[74.2405,21.3667]},"properties":{"id":"794eacd61138","kind":"seizure","date":"2026-04-15","summary":"Seizure · Wildlife (unspecified) · 240 birds · Nandurbar","species":"wildlife_general","n_sources":1,"country":"IN","level":"city","basis":"text"}},{"type":"Feature","geometry":{"type":"Point","coordinates":[-34.8811,-8.0539]},"properties":{"id":"90ddd55f420e","kind":"seizure","date":"2026-04-15","summary":"Seizure · Wildlife (unspecified) · Recife","species":"wildlife_general","n_sources":1,"country":"BR","level":"city","basis":"text"}},{"type":"Feature","geometry":{"type":"Point","coordinates":[-73.0498,-36.827]},"properties":{"id":"e5dbc7bd6e1f","kind":"seizure","date":"2026-04-15","summary":"Seizure · Rosewood & timber · Concepción","species":"rosewood","n_sources":1,"country":"CL","level":"city","basis":"text"}},{"type":"Feature","geometry":{"type":"Point","coordinates":[112.75,-7.25]},"properties":{"id":"90d12e15d327","kind":"arrest","date":"2026-04-15","summary":"Arrest · Pangolin · 140 kg · Surabaya","species":"pangolin","n_sources":1,"country":"ID","level":"city","basis":"text"}},{"type":"Feature","geometry":{"type":"Point","coordinates":[-84.5144,39.1271]},"properties":{"id":"28e964f05eeb","kind":"seizure","date":"2026-04-14","summary":"Seizure · Sharks, rays & sea cucumbers · Cincinnati","species":"shark_ray","n_sources":1,"country":"US","level":"city","basis":"text"}},{"type":"Feature","geometry":{"type":"Point","coordinates":[8.68,9.08]},"properties":{"id":"c3860c15e46b","kind":"seizure","date":"2026-04-14","summary":"Seizure · Wildlife (unspecified) · Nigeria","species":"wildlife_general","n_sources":1,"country":"NG","level":"country","basis":"text"}},{"type":"Feature","geometry":{"type":"Point","coordinates":[108.28,14.06]},"properties":{"id":"076e3a7e1b3a","kind":"arrest","date":"2026-04-14","summary":"Arrest · Pangolin · 796 kg · Vietnam","species":"pangolin","n_sources":1,"country":"VN","level":"country","basis":"text"}},{"type":"Feature","geometry":{"type":"Point","coordinates":[82.55,19.2333]},"properties":{"id":"251d82b599cd","kind":"seizure","date":"2026-04-13","summary":"Seizure · Leopard, Pangolin · 164 scales · Nabarangpur","species":"leopard,pangolin","n_sources":4,"country":"IN","level":"district","basis":"text"}},{"type":"Feature","geometry":{"type":"Point","coordinates":[72.88,19.08]},"properties":{"id":"164f672d8efd","kind":"seizure","date":"2026-04-13","summary":"Seizure · Pangolin · 16.5 kg · Mumbai","species":"pangolin","n_sources":1,"country":"IN","level":"city","basis":"text"}},{"type":"Feature","geometry":{"type":"Point","coordinates":[13.1571,11.8469]},"properties":{"id":"b427243188ec","kind":"seizure","date":"2026-04-13","summary":"Seizure · Wildlife (unspecified) · Maiduguri","species":"wildlife_general","n_sources":1,"country":"NG","level":"city","basis":"text"}},{"type":"Feature","geometry":{"type":"Point","coordinates":[72.88,19.08]},"properties":{"id":"09cd586bcdf6","kind":"seizure","date":"2026-04-13","summary":"Seizure · Leopard · Mumbai","species":"leopard","n_sources":1,"country":"IN","level":"city","basis":"text"}},{"type":"Feature","geometry":{"type":"Point","coordinates":[122.5164,9.5506]},"properties":{"id":"dc1a52bad7a4","kind":"seizure","date":"2026-04-13","summary":"Seizure · Pangolin · 796 kg · Asia","species":"pangolin","n_sources":1,"country":"PH","level":"city","basis":"text"}},{"type":"Feature","geometry":{"type":"Point","coordinates":[-38.3473,-10.076]},"properties":{"id":"90608f33ab4c","kind":"seizure","date":"2026-04-13","summary":"Seizure · Parrots & songbirds · Jeremoabo","species":"birds","n_sources":1,"country":"BR","level":"city","basis":"text"}},{"type":"Feature","geometry":{"type":"Point","coordinates":[-38.9667,-12.2667]},"properties":{"id":"5348c18d9292","kind":"seizure","date":"2026-04-13","summary":"Seizure · Wildlife (unspecified) · Feira de Santana","species":"wildlife_general","n_sources":2,"country":"BR","level":"city","basis":"text"}},{"type":"Feature","geometry":{"type":"Point","coordinates":[-86.8466,21.1743]},"properties":{"id":"ed2f05ff9b6d","kind":"seizure","date":"2026-04-13","summary":"Seizure · Wildlife (unspecified) · Cancún","species":"wildlife_general","n_sources":1,"country":"MX","level":"city","basis":"text"}},{"type":"Feature","geometry":{"type":"Point","coordinates":[-108.1433,29.1927]},"properties":{"id":"f99080c50234","kind":"seizure","date":"2026-04-13","summary":"Seizure · Rosewood & timber · Madera","species":"rosewood","n_sources":1,"country":"MX","level":"city","basis":"text"}},{"type":"Feature","geometry":{"type":"Point","coordinates":[81.87,21.28]},"properties":{"id":"41e9dbc0181b","kind":"seizure","date":"2026-04-12","summary":"Seizure · Pangolin · 16 kg · Chhattisgarh","species":"pangolin","n_sources":2,"country":"IN","level":"state","basis":"text"}},{"type":"Feature","geometry":{"type":"Point","coordinates":[80.27,13.08]},"properties":{"id":"ef4a48e7bf4f","kind":"seizure","date":"2026-04-11","summary":"Seizure · Wildlife (unspecified) · Chennai","species":"wildlife_general","n_sources":1,"country":"IN","level":"city","basis":"text"}},{"type":"Feature","geometry":{"type":"Point","coordinates":[-75.5068,5.0668]},"properties":{"id":"51be5f9ef656","kind":"seizure","date":"2026-04-11","summary":"Seizure · Turtles & tortoises · Manizales","species":"turtles","n_sources":1,"country":"CO","level":"city","basis":"text"}},{"type":"Feature","geometry":{"type":"Point","coordinates":[74.0925,33.7703]},"properties":{"id":"215e74ee88fb","kind":"seizure","date":"2026-04-10","summary":"Seizure · Wildlife (unspecified) · Pūnch","species":"wildlife_general","n_sources":1,"country":"IN","level":"city","basis":"text"}},{"type":"Feature","geometry":{"type":"Point","coordinates":[-41.4669,-7.0769]},"properties":{"id":"42960f0b2b09","kind":"rescue","date":"2026-04-10","summary":"Rescue · Primates · Picos","species":"primates","n_sources":1,"country":"BR","level":"city","basis":"text"}},{"type":"Feature","geometry":{"type":"Point","coordinates":[-60.025,-3.1019]},"properties":{"id":"eed4f555f268","kind":"rescue","date":"2026-04-10","summary":"Rescue · Wildlife (unspecified) · Manaus","species":"wildlife_general","n_sources":1,"country":"BR","level":"city","basis":"text"}},{"type":"Feature","geometry":{"type":"Point","coordinates":[-74.0817,4.6097]},"properties":{"id":"463b1ec3fbbf","kind":"seizure","date":"2026-04-10","summary":"Seizure · Turtles & tortoises · Bogotá","species":"turtles","n_sources":1,"country":"CO","level":"city","basis":"text"}},{"type":"Feature","geometry":{"type":"Point","coordinates":[8.68,9.08]},"properties":{"id":"e901b0faa8ae","kind":"seizure","date":"2026-04-09","summary":"Seizure · Pangolin · Nigeria","species":"pangolin","n_sources":2,"country":"NG","level":"country","basis":"text"}},{"type":"Feature","geometry":{"type":"Point","coordinates":[-84.0849,9.9339]},"properties":{"id":"c5989e8622b9","kind":"seizure","date":"2026-04-08","summary":"Seizure · Wildlife (unspecified) · Costa Rica","species":"wildlife_general","n_sources":1,"country":"CR","level":"country","basis":"text"}},{"type":"Feature","geometry":{"type":"Point","coordinates":[-48.5044,-1.4558]},"properties":{"id":"c9369ce79b8d","kind":"seizure","date":"2026-04-08","summary":"Seizure · Parrots & songbirds · Belém","species":"birds","n_sources":1,"country":"BR","level":"city","basis":"text"}},{"type":"Feature","geometry":{"type":"Point","coordinates":[-80.9104,-2.233]},"properties":{"id":"19a796331f89","kind":"seizure","date":"2026-04-08","summary":"Seizure · Sharks, rays & sea cucumbers · La Libertad","species":"shark_ray","n_sources":3,"country":"EC","level":"city","basis":"text"}},{"type":"Feature","geometry":{"type":"Point","coordinates":[32.5832,-25.9655]},"properties":{"id":"00c037f00cbf","kind":"arrest","date":"2026-04-06","summary":"Arrest · Elephant (ivory) · 200 kilograms · Maputo","species":"elephant","n_sources":1,"country":"MZ","level":"city","basis":"text"}},{"type":"Feature","geometry":{"type":"Point","coordinates":[-44.5633,-22.4961]},"properties":{"id":"8cadc74b48b4","kind":"seizure","date":"2026-04-06","summary":"Seizure · Wildlife (unspecified) · Itatiaia","species":"wildlife_general","n_sources":1,"country":"BR","level":"city","basis":"text"}},{"type":"Feature","geometry":{"type":"Point","coordinates":[100.5897,13.9134]},"properties":{"id":"1ed9328d3dd5","kind":"seizure","date":"2026-04-05","summary":"Seizure · Wildlife (unspecified) · Don Mueang","species":"wildlife_general","n_sources":1,"country":"TH","level":"city","basis":"text"}},{"type":"Feature","geometry":{"type":"Point","coordinates":[-43.7328,-22.5267]},"properties":{"id":"31ab2021fd1e","kind":"seizure","date":"2026-04-02","summary":"Seizure · Parrots & songbirds · Mendes","species":"birds","n_sources":1,"country":"BR","level":"city","basis":"text"}},{"type":"Feature","geometry":{"type":"Point","coordinates":[-46.3108,-23.5425]},"properties":{"id":"80030efffe48","kind":"seizure","date":"2026-04-01","summary":"Seizure · Turtles & tortoises · Suzano","species":"turtles","n_sources":1,"country":"BR","level":"city","basis":"text"}},{"type":"Feature","geometry":{"type":"Point","coordinates":[102.2655,-3.8004]},"properties":{"id":"ede84558202e","kind":"arrest","date":"2026-04-01","summary":"Arrest · Turtles & tortoises · Bengkulu","species":"turtles","n_sources":1,"country":"ID","level":"city","basis":"text"}},{"type":"Feature","geometry":{"type":"Point","coordinates":[-63.9039,-8.7619]},"properties":{"id":"0cc64c1dc472","kind":"seizure","date":"2026-03-30","summary":"Seizure · Rosewood & timber · Porto Velho","species":"rosewood","n_sources":3,"country":"BR","level":"city","basis":"text"}},{"type":"Feature","geometry":{"type":"Point","coordinates":[80.6826,27.5619]},"properties":{"id":"87ca60403bfd","kind":"seizure","date":"2026-03-29","summary":"Seizure · Parrots & songbirds · 803 parakeets · Sītāpur","species":"birds","n_sources":1,"country":"IN","level":"city","basis":"text"}},{"type":"Feature","geometry":{"type":"Point","coordinates":[113.92,-0.79]},"properties":{"id":"0430a91c9338","kind":"seizure","date":"2026-03-29","summary":"Seizure · Pangolin · 830 kg · Indonesia","species":"pangolin","n_sources":1,"country":"ID","level":"country","basis":"text"}},{"type":"Feature","geometry":{"type":"Point","coordinates":[149.1281,-35.2835]},"properties":{"id":"4330fadbae7f","kind":"seizure","date":"2026-03-29","summary":"Seizure · Sharks, rays & sea cucumbers · 2 ton · Australia","species":"shark_ray","n_sources":1,"country":"AU","level":"country","basis":"text"}},{"type":"Feature","geometry":{"type":"Point","coordinates":[-47.8811,-24.715]},"properties":{"id":"36db08f663d4","kind":"rescue","date":"2026-03-29","summary":"Rescue · Parrots & songbirds · Pariquera-Açu","species":"birds","n_sources":1,"country":"BR","level":"city","basis":"text"}},{"type":"Feature","geometry":{"type":"Point","coordinates":[103.82,1.35]},"properties":{"id":"49517f1fe449","kind":"seizure","date":"2026-03-28","summary":"Seizure · Pangolin · 830 kg · Singapore","species":"pangolin","n_sources":5,"country":"SG","level":"country","basis":"text"}},{"type":"Feature","geometry":{"type":"Point","coordinates":[28.2871,-15.4067]},"properties":{"id":"7da5d697de4d","kind":"seizure","date":"2026-03-28","summary":"Seizure · Elephant (ivory) · Zambia","species":"elephant","n_sources":1,"country":"ZM","level":"country","basis":"text"}},{"type":"Feature","geometry":{"type":"Point","coordinates":[103.82,1.35]},"properties":{"id":"813785c0a4dc","kind":"seizure","date":"2026-03-28","summary":"Seizure · Wildlife (unspecified) · Singapore","species":"wildlife_general","n_sources":4,"country":"SG","level":"country","basis":"text"}},{"type":"Feature","geometry":{"type":"Point","coordinates":[121.9091,11.9003]},"properties":{"id":"f08332e2b173","kind":"seizure","date":"2026-03-28","summary":"Seizure · Pangolin · 830 kg · Malay","species":"pangolin","n_sources":1,"country":"PH","level":"city","basis":"text"}},{"type":"Feature","geometry":{"type":"Point","coordinates":[-60.025,-3.1019]},"properties":{"id":"b77cc4850062","kind":"rescue","date":"2026-03-27","summary":"Rescue · Wildlife (unspecified) · Manaus","species":"wildlife_general","n_sources":1,"country":"BR","level":"city","basis":"text"}},{"type":"Feature","geometry":{"type":"Point","coordinates":[18.4232,-33.9258]},"properties":{"id":"bda0efede9e1","kind":"seizure","date":"2026-03-26","summary":"Seizure · Abalone · Cape Town","species":"abalone","n_sources":1,"country":"ZA","level":"city","basis":"text"}},{"type":"Feature","geometry":{"type":"Point","coordinates":[-104.9719,39.868]},"properties":{"id":"7d107df2187d","kind":"seizure","date":"2026-03-26","summary":"Seizure · Abalone · Thornton","species":"abalone","n_sources":1,"country":"US","level":"city","basis":"text"}},{"type":"Feature","geometry":{"type":"Point","coordinates":[122.5164,9.5506]},"properties":{"id":"9b7db4c31e47","kind":"seizure","date":"2026-03-24","summary":"Seizure · Eels · Asia","species":"eels","n_sources":1,"country":"PH","level":"city","basis":"text"}},{"type":"Feature","geometry":{"type":"Point","coordinates":[-71.5375,-16.399]},"properties":{"id":"e2ef478845ca","kind":"seizure","date":"2026-03-24","summary":"Seizure · Wildlife (unspecified) · Arequipa","species":"wildlife_general","n_sources":1,"country":"PE","level":"city","basis":"text"}},{"type":"Feature","geometry":{"type":"Point","coordinates":[86.5,21.75]},"properties":{"id":"26509d76b4a8","kind":"seizure","date":"2026-03-23","summary":"Seizure · Tiger · Mayūrbhanj","species":"tiger","n_sources":5,"country":"IN","level":"district","basis":"text"}},{"type":"Feature","geometry":{"type":"Point","coordinates":[-56.0967,-15.5961]},"properties":{"id":"fded2eb1f908","kind":"seizure","date":"2026-03-23","summary":"Seizure · Wildlife (unspecified) · Cuiabá","species":"wildlife_general","n_sources":1,"country":"BR","level":"city","basis":"text"}},{"type":"Feature","geometry":{"type":"Point","coordinates":[106.85,-6.21]},"properties":{"id":"cfa9b38ad773","kind":"seizure","date":"2026-03-20","summary":"Seizure · Pangolin · 3 tons · Jakarta","species":"pangolin","n_sources":1,"country":"ID","level":"city","basis":"text"}},{"type":"Feature","geometry":{"type":"Point","coordinates":[85.14,25.59]},"properties":{"id":"e55e36b7ec44","kind":"arrest","date":"2026-03-20","summary":"Arrest · Turtles & tortoises · 100 live · Patna","species":"turtles","n_sources":1,"country":"IN","level":"city","basis":"text"}},{"type":"Feature","geometry":{"type":"Point","coordinates":[28.2871,-15.4067]},"properties":{"id":"0100edbd1803","kind":"seizure","date":"2026-03-19","summary":"Seizure · Elephant (ivory) · Zambia","species":"elephant","n_sources":1,"country":"ZM","level":"country","basis":"text"}},{"type":"Feature","geometry":{"type":"Point","coordinates":[-75.2797,2.93]},"properties":{"id":"2ab03e1a55c7","kind":"seizure","date":"2026-03-18","summary":"Seizure · Rosewood & timber · Neiva","species":"rosewood","n_sources":1,"country":"CO","level":"city","basis":"text"}},{"type":"Feature","geometry":{"type":"Point","coordinates":[37.91,-0.02]},"properties":{"id":"e40114acf70b","kind":"seizure","date":"2026-03-17","summary":"Seizure · Wildlife (unspecified) · 2000 live · Kenya","species":"wildlife_general","n_sources":2,"country":"KE","level":"country","basis":"text"}},{"type":"Feature","geometry":{"type":"Point","coordinates":[-84.0849,9.9339]},"properties":{"id":"5a70f0ec6f8c","kind":"seizure","date":"2026-03-17","summary":"Seizure · Wildlife (unspecified) · Costa Rica","species":"wildlife_general","n_sources":1,"country":"CR","level":"country","basis":"text"}},{"type":"Feature","geometry":{"type":"Point","coordinates":[22.94,-30.56]},"properties":{"id":"4acfbce1272b","kind":"seizure","date":"2026-03-16","summary":"Seizure · Rhinoceros · South Africa","species":"rhino","n_sources":1,"country":"ZA","level":"country","basis":"text"}},{"type":"Feature","geometry":{"type":"Point","coordinates":[101.98,4.21]},"properties":{"id":"751b37291852","kind":"seizure","date":"2026-03-13","summary":"Seizure · Wildlife (unspecified) · Malaysia","species":"wildlife_general","n_sources":1,"country":"MY","level":"country","basis":"text"}},{"type":"Feature","geometry":{"type":"Point","coordinates":[18.4232,-33.9258]},"properties":{"id":"5a7bd96b7799","kind":"arrest","date":"2026-03-12","summary":"Arrest · Abalone · Cape Town","species":"abalone","n_sources":1,"country":"ZA","level":"city","basis":"text"}},{"type":"Feature","geometry":{"type":"Point","coordinates":[113.92,-0.79]},"properties":{"id":"a4a344acecdb","kind":"seizure","date":"2026-03-12","summary":"Seizure · Primates · Indonesia","species":"primates","n_sources":1,"country":"ID","level":"country","basis":"text"}},{"type":"Feature","geometry":{"type":"Point","coordinates":[-40.3078,-20.1286]},"properties":{"id":"be7c14d5a6fe","kind":"rescue","date":"2026-03-12","summary":"Rescue · Parrots & songbirds · Serra","species":"birds","n_sources":1,"country":"BR","level":"city","basis":"text"}},{"type":"Feature","geometry":{"type":"Point","coordinates":[29.4688,-23.9045]},"properties":{"id":"0296f982865b","kind":"seizure","date":"2026-03-11","summary":"Seizure · Wildlife (unspecified) · 1 live · Polokwane","species":"wildlife_general","n_sources":1,"country":"ZA","level":"city","basis":"text"}},{"type":"Feature","geometry":{"type":"Point","coordinates":[-47.0864,-21.7739]},"properties":{"id":"a23af60db755","kind":"rescue","date":"2026-03-11","summary":"Rescue · Parrots & songbirds · Casa Branca","species":"birds","n_sources":1,"country":"BR","level":"city","basis":"text"}},{"type":"Feature","geometry":{"type":"Point","coordinates":[-76.7277,39.9626]},"properties":{"id":"439ff24d03db","kind":"seizure","date":"2026-03-10","summary":"Seizure · Wildlife (unspecified) · York","species":"wildlife_general","n_sources":2,"country":"US","level":"city","basis":"text"}},{"type":"Feature","geometry":{"type":"Point","coordinates":[80.95,26.85]},"properties":{"id":"8cce8ce1a78c","kind":"seizure","date":"2026-03-09","summary":"Seizure · Wildlife (unspecified) · Uttar Pradesh","species":"wildlife_general","n_sources":1,"country":"IN","level":"state","basis":"text"}},{"type":"Feature","geometry":{"type":"Point","coordinates":[90.5581,26.477]},"properties":{"id":"ed06527e18a0","kind":"seizure","date":"2026-03-08","summary":"Seizure · Pangolin · Bongaigaon","species":"pangolin","n_sources":2,"country":"IN","level":"city","basis":"text"}},{"type":"Feature","geometry":{"type":"Point","coordinates":[-50.1403,-15.9344]},"properties":{"id":"06c764be26e5","kind":"seizure","date":"2026-03-06","summary":"Seizure · Turtles & tortoises · Goiás","species":"turtles","n_sources":1,"country":"BR","level":"city","basis":"text"}},{"type":"Feature","geometry":{"type":"Point","coordinates":[-47.3314,-22.7392]},"properties":{"id":"4732f6482dc9","kind":"rescue","date":"2026-03-06","summary":"Rescue · Primates · Americana","species":"primates","n_sources":1,"country":"BR","level":"city","basis":"text"}},{"type":"Feature","geometry":{"type":"Point","coordinates":[113.92,-0.79]},"properties":{"id":"74398a5eb1ef","kind":"seizure","date":"2026-03-06","summary":"Seizure · Pangolin · 3 ton · Indonesia","species":"pangolin","n_sources":1,"country":"ID","level":"country","basis":"outlet"}},{"type":"Feature","geometry":{"type":"Point","coordinates":[125.1514,8.8478]},"properties":{"id":"8166d8671156","kind":"seizure","date":"2026-03-05","summary":"Seizure · Wildlife (unspecified) · Anakan","species":"wildlife_general","n_sources":1,"country":"PH","level":"city","basis":"text"}},{"type":"Feature","geometry":{"type":"Point","coordinates":[17.0832,-22.5594]},"properties":{"id":"49cad0b00179","kind":"seizure","date":"2026-03-04","summary":"Seizure · Wildlife (unspecified) · Windhoek","species":"wildlife_general","n_sources":2,"country":"NA","level":"city","basis":"text"}},{"type":"Feature","geometry":{"type":"Point","coordinates":[-47.4581,-23.5017]},"properties":{"id":"f85d66b7565c","kind":"rescue","date":"2026-03-03","summary":"Rescue · Wildlife (unspecified) · Sorocaba","species":"wildlife_general","n_sources":1,"country":"BR","level":"city","basis":"text"}},{"type":"Feature","geometry":{"type":"Point","coordinates":[-108.1433,29.1927]},"properties":{"id":"fd811bcedac1","kind":"seizure","date":"2026-03-03","summary":"Seizure · Rosewood & timber · Madera","species":"rosewood","n_sources":1,"country":"MX","level":"city","basis":"text"}},{"type":"Feature","geometry":{"type":"Point","coordinates":[-57.647,-25.2865]},"properties":{"id":"85e546a29a01","kind":"seizure","date":"2026-03-03","summary":"Seizure · Wildlife (unspecified) · Paraguay","species":"wildlife_general","n_sources":1,"country":"PY","level":"country","basis":"text"}},{"type":"Feature","geometry":{"type":"Point","coordinates":[75.71,15.32]},"properties":{"id":"691936aec42d","kind":"seizure","date":"2026-03-02","summary":"Seizure · Red sanders · 195 logs · Karnataka","species":"red_sanders","n_sources":2,"country":"IN","level":"state","basis":"text"}},{"type":"Feature","geometry":{"type":"Point","coordinates":[-40.5008,-9.3986]},"properties":{"id":"b6e753662c65","kind":"rescue","date":"2026-02-28","summary":"Rescue · Parrots & songbirds · Petrolina","species":"birds","n_sources":1,"country":"BR","level":"city","basis":"text"}},{"type":"Feature","geometry":{"type":"Point","coordinates":[-3.7026,40.4165]},"properties":{"id":"25ed4fc78719","kind":"seizure","date":"2026-02-27","summary":"Seizure · Pangolin · 15 pangolins · Madrid","species":"pangolin","n_sources":2,"country":"ES","level":"city","basis":"text"}},{"type":"Feature","geometry":{"type":"Point","coordinates":[9.8439,10.3103]},"properties":{"id":"c8e089639d09","kind":"seizure","date":"2026-02-27","summary":"Seizure · Pangolin · Bauchi","species":"pangolin","n_sources":1,"country":"NG","level":"city","basis":"text"}},{"type":"Feature","geometry":{"type":"Point","coordinates":[-100.814,20.5218]},"properties":{"id":"34fbc080968a","kind":"rescue","date":"2026-02-27","summary":"Rescue · Parrots & songbirds · Celaya","species":"birds","n_sources":1,"country":"MX","level":"city","basis":"text"}},{"type":"Feature","geometry":{"type":"Point","coordinates":[14.4208,50.088]},"properties":{"id":"f0147a6bc019","kind":"seizure","date":"2026-02-26","summary":"Seizure · Wildlife (unspecified) · Czechia","species":"wildlife_general","n_sources":1,"country":"CZ","level":"country","basis":"text"}},{"type":"Feature","geometry":{"type":"Point","coordinates":[-58.3772,-34.6131]},"properties":{"id":"08eb232859cd","kind":"seizure","date":"2026-02-26","summary":"Seizure · Wildlife (unspecified) · Buenos Aires","species":"wildlife_general","n_sources":1,"country":"AR","level":"city","basis":"text"}},{"type":"Feature","geometry":{"type":"Point","coordinates":[18.4232,-33.9258]},"properties":{"id":"248005e9a7df","kind":"seizure","date":"2026-02-25","summary":"Seizure · Rhinoceros · 98 horn · Cape Town","species":"rhino","n_sources":2,"country":"ZA","level":"city","basis":"text"}},{"type":"Feature","geometry":{"type":"Point","coordinates":[103.82,1.35]},"properties":{"id":"99a653a2530f","kind":"seizure","date":"2026-02-25","summary":"Seizure · Pangolin · 25.6 tonnes · Singapore","species":"pangolin","n_sources":1,"country":"SG","level":"country","basis":"text"}},{"type":"Feature","geometry":{"type":"Point","coordinates":[101.98,4.21]},"properties":{"id":"445e9fc97e8c","kind":"seizure","date":"2026-02-24","summary":"Seizure · Wildlife (unspecified) · Malaysia","species":"wildlife_general","n_sources":1,"country":"MY","level":"country","basis":"text"}},{"type":"Feature","geometry":{"type":"Point","coordinates":[93.91,24.66]},"properties":{"id":"4248269aa562","kind":"seizure","date":"2026-02-24","summary":"Seizure · Wildlife (unspecified) · Manipur","species":"wildlife_general","n_sources":1,"country":"IN","level":"state","basis":"text"}},{"type":"Feature","geometry":{"type":"Point","coordinates":[-43.0539,-22.8269]},"properties":{"id":"9168ae2d3ce1","kind":"rescue","date":"2026-02-24","summary":"Rescue · Wildlife (unspecified) · São Gonçalo","species":"wildlife_general","n_sources":1,"country":"BR","level":"city","basis":"text"}},{"type":"Feature","geometry":{"type":"Point","coordinates":[-43.0178,-21.175]},"properties":{"id":"376f52999d0d","kind":"seizure","date":"2026-02-24","summary":"Seizure · Rosewood & timber · Tocantins","species":"rosewood","n_sources":1,"country":"BR","level":"city","basis":"text"}},{"type":"Feature","geometry":{"type":"Point","coordinates":[-36.6611,-9.7525]},"properties":{"id":"d5ba3297850a","kind":"seizure","date":"2026-02-23","summary":"Seizure · Parrots & songbirds · Arapiraca","species":"birds","n_sources":1,"country":"BR","level":"city","basis":"text"}},{"type":"Feature","geometry":{"type":"Point","coordinates":[-37.12,-7.8894]},"properties":{"id":"6a80369ad55a","kind":"seizure","date":"2026-02-20","summary":"Seizure · Parrots & songbirds · Monteiro","species":"birds","n_sources":1,"country":"BR","level":"city","basis":"text"}},{"type":"Feature","geometry":{"type":"Point","coordinates":[11.5167,3.8667]},"properties":{"id":"a884c16a759a","kind":"seizure","date":"2026-02-19","summary":"Seizure · Pangolin, Primates · 50 kg · Cameroon","species":"pangolin,primates","n_sources":1,"country":"CM","level":"country","basis":"text"}},{"type":"Feature","geometry":{"type":"Point","coordinates":[36.93,-1.32]},"properties":{"id":"0ac35736ec84","kind":"seizure","date":"2026-02-19","summary":"Seizure · Wildlife (unspecified) · Jomo Kenyatta","species":"wildlife_general","n_sources":1,"country":"KE","level":"airport","basis":"text"}},{"type":"Feature","geometry":{"type":"Point","coordinates":[-99.1277,19.4285]},"properties":{"id":"8e633f7784ed","kind":"seizure","date":"2026-02-18","summary":"Seizure · Parrots & songbirds · 11 parrots · Mexico","species":"birds","n_sources":1,"country":"MX","level":"country","basis":"text"}},{"type":"Feature","geometry":{"type":"Point","coordinates":[79.42,13.63]},"properties":{"id":"47c7997e0e6a","kind":"seizure","date":"2026-02-18","summary":"Seizure · Red sanders · Tirupati","species":"red_sanders","n_sources":2,"country":"IN","level":"city","basis":"text"}},{"type":"Feature","geometry":{"type":"Point","coordinates":[-77.0364,38.8951]},"properties":{"id":"9e7ffdf75d44","kind":"seizure","date":"2026-02-18","summary":"Seizure · Wildlife (unspecified) · United States","species":"wildlife_general","n_sources":1,"country":"US","level":"country","basis":"text"}},{"type":"Feature","geometry":{"type":"Point","coordinates":[25.6149,-33.9611]},"properties":{"id":"c0b62ce5f93e","kind":"seizure","date":"2026-02-17","summary":"Seizure · Abalone · Gqeberha","species":"abalone","n_sources":2,"country":"ZA","level":"city","basis":"text"}},{"type":"Feature","geometry":{"type":"Point","coordinates":[89.528,26.4914]},"properties":{"id":"e1bba5713961","kind":"arrest","date":"2026-02-16","summary":"Arrest · Pangolin · 1.71 kg · Alipurduar","species":"pangolin","n_sources":1,"country":"IN","level":"district","basis":"text"}},{"type":"Feature","geometry":{"type":"Point","coordinates":[-47.3314,-22.7392]},"properties":{"id":"482afeb0be34","kind":"rescue","date":"2026-02-15","summary":"Rescue · Parrots & songbirds · Americana","species":"birds","n_sources":1,"country":"BR","level":"city","basis":"text"}},{"type":"Feature","geometry":{"type":"Point","coordinates":[-84.388,33.749]},"properties":{"id":"45a63a2d1ef4","kind":"seizure","date":"2026-02-13","summary":"Seizure · Elephant (ivory) · Atlanta","species":"elephant","n_sources":2,"country":"US","level":"city","basis":"text"}},{"type":"Feature","geometry":{"type":"Point","coordinates":[-51.1306,-29.6783]},"properties":{"id":"f23d1170e752","kind":"seizure","date":"2026-02-13","summary":"Seizure · Parrots & songbirds · Novo Hamburgo","species":"birds","n_sources":1,"country":"BR","level":"city","basis":"text"}},{"type":"Feature","geometry":{"type":"Point","coordinates":[-41.945,-22.5269]},"properties":{"id":"e806c18210c5","kind":"seizure","date":"2026-02-11","summary":"Seizure · Parrots & songbirds · Rio das Ostras","species":"birds","n_sources":1,"country":"BR","level":"city","basis":"text"}},{"type":"Feature","geometry":{"type":"Point","coordinates":[100.5,13.76]},"properties":{"id":"a3c266a7b780","kind":"seizure","date":"2026-02-10","summary":"Seizure · Rhinoceros · Bangkok","species":"rhino","n_sources":1,"country":"TH","level":"city","basis":"text"}},{"type":"Feature","geometry":{"type":"Point","coordinates":[-10.7969,6.3005]},"properties":{"id":"9343dbd35e51","kind":"seizure","date":"2026-02-10","summary":"Seizure · Wildlife (unspecified) · Liberia","species":"wildlife_general","n_sources":1,"country":"LR","level":"country","basis":"text"}},{"type":"Feature","geometry":{"type":"Point","coordinates":[100.99,15.87]},"properties":{"id":"f553dc83d601","kind":"seizure","date":"2026-02-09","summary":"Seizure · Rhinoceros · Thailand","species":"rhino","n_sources":1,"country":"TH","level":"country","basis":"text"}},{"type":"Feature","geometry":{"type":"Point","coordinates":[113.92,-0.79]},"properties":{"id":"de5a4234cf63","kind":"seizure","date":"2026-02-09","summary":"Seizure · Monitor lizard · Indonesia","species":"monitor_lizard","n_sources":1,"country":"ID","level":"country","basis":"text"}},{"type":"Feature","geometry":{"type":"Point","coordinates":[75.3576,11.8675]},"properties":{"id":"b5a50ea4f086","kind":"seizure","date":"2026-02-08","summary":"Seizure · Tiger · Kannur","species":"tiger","n_sources":2,"country":"IN","level":"city","basis":"text"}},{"type":"Feature","geometry":{"type":"Point","coordinates":[86.6883,21.2785]},"properties":{"id":"f5e12a8155e3","kind":"seizure","date":"2026-02-06","summary":"Seizure · Elephant (ivory) · Soro","species":"elephant","n_sources":1,"country":"IN","level":"city","basis":"text"}},{"type":"Feature","geometry":{"type":"Point","coordinates":[75.7937,25.4844]},"properties":{"id":"3db844d236e2","kind":"seizure","date":"2026-02-06","summary":"Seizure · Turtles & tortoises · 13 tortoises · Bundi","species":"turtles","n_sources":1,"country":"IN","level":"district","basis":"text"}},{"type":"Feature","geometry":{"type":"Point","coordinates":[114.59,-0.28]},"properties":{"id":"f3135e15ba4c","kind":"seizure","date":"2026-02-05","summary":"Seizure · Wildlife (unspecified) · Kalimantan","species":"wildlife_general","n_sources":1,"country":"ID","level":"region","basis":"text"}},{"type":"Feature","geometry":{"type":"Point","coordinates":[100.75,13.69]},"properties":{"id":"f107f3923487","kind":"seizure","date":"2026-02-03","summary":"Seizure · Wildlife (unspecified) · Suvarnabhumi","species":"wildlife_general","n_sources":3,"country":"TH","level":"airport","basis":"text"}},{"type":"Feature","geometry":{"type":"Point","coordinates":[-118.343,46.0646]},"properties":{"id":"711a6ffbc524","kind":"seizure","date":"2026-02-03","summary":"Seizure · Wildlife (unspecified) · Walla Walla","species":"wildlife_general","n_sources":1,"country":"US","level":"city","basis":"text"}},{"type":"Feature","geometry":{"type":"Point","coordinates":[79.74,15.91]},"properties":{"id":"75befe515403","kind":"seizure","date":"2026-01-29","summary":"Seizure · Red sanders, Sandalwood · Andhra Pradesh","species":"red_sanders,sandalwood","n_sources":2,"country":"IN","level":"state","basis":"text"}},{"type":"Feature","geometry":{"type":"Point","coordinates":[-99.1277,19.4285]},"properties":{"id":"1c9821813bdc","kind":"seizure","date":"2026-01-29","summary":"Seizure · Wildlife (unspecified) · Mexico","species":"wildlife_general","n_sources":1,"country":"MX","level":"country","basis":"text"}},{"type":"Feature","geometry":{"type":"Point","coordinates":[106.9896,-6.2349]},"properties":{"id":"5c0ec25a400d","kind":"arrest","date":"2026-01-29","summary":"Arrest · Monitor lizard · Bekasi","species":"monitor_lizard","n_sources":1,"country":"ID","level":"city","basis":"text"}},{"type":"Feature","geometry":{"type":"Point","coordinates":[77.59,12.97]},"properties":{"id":"fa9b399f5698","kind":"seizure","date":"2026-01-28","summary":"Seizure · Wildlife (unspecified) · Bengaluru","species":"wildlife_general","n_sources":1,"country":"IN","level":"city","basis":"text"}},{"type":"Feature","geometry":{"type":"Point","coordinates":[78.4192,24.6901]},"properties":{"id":"a3916f29d8d0","kind":"arrest","date":"2026-01-27","summary":"Arrest · Turtles & tortoises · Lalitpur","species":"turtles","n_sources":1,"country":"IN","level":"city","basis":"text"}},{"type":"Feature","geometry":{"type":"Point","coordinates":[-119.7724,36.7477]},"properties":{"id":"e3293b651970","kind":"seizure","date":"2026-01-26","summary":"Seizure · Wildlife (unspecified) · Fresno","species":"wildlife_general","n_sources":1,"country":"US","level":"city","basis":"text"}},{"type":"Feature","geometry":{"type":"Point","coordinates":[-119.7724,36.7477]},"properties":{"id":"3821d5173d40","kind":"seizure","date":"2026-01-26","summary":"Seizure · Rhinoceros · Fresno","species":"rhino","n_sources":1,"country":"US","level":"city","basis":"text"}},{"type":"Feature","geometry":{"type":"Point","coordinates":[78.67,22.35]},"properties":{"id":"9effec93e5a4","kind":"seizure","date":"2026-01-23","summary":"Seizure · Pangolin · India","species":"pangolin","n_sources":1,"country":"IN","level":"country","basis":"text"}},{"type":"Feature","geometry":{"type":"Point","coordinates":[82.55,19.2333]},"properties":{"id":"7167fdd129b7","kind":"seizure","date":"2026-01-23","summary":"Seizure · Leopard · Nabarangpur","species":"leopard","n_sources":1,"country":"IN","level":"district","basis":"text"}},{"type":"Feature","geometry":{"type":"Point","coordinates":[84.0833,23.9167]},"properties":{"id":"11b125d4f07f","kind":"seizure","date":"2026-01-20","summary":"Seizure · Wildlife (unspecified) · Palāmu","species":"wildlife_general","n_sources":1,"country":"IN","level":"district","basis":"text"}},{"type":"Feature","geometry":{"type":"Point","coordinates":[8.68,9.08]},"properties":{"id":"38aab56eba6b","kind":"seizure","date":"2026-01-20","summary":"Seizure · Pangolin · 4 live · Nigeria","species":"pangolin","n_sources":1,"country":"NG","level":"country","basis":"text"}},{"type":"Feature","geometry":{"type":"Point","coordinates":[-52.0986,-32.035]},"properties":{"id":"94cde3088c3b","kind":"seizure","date":"2026-01-16","summary":"Seizure · Turtles & tortoises · Rio Grande","species":"turtles","n_sources":2,"country":"BR","level":"city","basis":"text"}},{"type":"Feature","geometry":{"type":"Point","coordinates":[-49.3553,-6.1042]},"properties":{"id":"d683f4fda506","kind":"seizure","date":"2026-01-15","summary":"Seizure · Parrots & songbirds, Rosewood & timber · Eldorado dos Carajás","species":"birds,rosewood","n_sources":1,"country":"BR","level":"city","basis":"text"}},{"type":"Feature","geometry":{"type":"Point","coordinates":[77.6385,12.7861]},"properties":{"id":"71f21f951de4","kind":"arrest","date":"2026-01-14","summary":"Arrest · Elephant (ivory) · Jigani","species":"elephant","n_sources":1,"country":"IN","level":"city","basis":"text"}},{"type":"Feature","geometry":{"type":"Point","coordinates":[101.69,3.14]},"properties":{"id":"97929621d80d","kind":"seizure","date":"2026-01-14","summary":"Seizure · Wildlife (unspecified) · Kuala Lumpur","species":"wildlife_general","n_sources":1,"country":"MY","level":"city","basis":"text"}},{"type":"Feature","geometry":{"type":"Point","coordinates":[-46.5247,-23.5956]},"properties":{"id":"d378b14ce51e","kind":"rescue","date":"2026-01-13","summary":"Rescue · Wildlife (unspecified) · Sapopemba","species":"wildlife_general","n_sources":1,"country":"BR","level":"city","basis":"text"}},{"type":"Feature","geometry":{"type":"Point","coordinates":[86.1855,22.8028]},"properties":{"id":"cdab268acaf0","kind":"seizure","date":"2026-01-12","summary":"Seizure · Parrots & songbirds · 100 parrots · Jamshedpur","species":"birds","n_sources":1,"country":"IN","level":"city","basis":"text"}},{"type":"Feature","geometry":{"type":"Point","coordinates":[86.1855,22.8028]},"properties":{"id":"e6e9cede3910","kind":"seizure","date":"2026-01-12","summary":"Seizure · Wildlife (unspecified) · Jamshedpur","species":"wildlife_general","n_sources":2,"country":"IN","level":"city","basis":"text"}},{"type":"Feature","geometry":{"type":"Point","coordinates":[73.86,18.52]},"properties":{"id":"dade7d6038d1","kind":"arrest","date":"2026-01-11","summary":"Arrest · Parrots & songbirds · 6 parakeets · Pune","species":"birds","n_sources":1,"country":"IN","level":"city","basis":"text"}},{"type":"Feature","geometry":{"type":"Point","coordinates":[82.97,25.32]},"properties":{"id":"cea4e1ddd350","kind":"seizure","date":"2026-01-07","summary":"Seizure · Wildlife (unspecified) · 334 parrots · Varanasi","species":"wildlife_general","n_sources":1,"country":"IN","level":"city","basis":"text"}},{"type":"Feature","geometry":{"type":"Point","coordinates":[77.21,28.61]},"properties":{"id":"aa5938cc4185","kind":"seizure","date":"2026-01-06","summary":"Seizure · Wildlife (unspecified) · Delhi","species":"wildlife_general","n_sources":1,"country":"IN","level":"city","basis":"text"}},{"type":"Feature","geometry":{"type":"Point","coordinates":[-103.3475,20.6774]},"properties":{"id":"07c7caa19910","kind":"rescue","date":"2026-01-03","summary":"Rescue · Primates · Guadalajara","species":"primates","n_sources":1,"country":"MX","level":"city","basis":"text"}},{"type":"Feature","geometry":{"type":"Point","coordinates":[82.5,20.6]},"properties":{"id":"ccf6650ff6e9","kind":"seizure","date":"2026-01-02","summary":"Seizure · Leopard · 2 skins · Nuapada","species":"leopard","n_sources":1,"country":"IN","level":"district","basis":"text"}},{"type":"Feature","geometry":{"type":"Point","coordinates":[-87.2068,14.0818]},"properties":{"id":"ecc9df1678c2","kind":"seizure","date":"2026-01-02","summary":"Seizure · Wildlife (unspecified) · Honduras","species":"wildlife_general","n_sources":1,"country":"HN","level":"country","basis":"text"}},{"type":"Feature","geometry":{"type":"Point","coordinates":[22.94,-30.56]},"properties":{"id":"41ba2f0baa10","kind":"seizure","date":"2025-12-30","summary":"Seizure · Rhinoceros · 55.4 kg · South Africa","species":"rhino","n_sources":1,"country":"ZA","level":"country","basis":"text"}},{"type":"Feature","geometry":{"type":"Point","coordinates":[-35.2094,-5.795]},"properties":{"id":"4a2e494f2b1a","kind":"seizure","date":"2025-12-29","summary":"Seizure · Rosewood & timber · Natal","species":"rosewood","n_sources":1,"country":"BR","level":"city","basis":"text"}},{"type":"Feature","geometry":{"type":"Point","coordinates":[79.42,13.63]},"properties":{"id":"1207ec6cbf2c","kind":"seizure","date":"2025-12-28","summary":"Seizure · Red sanders · Tirupati","species":"red_sanders","n_sources":1,"country":"IN","level":"city","basis":"text"}},{"type":"Feature","geometry":{"type":"Point","coordinates":[122.0171,11.7403]},"properties":{"id":"bf6ca004deb4","kind":"seizure","date":"2025-12-28","summary":"Seizure · Wildlife (unspecified) · Patria","species":"wildlife_general","n_sources":1,"country":"PH","level":"city","basis":"text"}},{"type":"Feature","geometry":{"type":"Point","coordinates":[104.2,35.86]},"properties":{"id":"0d886b756e0f","kind":"seizure","date":"2025-12-23","summary":"Seizure · Wildlife (unspecified) · China","species":"wildlife_general","n_sources":1,"country":"CN","level":"country","basis":"text"}},{"type":"Feature","geometry":{"type":"Point","coordinates":[-51.1606,-29.5911]},"properties":{"id":"ef2582df3b46","kind":"rescue","date":"2025-12-22","summary":"Rescue · Parrots & songbirds · Ivoti","species":"birds","n_sources":1,"country":"BR","level":"city","basis":"text"}},{"type":"Feature","geometry":{"type":"Point","coordinates":[-78.525,-0.2298]},"properties":{"id":"cf08fa26a3e8","kind":"seizure","date":"2025-12-19","summary":"Seizure · Sharks, rays & sea cucumbers · Ecuador","species":"shark_ray","n_sources":1,"country":"EC","level":"country","basis":"text"}},{"type":"Feature","geometry":{"type":"Point","coordinates":[22.94,-30.56]},"properties":{"id":"b560591c66c7","kind":"seizure","date":"2025-12-19","summary":"Seizure · Rhinoceros · South Africa","species":"rhino","n_sources":1,"country":"ZA","level":"country","basis":"text"}},{"type":"Feature","geometry":{"type":"Point","coordinates":[-44.7816,-4.2325]},"properties":{"id":"1acb7ce2770c","kind":"seizure","date":"2025-12-17","summary":"Seizure · Parrots & songbirds · Bacabal","species":"birds","n_sources":1,"country":"BR","level":"city","basis":"text"}},{"type":"Feature","geometry":{"type":"Point","coordinates":[-6.2489,53.3331]},"properties":{"id":"344aa741646e","kind":"seizure","date":"2025-12-16","summary":"Seizure · Bears · Dublin","species":"bear","n_sources":3,"country":"IE","level":"city","basis":"text"}},{"type":"Feature","geometry":{"type":"Point","coordinates":[-51.7342,-19.1133]},"properties":{"id":"1a42c91a34b7","kind":"rescue","date":"2025-12-16","summary":"Rescue · Primates · Cassilândia","species":"primates","n_sources":1,"country":"BR","level":"city","basis":"text"}},{"type":"Feature","geometry":{"type":"Point","coordinates":[-77.0282,-12.0432]},"properties":{"id":"32f64643a8f4","kind":"seizure","date":"2025-12-15","summary":"Seizure · Sharks, rays & sea cucumbers · Peru","species":"shark_ray","n_sources":1,"country":"PE","level":"country","basis":"text"}},{"type":"Feature","geometry":{"type":"Point","coordinates":[-43.3561,-4.8589]},"properties":{"id":"3d5e6ab16728","kind":"rescue","date":"2025-12-15","summary":"Rescue · Wildlife (unspecified) · Caxias","species":"wildlife_general","n_sources":1,"country":"BR","level":"city","basis":"text"}},{"type":"Feature","geometry":{"type":"Point","coordinates":[80.27,13.08]},"properties":{"id":"654d2e19d417","kind":"seizure","date":"2025-12-14","summary":"Seizure · Red sanders · Chennai","species":"red_sanders","n_sources":2,"country":"IN","level":"city","basis":"text"}},{"type":"Feature","geometry":{"type":"Point","coordinates":[78.12,9.93]},"properties":{"id":"957c71fc1918","kind":"seizure","date":"2025-12-14","summary":"Seizure · Turtles & tortoises · 3101 turtles · Madurai","species":"turtles","n_sources":1,"country":"IN","level":"city","basis":"text"}},{"type":"Feature","geometry":{"type":"Point","coordinates":[77.59,12.97]},"properties":{"id":"bd370bc6093c","kind":"seizure","date":"2025-12-11","summary":"Seizure · Wildlife (unspecified) · Bengaluru","species":"wildlife_general","n_sources":1,"country":"IN","level":"city","basis":"text"}},{"type":"Feature","geometry":{"type":"Point","coordinates":[-0.1257,51.5085]},"properties":{"id":"6b82cc2fa16d","kind":"seizure","date":"2025-12-11","summary":"Seizure · Pangolin · London","species":"pangolin","n_sources":4,"country":"GB","level":"city","basis":"text"}},{"type":"Feature","geometry":{"type":"Point","coordinates":[-42.8454,-6.2432]},"properties":{"id":"068d7d9feede","kind":"seizure","date":"2025-12-11","summary":"Seizure · Wildlife (unspecified) · Amarante","species":"wildlife_general","n_sources":1,"country":"BR","level":"city","basis":"text"}},{"type":"Feature","geometry":{"type":"Point","coordinates":[113.92,-0.79]},"properties":{"id":"74847cc5a34a","kind":"seizure","date":"2025-12-11","summary":"Seizure · Turtles & tortoises · Indonesia","species":"turtles","n_sources":1,"country":"ID","level":"country","basis":"outlet"}},{"type":"Feature","geometry":{"type":"Point","coordinates":[22.94,-30.56]},"properties":{"id":"4bb9235b2287","kind":"seizure","date":"2025-12-10","summary":"Seizure · Rhinoceros · South Africa","species":"rhino","n_sources":1,"country":"ZA","level":"country","basis":"text"}},{"type":"Feature","geometry":{"type":"Point","coordinates":[-43.8617,-16.735]},"properties":{"id":"4b6a3dd69ca1","kind":"seizure","date":"2025-12-09","summary":"Seizure · Wildlife (unspecified) · Montes Claros","species":"wildlife_general","n_sources":1,"country":"BR","level":"city","basis":"text"}},{"type":"Feature","geometry":{"type":"Point","coordinates":[78.67,22.35]},"properties":{"id":"d05f61a384f7","kind":"seizure","date":"2025-12-06","summary":"Seizure · Wildlife (unspecified) · India","species":"wildlife_general","n_sources":1,"country":"IN","level":"country","basis":"text"}},{"type":"Feature","geometry":{"type":"Point","coordinates":[75.71,15.32]},"properties":{"id":"60e1d3946d90","kind":"seizure","date":"2025-12-05","summary":"Seizure · Red sanders · Karnataka","species":"red_sanders","n_sources":1,"country":"IN","level":"state","basis":"text"}},{"type":"Feature","geometry":{"type":"Point","coordinates":[-51.2894,-0.115]},"properties":{"id":"db7102b481bb","kind":"seizure","date":"2025-12-05","summary":"Seizure · Rosewood & timber · Mazagão","species":"rosewood","n_sources":1,"country":"BR","level":"city","basis":"text"}},{"type":"Feature","geometry":{"type":"Point","coordinates":[21.2561,-28.4478]},"properties":{"id":"318a01007051","kind":"arrest","date":"2025-12-05","summary":"Arrest · Rhinoceros · Upington","species":"rhino","n_sources":1,"country":"ZA","level":"city","basis":"text"}},{"type":"Feature","geometry":{"type":"Point","coordinates":[77.59,12.97]},"properties":{"id":"eae0ede4f436","kind":"seizure","date":"2025-12-04","summary":"Seizure · Red sanders, Sandalwood · Bengaluru","species":"red_sanders,sandalwood","n_sources":1,"country":"IN","level":"city","basis":"text"}},{"type":"Feature","geometry":{"type":"Point","coordinates":[28.0988,-26.1053]},"properties":{"id":"f2d9a749ba86","kind":"rescue","date":"2025-12-04","summary":"Rescue · Primates · Alexandra","species":"primates","n_sources":1,"country":"ZA","level":"city","basis":"text"}},{"type":"Feature","geometry":{"type":"Point","coordinates":[-8.6231,52.6647]},"properties":{"id":"e24992fde838","kind":"seizure","date":"2025-12-03","summary":"Seizure · Rhinoceros · Limerick","species":"rhino","n_sources":1,"country":"IE","level":"city","basis":"text"}},{"type":"Feature","geometry":{"type":"Point","coordinates":[-121.4944,38.5816]},"properties":{"id":"5054c82694ab","kind":"arrest","date":"2025-12-03","summary":"Arrest · Abalone · Sacramento","species":"abalone","n_sources":2,"country":"US","level":"city","basis":"text"}},{"type":"Feature","geometry":{"type":"Point","coordinates":[-52.2567,-15.89]},"properties":{"id":"b6a7f53b27c1","kind":"seizure","date":"2025-12-03","summary":"Seizure · Parrots & songbirds · Barra do Garças","species":"birds","n_sources":1,"country":"BR","level":"city","basis":"text"}},{"type":"Feature","geometry":{"type":"Point","coordinates":[-47.9297,-15.7797]},"properties":{"id":"840dd881c81b","kind":"seizure","date":"2025-12-02","summary":"Seizure · Turtles & tortoises · Brasília","species":"turtles","n_sources":1,"country":"BR","level":"city","basis":"text"}},{"type":"Feature","geometry":{"type":"Point","coordinates":[-44.8214,-2.6958]},"properties":{"id":"4470294bc1ca","kind":"rescue","date":"2025-12-02","summary":"Rescue · Primates · São Bento","species":"primates","n_sources":1,"country":"BR","level":"city","basis":"text"}},{"type":"Feature","geometry":{"type":"Point","coordinates":[-47.8103,-21.1775]},"properties":{"id":"ff63b2ed018e","kind":"rescue","date":"2025-12-02","summary":"Rescue · Primates · Ribeirão Preto","species":"primates","n_sources":1,"country":"BR","level":"city","basis":"text"}},{"type":"Feature","geometry":{"type":"Point","coordinates":[121.77,12.88]},"properties":{"id":"31e166071957","kind":"seizure","date":"2025-11-27","summary":"Seizure · Agarwood (oud) · Philippines","species":"agarwood","n_sources":1,"country":"PH","level":"country","basis":"outlet"}},{"type":"Feature","geometry":{"type":"Point","coordinates":[108.28,14.06]},"properties":{"id":"8c6566faa0ad","kind":"seizure","date":"2025-11-26","summary":"Seizure · Wildlife (unspecified) · Vietnam","species":"wildlife_general","n_sources":1,"country":"VN","level":"country","basis":"outlet"}},{"type":"Feature","geometry":{"type":"Point","coordinates":[-46.6228,-23.6861]},"properties":{"id":"88d3454d5d10","kind":"rescue","date":"2025-11-25","summary":"Rescue · Wildlife (unspecified) · Diadema","species":"wildlife_general","n_sources":1,"country":"BR","level":"city","basis":"text"}},{"type":"Feature","geometry":{"type":"Point","coordinates":[-77.0282,-12.0432]},"properties":{"id":"1ae991b29f04","kind":"seizure","date":"2025-11-20","summary":"Seizure · Sharks, rays & sea cucumbers · Peru","species":"shark_ray","n_sources":2,"country":"PE","level":"country","basis":"text"}},{"type":"Feature","geometry":{"type":"Point","coordinates":[8.68,9.08]},"properties":{"id":"c5bab2a0b3a4","kind":"seizure","date":"2025-11-19","summary":"Seizure · Pangolin · Nigeria","species":"pangolin","n_sources":1,"country":"NG","level":"country","basis":"text"}},{"type":"Feature","geometry":{"type":"Point","coordinates":[28.1878,-25.7449]},"properties":{"id":"d7542ff93e5c","kind":"seizure","date":"2025-11-19","summary":"Seizure · Pangolin · Pretoria","species":"pangolin","n_sources":1,"country":"ZA","level":"city","basis":"text"}},{"type":"Feature","geometry":{"type":"Point","coordinates":[123.668,8.5942]},"properties":{"id":"ab03a26619f5","kind":"seizure","date":"2025-11-19","summary":"Seizure · Sharks, rays & sea cucumbers · Unidos","species":"shark_ray","n_sources":2,"country":"PH","level":"city","basis":"text"}},{"type":"Feature","geometry":{"type":"Point","coordinates":[103.99,1.36]},"properties":{"id":"7118e00983cf","kind":"seizure","date":"2025-11-18","summary":"Seizure · Rhinoceros · Changi","species":"rhino","n_sources":1,"country":"SG","level":"airport","basis":"text"}},{"type":"Feature","geometry":{"type":"Point","coordinates":[-40.8394,-14.8661]},"properties":{"id":"6b6c5d760276","kind":"seizure","date":"2025-11-18","summary":"Seizure · Wildlife (unspecified) · Vitória da Conquista","species":"wildlife_general","n_sources":1,"country":"BR","level":"city","basis":"text"}},{"type":"Feature","geometry":{"type":"Point","coordinates":[-71.5375,-16.399]},"properties":{"id":"453029b44c77","kind":"seizure","date":"2025-11-17","summary":"Seizure · Wildlife (unspecified) · Arequipa","species":"wildlife_general","n_sources":1,"country":"PE","level":"city","basis":"text"}},{"type":"Feature","geometry":{"type":"Point","coordinates":[102.0722,13.8141]},"properties":{"id":"e7d7ca17b4b2","kind":"rescue","date":"2025-11-15","summary":"Rescue · Primates · Sa Kaeo","species":"primates","n_sources":1,"country":"TH","level":"city","basis":"text"}},{"type":"Feature","geometry":{"type":"Point","coordinates":[100.99,15.87]},"properties":{"id":"15b1508fba54","kind":"arrest","date":"2025-11-15","summary":"Arrest · Primates · Thailand","species":"primates","n_sources":1,"country":"TH","level":"country","basis":"text"}},{"type":"Feature","geometry":{"type":"Point","coordinates":[-39.2835,-7.5817]},"properties":{"id":"67ab150c20dc","kind":"seizure","date":"2025-11-15","summary":"Seizure · Parrots & songbirds · Jardim","species":"birds","n_sources":1,"country":"BR","level":"city","basis":"text"}},{"type":"Feature","geometry":{"type":"Point","coordinates":[-36.5022,-8.882]},"properties":{"id":"da09fdb174bc","kind":"rescue","date":"2025-11-15","summary":"Rescue · Turtles & tortoises · Garanhuns","species":"turtles","n_sources":1,"country":"BR","level":"city","basis":"text"}},{"type":"Feature","geometry":{"type":"Point","coordinates":[-99.1277,19.4285]},"properties":{"id":"3babee964cea","kind":"seizure","date":"2025-11-14","summary":"Seizure · Turtles & tortoises · Mexico","species":"turtles","n_sources":1,"country":"MX","level":"country","basis":"text"}},{"type":"Feature","geometry":{"type":"Point","coordinates":[98.67,3.6]},"properties":{"id":"28f1f1730e2d","kind":"arrest","date":"2025-11-14","summary":"Arrest · Pangolin · 13 kilogram · Medan","species":"pangolin","n_sources":2,"country":"ID","level":"city","basis":"text"}},{"type":"Feature","geometry":{"type":"Point","coordinates":[77.59,12.97]},"properties":{"id":"39340cda051f","kind":"seizure","date":"2025-11-12","summary":"Seizure · Hornbills, Primates · Bengaluru","species":"hornbill,primates","n_sources":1,"country":"IN","level":"city","basis":"text"}},{"type":"Feature","geometry":{"type":"Point","coordinates":[-77.1345,-12.0516]},"properties":{"id":"112118b70434","kind":"seizure","date":"2025-11-10","summary":"Seizure · Sharks, rays & sea cucumbers · Callao","species":"shark_ray","n_sources":7,"country":"PE","level":"city","basis":"text"}},{"type":"Feature","geometry":{"type":"Point","coordinates":[22.4617,-33.963]},"properties":{"id":"5497da3654ee","kind":"seizure","date":"2025-11-10","summary":"Seizure · Abalone · George","species":"abalone","n_sources":2,"country":"ZA","level":"city","basis":"text"}},{"type":"Feature","geometry":{"type":"Point","coordinates":[73.1355,19.2437]},"properties":{"id":"0d8b5eab1b81","kind":"seizure","date":"2025-11-09","summary":"Seizure · Red sanders, Sandalwood · Kalyān","species":"red_sanders,sandalwood","n_sources":2,"country":"IN","level":"city","basis":"text"}},{"type":"Feature","geometry":{"type":"Point","coordinates":[18.4232,-33.9258]},"properties":{"id":"4d5fd1f125bf","kind":"seizure","date":"2025-11-09","summary":"Seizure · Abalone · Cape Town","species":"abalone","n_sources":1,"country":"ZA","level":"city","basis":"text"}},{"type":"Feature","geometry":{"type":"Point","coordinates":[-47.4008,-20.5386]},"properties":{"id":"b346066382e4","kind":"seizure","date":"2025-11-07","summary":"Seizure · Parrots & songbirds · Franca","species":"birds","n_sources":1,"country":"BR","level":"city","basis":"text"}},{"type":"Feature","geometry":{"type":"Point","coordinates":[79.42,13.63]},"properties":{"id":"45e758efd8d9","kind":"seizure","date":"2025-11-05","summary":"Seizure · Red sanders · 20 logs · Tirupati","species":"red_sanders","n_sources":2,"country":"IN","level":"city","basis":"text"}},{"type":"Feature","geometry":{"type":"Point","coordinates":[114.17,22.32]},"properties":{"id":"c5a6bec8d26a","kind":"seizure","date":"2025-11-05","summary":"Seizure · Wildlife (unspecified) · Hong Kong","species":"wildlife_general","n_sources":2,"country":"HK","level":"city","basis":"text"}},{"type":"Feature","geometry":{"type":"Point","coordinates":[34.3,-13.25]},"properties":{"id":"da9817238eb7","kind":"seizure","date":"2025-11-05","summary":"Seizure · Wildlife (unspecified) · Malawi","species":"wildlife_general","n_sources":1,"country":"MW","level":"country","basis":"text"}},{"type":"Feature","geometry":{"type":"Point","coordinates":[34.3,-13.25]},"properties":{"id":"42a46cf7211b","kind":"seizure","date":"2025-11-05","summary":"Seizure · Wildlife (unspecified) · Malawi","species":"wildlife_general","n_sources":1,"country":"MW","level":"country","basis":"text"}},{"type":"Feature","geometry":{"type":"Point","coordinates":[85.82,20.3]},"properties":{"id":"2ca0905abdac","kind":"seizure","date":"2025-11-03","summary":"Seizure · Leopard · Bhubaneswar","species":"leopard","n_sources":2,"country":"IN","level":"city","basis":"text"}},{"type":"Feature","geometry":{"type":"Point","coordinates":[72.87,19.09]},"properties":{"id":"dc870be8a575","kind":"rescue","date":"2025-11-01","summary":"Rescue · Primates · Chhatrapati Shivaji","species":"primates","n_sources":1,"country":"IN","level":"airport","basis":"text"}},{"type":"Feature","geometry":{"type":"Point","coordinates":[78.4192,24.6901]},"properties":{"id":"54592211ec25","kind":"arrest","date":"2025-10-31","summary":"Arrest · Leopard · Lalitpur","species":"leopard","n_sources":1,"country":"IN","level":"city","basis":"text"}},{"type":"Feature","geometry":{"type":"Point","coordinates":[-61.9014,-11.1753]},"properties":{"id":"3c3617156443","kind":"seizure","date":"2025-10-31","summary":"Seizure · Rosewood & timber · Presidente Médici","species":"rosewood","n_sources":1,"country":"BR","level":"city","basis":"text"}},{"type":"Feature","geometry":{"type":"Point","coordinates":[-117.2425,33.2]},"properties":{"id":"d27ff8e34118","kind":"seizure","date":"2025-10-31","summary":"Seizure · Wildlife (unspecified) · Vista","species":"wildlife_general","n_sources":1,"country":"US","level":"city","basis":"text"}},{"type":"Feature","geometry":{"type":"Point","coordinates":[-38.491,-12.9756]},"properties":{"id":"53ec71f5f327","kind":"seizure","date":"2025-10-30","summary":"Seizure · Wildlife (unspecified) · Salvador","species":"wildlife_general","n_sources":1,"country":"BR","level":"city","basis":"text"}},{"type":"Feature","geometry":{"type":"Point","coordinates":[-80.5164,43.4668]},"properties":{"id":"70d1199801ae","kind":"seizure","date":"2025-10-29","summary":"Seizure · Wildlife (unspecified) · Waterloo","species":"wildlife_general","n_sources":1,"country":"CA","level":"city","basis":"text"}},{"type":"Feature","geometry":{"type":"Point","coordinates":[-43.3503,-21.7642]},"properties":{"id":"dd0feac69440","kind":"seizure","date":"2025-10-29","summary":"Seizure · Wildlife (unspecified) · Juiz de Fora","species":"wildlife_general","n_sources":3,"country":"BR","level":"city","basis":"text"}},{"type":"Feature","geometry":{"type":"Point","coordinates":[-44.3028,-2.5297]},"properties":{"id":"d2eff58fcd98","kind":"rescue","date":"2025-10-29","summary":"Rescue · Parrots & songbirds · São Luís","species":"birds","n_sources":1,"country":"BR","level":"city","basis":"text"}},{"type":"Feature","geometry":{"type":"Point","coordinates":[35.53,-18.67]},"properties":{"id":"f2598dd58225","kind":"arrest","date":"2025-10-28","summary":"Arrest · Elephant (ivory) · Mozambique","species":"elephant","n_sources":1,"country":"MZ","level":"country","basis":"text"}},{"type":"Feature","geometry":{"type":"Point","coordinates":[70.7932,22.2916]},"properties":{"id":"8aa965c398b9","kind":"seizure","date":"2025-10-26","summary":"Seizure · Pangolin · Rājkot","species":"pangolin","n_sources":1,"country":"IN","level":"city","basis":"text"}},{"type":"Feature","geometry":{"type":"Point","coordinates":[72.87,19.09]},"properties":{"id":"2a6e8120b2d1","kind":"seizure","date":"2025-10-24","summary":"Seizure · Wildlife (unspecified) · Chhatrapati Shivaji","species":"wildlife_general","n_sources":1,"country":"IN","level":"airport","basis":"text"}},{"type":"Feature","geometry":{"type":"Point","coordinates":[104.0249,1.1494]},"properties":{"id":"3aa165c0eb21","kind":"seizure","date":"2025-10-24","summary":"Seizure · Hornbills · Batam","species":"hornbill","n_sources":1,"country":"ID","level":"city","basis":"text"}},{"type":"Feature","geometry":{"type":"Point","coordinates":[-118.2437,34.0522]},"properties":{"id":"a40080136a84","kind":"seizure","date":"2025-10-23","summary":"Seizure · Elephant (ivory), Rhinoceros · Los Angeles","species":"elephant,rhino","n_sources":4,"country":"US","level":"city","basis":"text"}},{"type":"Feature","geometry":{"type":"Point","coordinates":[-38.3242,-12.6975]},"properties":{"id":"f2a62961e0cf","kind":"seizure","date":"2025-10-23","summary":"Seizure · Primates · Camaçari","species":"primates","n_sources":1,"country":"BR","level":"city","basis":"text"}},{"type":"Feature","geometry":{"type":"Point","coordinates":[-1.2076,38.0546]},"properties":{"id":"333bb92573e1","kind":"seizure","date":"2025-10-23","summary":"Seizure · Turtles & tortoises · Molina de Segura","species":"turtles","n_sources":1,"country":"ES","level":"city","basis":"text"}},{"type":"Feature","geometry":{"type":"Point","coordinates":[37.91,-0.02]},"properties":{"id":"6fb94bfbb99e","kind":"conviction","date":"2025-10-23","summary":"Conviction · Elephant (ivory) · Kenya","species":"elephant","n_sources":1,"country":"KE","level":"country","basis":"text"}},{"type":"Feature","geometry":{"type":"Point","coordinates":[35.7395,-6.1722]},"properties":{"id":"98994072beb5","kind":"seizure","date":"2025-10-21","summary":"Seizure · Wildlife (unspecified) · Tanzania","species":"wildlife_general","n_sources":2,"country":"TZ","level":"country","basis":"text"}},{"type":"Feature","geometry":{"type":"Point","coordinates":[-43.0178,-21.175]},"properties":{"id":"6fcece29205d","kind":"rescue","date":"2025-10-21","summary":"Rescue · Parrots & songbirds · Tocantins","species":"birds","n_sources":1,"country":"BR","level":"city","basis":"text"}},{"type":"Feature","geometry":{"type":"Point","coordinates":[-42.5311,-22.2819]},"properties":{"id":"19b16ac387da","kind":"rescue","date":"2025-10-21","summary":"Rescue · Parrots & songbirds · Nova Friburgo","species":"birds","n_sources":1,"country":"BR","level":"city","basis":"text"}},{"type":"Feature","geometry":{"type":"Point","coordinates":[-46.47,-23.43]},"properties":{"id":"7a4d3287695e","kind":"seizure","date":"2025-10-20","summary":"Seizure · Wildlife (unspecified) · Guarulhos","species":"wildlife_general","n_sources":1,"country":"BR","level":"airport","basis":"text"}},{"type":"Feature","geometry":{"type":"Point","coordinates":[78.67,22.35]},"properties":{"id":"45a2b15821e8","kind":"seizure","date":"2025-10-16","summary":"Seizure · Wildlife (unspecified) · India","species":"wildlife_general","n_sources":1,"country":"IN","level":"country","basis":"text"}},{"type":"Feature","geometry":{"type":"Point","coordinates":[-45.0711,-23.4339]},"properties":{"id":"20f45b74a5cf","kind":"seizure","date":"2025-10-16","summary":"Seizure · Sharks, rays & sea cucumbers · 59 kg · Ubatuba","species":"shark_ray","n_sources":2,"country":"BR","level":"city","basis":"text"}},{"type":"Feature","geometry":{"type":"Point","coordinates":[-37.1369,-4.9561]},"properties":{"id":"a78bd83dac2e","kind":"seizure","date":"2025-10-16","summary":"Seizure · Parrots & songbirds · Areia Branca","species":"birds","n_sources":1,"country":"BR","level":"city","basis":"text"}},{"type":"Feature","geometry":{"type":"Point","coordinates":[77.21,28.61]},"properties":{"id":"28f52b199372","kind":"seizure","date":"2025-10-07","summary":"Seizure · Red sanders, Sandalwood · 10 tonnes · Delhi","species":"red_sanders,sandalwood","n_sources":3,"country":"IN","level":"city","basis":"text"}},{"type":"Feature","geometry":{"type":"Point","coordinates":[79.42,13.63]},"properties":{"id":"ca056d978827","kind":"seizure","date":"2025-10-07","summary":"Seizure · Red sanders, Sandalwood · 10 tonnes · Tirupati","species":"red_sanders,sandalwood","n_sources":1,"country":"IN","level":"city","basis":"text"}},{"type":"Feature","geometry":{"type":"Point","coordinates":[79.5813,17.9995]},"properties":{"id":"754fa85be77a","kind":"seizure","date":"2025-10-05","summary":"Seizure · Pangolin · 6.5 kg · Hanamkonda","species":"pangolin","n_sources":3,"country":"IN","level":"district","basis":"text"}},{"type":"Feature","geometry":{"type":"Point","coordinates":[34.3,-13.25]},"properties":{"id":"3f98404c8827","kind":"seizure","date":"2025-10-05","summary":"Seizure · Elephant (ivory) · Malawi","species":"elephant","n_sources":1,"country":"MW","level":"country","basis":"text"}},{"type":"Feature","geometry":{"type":"Point","coordinates":[-74.0817,4.6097]},"properties":{"id":"71b09668df36","kind":"seizure","date":"2025-10-05","summary":"Seizure · Wildlife (unspecified) · Bogotá","species":"wildlife_general","n_sources":1,"country":"CO","level":"city","basis":"text"}},{"type":"Feature","geometry":{"type":"Point","coordinates":[80.3349,25.4776]},"properties":{"id":"d9e47bc83a24","kind":"rescue","date":"2025-10-04","summary":"Rescue · Parrots & songbirds · Bānda","species":"birds","n_sources":1,"country":"IN","level":"city","basis":"text"}},{"type":"Feature","geometry":{"type":"Point","coordinates":[121.77,12.88]},"properties":{"id":"2c104568434f","kind":"seizure","date":"2025-10-01","summary":"Seizure · Wildlife (unspecified) · Philippines","species":"wildlife_general","n_sources":1,"country":"PH","level":"country","basis":"text"}},{"type":"Feature","geometry":{"type":"Point","coordinates":[125.4636,5.4033]},"properties":{"id":"ce31ab00d4e7","kind":"seizure","date":"2025-10-01","summary":"Seizure · Hornbills · Sarangani","species":"hornbill","n_sources":1,"country":"PH","level":"city","basis":"text"}},{"type":"Feature","geometry":{"type":"Point","coordinates":[-42.6869,-6.2312]},"properties":{"id":"73542fda5f4a","kind":"seizure","date":"2025-09-29","summary":"Seizure · Wildlife (unspecified) · Regeneração","species":"wildlife_general","n_sources":1,"country":"BR","level":"city","basis":"text"}},{"type":"Feature","geometry":{"type":"Point","coordinates":[78.49,17.39]},"properties":{"id":"0eca4c3e0ee0","kind":"seizure","date":"2025-09-28","summary":"Seizure · Monitor lizard · Hyderabad","species":"monitor_lizard","n_sources":1,"country":"IN","level":"city","basis":"text"}},{"type":"Feature","geometry":{"type":"Point","coordinates":[91.74,26.14]},"properties":{"id":"979288531821","kind":"seizure","date":"2025-09-27","summary":"Seizure · Tiger · Guwahati","species":"tiger","n_sources":1,"country":"IN","level":"city","basis":"text"}},{"type":"Feature","geometry":{"type":"Point","coordinates":[-46.8217,-22.4361]},"properties":{"id":"6102d0caba47","kind":"seizure","date":"2025-09-26","summary":"Seizure · Parrots & songbirds · Itapira","species":"birds","n_sources":1,"country":"BR","level":"city","basis":"text"}},{"type":"Feature","geometry":{"type":"Point","coordinates":[-36.5794,-10.32]},"properties":{"id":"0625c3231b8c","kind":"rescue","date":"2025-09-26","summary":"Rescue · Parrots & songbirds · Neópolis","species":"birds","n_sources":1,"country":"BR","level":"city","basis":"text"}},{"type":"Feature","geometry":{"type":"Point","coordinates":[-48.131,-15.8091]},"properties":{"id":"89b7d3809163","kind":"seizure","date":"2025-09-24","summary":"Seizure · Wildlife (unspecified) · Ceilândia","species":"wildlife_general","n_sources":1,"country":"BR","level":"city","basis":"text"}},{"type":"Feature","geometry":{"type":"Point","coordinates":[-93.3756,18.0013]},"properties":{"id":"ee6ed15d4df6","kind":"rescue","date":"2025-09-23","summary":"Rescue · Wildlife (unspecified) · Cárdenas","species":"wildlife_general","n_sources":1,"country":"MX","level":"city","basis":"text"}},{"type":"Feature","geometry":{"type":"Point","coordinates":[101.69,3.14]},"properties":{"id":"ee83b5e86a4a","kind":"seizure","date":"2025-09-22","summary":"Seizure · Wildlife (unspecified) · Kuala Lumpur","species":"wildlife_general","n_sources":1,"country":"MY","level":"city","basis":"text"}},{"type":"Feature","geometry":{"type":"Point","coordinates":[72.88,19.08]},"properties":{"id":"ded487436f34","kind":"seizure","date":"2025-09-21","summary":"Seizure · Leopard · Mumbai","species":"leopard","n_sources":1,"country":"IN","level":"city","basis":"text"}},{"type":"Feature","geometry":{"type":"Point","coordinates":[75.71,19.75]},"properties":{"id":"7cbed3890e8a","kind":"seizure","date":"2025-09-19","summary":"Seizure · Red sanders, Sandalwood · 4000 kg · Maharashtra","species":"red_sanders,sandalwood","n_sources":1,"country":"IN","level":"state","basis":"text"}},{"type":"Feature","geometry":{"type":"Point","coordinates":[85.14,25.59]},"properties":{"id":"86c6f371b330","kind":"seizure","date":"2025-09-19","summary":"Seizure · Wildlife (unspecified) · Patna","species":"wildlife_general","n_sources":1,"country":"IN","level":"city","basis":"text"}},{"type":"Feature","geometry":{"type":"Point","coordinates":[-47.9297,-15.7797]},"properties":{"id":"edc3da156591","kind":"seizure","date":"2025-09-18","summary":"Seizure · Wildlife (unspecified) · Brazil","species":"wildlife_general","n_sources":1,"country":"BR","level":"country","basis":"text"}},{"type":"Feature","geometry":{"type":"Point","coordinates":[-48.0712,-16.0251]},"properties":{"id":"d8627664a9b4","kind":"seizure","date":"2025-09-18","summary":"Seizure · Primates · Gama","species":"primates","n_sources":1,"country":"BR","level":"city","basis":"text"}},{"type":"Feature","geometry":{"type":"Point","coordinates":[-47.9297,-15.7797]},"properties":{"id":"5197f2cd80be","kind":"seizure","date":"2025-09-17","summary":"Seizure · Turtles & tortoises · Brazil","species":"turtles","n_sources":1,"country":"BR","level":"country","basis":"text"}},{"type":"Feature","geometry":{"type":"Point","coordinates":[-77.0364,38.8951]},"properties":{"id":"94e4a1de4953","kind":"seizure","date":"2025-09-16","summary":"Seizure · Bears · Washington","species":"bear","n_sources":2,"country":"US","level":"city","basis":"text"}},{"type":"Feature","geometry":{"type":"Point","coordinates":[37.91,-0.02]},"properties":{"id":"e6b7db65c15e","kind":"conviction","date":"2025-09-16","summary":"Conviction · Elephant (ivory), Rhinoceros · Kenya","species":"elephant,rhino","n_sources":2,"country":"KE","level":"country","basis":"text"}},{"type":"Feature","geometry":{"type":"Point","coordinates":[-43.1822,-22.9064]},"properties":{"id":"dee1faa8c792","kind":"seizure","date":"2025-09-16","summary":"Seizure · Wildlife (unspecified) · Rio de Janeiro","species":"wildlife_general","n_sources":17,"country":"BR","level":"city","basis":"text"}},{"type":"Feature","geometry":{"type":"Point","coordinates":[-77.0364,38.8951]},"properties":{"id":"01fbdb4231ce","kind":"conviction","date":"2025-09-15","summary":"Conviction · Wildlife (unspecified) · Washington","species":"wildlife_general","n_sources":1,"country":"US","level":"city","basis":"text"}},{"type":"Feature","geometry":{"type":"Point","coordinates":[-71.8023,42.2626]},"properties":{"id":"a64a49a75386","kind":"arrest","date":"2025-09-14","summary":"Arrest · Abalone · Worcester","species":"abalone","n_sources":1,"country":"US","level":"city","basis":"text"}},{"type":"Feature","geometry":{"type":"Point","coordinates":[51.4215,35.6944]},"properties":{"id":"883ad05c78de","kind":"seizure","date":"2025-09-14","summary":"Seizure · Wildlife (unspecified) · Tehran","species":"wildlife_general","n_sources":1,"country":"IR","level":"city","basis":"text"}},{"type":"Feature","geometry":{"type":"Point","coordinates":[-46.8842,-23.1864]},"properties":{"id":"96a2ed904028","kind":"rescue","date":"2025-09-14","summary":"Rescue · Turtles & tortoises · Jundiaí","species":"turtles","n_sources":1,"country":"BR","level":"city","basis":"text"}},{"type":"Feature","geometry":{"type":"Point","coordinates":[100.75,13.69]},"properties":{"id":"76927b9c4853","kind":"seizure","date":"2025-09-13","summary":"Seizure · Turtles & tortoises · 187 tortoises · Suvarnabhumi","species":"turtles","n_sources":1,"country":"TH","level":"airport","basis":"text"}},{"type":"Feature","geometry":{"type":"Point","coordinates":[35.53,-18.67]},"properties":{"id":"cd766eb26a3f","kind":"arrest","date":"2025-09-10","summary":"Arrest · Pangolin · Mozambique","species":"pangolin","n_sources":1,"country":"MZ","level":"country","basis":"text"}},{"type":"Feature","geometry":{"type":"Point","coordinates":[-46.6361,-23.5475]},"properties":{"id":"0f4a873f43ed","kind":"rescue","date":"2025-09-10","summary":"Rescue · Parrots & songbirds · São Paulo","species":"birds","n_sources":1,"country":"BR","level":"city","basis":"text"}},{"type":"Feature","geometry":{"type":"Point","coordinates":[100.5,13.76]},"properties":{"id":"1fb3b277f299","kind":"seizure","date":"2025-09-07","summary":"Seizure · Rhinoceros · Bangkok","species":"rhino","n_sources":1,"country":"TH","level":"city","basis":"text"}},{"type":"Feature","geometry":{"type":"Point","coordinates":[103.82,1.35]},"properties":{"id":"ebf1537af2c1","kind":"seizure","date":"2025-09-06","summary":"Seizure · Elephant (ivory), Pangolin · 12.7 tonnes · Singapore","species":"elephant,pangolin","n_sources":2,"country":"SG","level":"country","basis":"text"}},{"type":"Feature","geometry":{"type":"Point","coordinates":[-46.7269,-23.8275]},"properties":{"id":"fd6dc31759ad","kind":"seizure","date":"2025-09-06","summary":"Seizure · Parrots & songbirds · Parelheiros","species":"birds","n_sources":1,"country":"BR","level":"city","basis":"text"}},{"type":"Feature","geometry":{"type":"Point","coordinates":[-38.491,-12.9756]},"properties":{"id":"a3720171b60f","kind":"arrest","date":"2025-09-05","summary":"Arrest · Wildlife (unspecified) · Salvador","species":"wildlife_general","n_sources":4,"country":"BR","level":"city","basis":"text"}},{"type":"Feature","geometry":{"type":"Point","coordinates":[8.327,4.9589]},"properties":{"id":"18dcd57d495c","kind":"seizure","date":"2025-09-04","summary":"Seizure · Wildlife (unspecified) · Calabar","species":"wildlife_general","n_sources":1,"country":"NG","level":"city","basis":"text"}},{"type":"Feature","geometry":{"type":"Point","coordinates":[78.66,11.13]},"properties":{"id":"252d239ccad9","kind":"seizure","date":"2025-09-01","summary":"Seizure · Red sanders · Tamil Nadu","species":"red_sanders","n_sources":1,"country":"IN","level":"state","basis":"text"}},{"type":"Feature","geometry":{"type":"Point","coordinates":[-58.3772,-34.6131]},"properties":{"id":"95a6e03c26b0","kind":"seizure","date":"2025-08-30","summary":"Seizure · Jaguar · Buenos Aires","species":"jaguar","n_sources":1,"country":"AR","level":"city","basis":"text"}},{"type":"Feature","geometry":{"type":"Point","coordinates":[-40.2925,-20.3297]},"properties":{"id":"c2b3e3f5757a","kind":"seizure","date":"2025-08-29","summary":"Seizure · Parrots & songbirds, Turtles & tortoises · Vila Velha","species":"birds,turtles","n_sources":1,"country":"BR","level":"city","basis":"text"}},{"type":"Feature","geometry":{"type":"Point","coordinates":[82.5,20.6]},"properties":{"id":"2a989f48270e","kind":"seizure","date":"2025-08-27","summary":"Seizure · Leopard · Nuapada","species":"leopard","n_sources":1,"country":"IN","level":"district","basis":"text"}},{"type":"Feature","geometry":{"type":"Point","coordinates":[-71.8023,42.2626]},"properties":{"id":"e2bece9c3513","kind":"arrest","date":"2025-08-25","summary":"Arrest · Abalone · Worcester","species":"abalone","n_sources":1,"country":"US","level":"city","basis":"text"}},{"type":"Feature","geometry":{"type":"Point","coordinates":[8.68,9.08]},"properties":{"id":"7f553e8a18f7","kind":"seizure","date":"2025-08-23","summary":"Seizure · Pangolin · Nigeria","species":"pangolin","n_sources":1,"country":"NG","level":"country","basis":"text"}},{"type":"Feature","geometry":{"type":"Point","coordinates":[-8.611,41.1485]},"properties":{"id":"de8acc730d6d","kind":"seizure","date":"2025-08-15","summary":"Seizure · Elephant (ivory) · Porto","species":"elephant","n_sources":1,"country":"PT","level":"city","basis":"text"}},{"type":"Feature","geometry":{"type":"Point","coordinates":[78.82,14.47]},"properties":{"id":"93857dd965a6","kind":"arrest","date":"2025-08-10","summary":"Arrest · Red sanders, Sandalwood · Kadapa","species":"red_sanders,sandalwood","n_sources":1,"country":"IN","level":"city","basis":"text"}},{"type":"Feature","geometry":{"type":"Point","coordinates":[-48.131,-15.8091]},"properties":{"id":"c142850a205d","kind":"rescue","date":"2025-08-08","summary":"Rescue · Parrots & songbirds · Ceilândia","species":"birds","n_sources":1,"country":"BR","level":"city","basis":"text"}},{"type":"Feature","geometry":{"type":"Point","coordinates":[-51.1306,-29.6783]},"properties":{"id":"b603e115d258","kind":"rescue","date":"2025-08-07","summary":"Rescue · Wildlife (unspecified) · 150 nos · Novo Hamburgo","species":"wildlife_general","n_sources":1,"country":"BR","level":"city","basis":"text"}},{"type":"Feature","geometry":{"type":"Point","coordinates":[-68.0004,10.1615]},"properties":{"id":"e375e4b6d87a","kind":"seizure","date":"2025-08-04","summary":"Seizure · Elephant (ivory) · Valencia","species":"elephant","n_sources":1,"country":"VE","level":"city","basis":"text"}},{"type":"Feature","geometry":{"type":"Point","coordinates":[85.1,20.95]},"properties":{"id":"cf0eb7fd0bf8","kind":"seizure","date":"2025-07-16","summary":"Seizure · Leopard · 3 skins · Odisha","species":"leopard","n_sources":1,"country":"IN","level":"state","basis":"outlet"}},{"type":"Feature","geometry":{"type":"Point","coordinates":[-47.7686,-15.7494]},"properties":{"id":"0c9967ead6e8","kind":"rescue","date":"2025-07-14","summary":"Rescue · Parrots & songbirds · Itapoã","species":"birds","n_sources":1,"country":"BR","level":"city","basis":"text"}},{"type":"Feature","geometry":{"type":"Point","coordinates":[-55.8661,-1.7656]},"properties":{"id":"0e136c162e1c","kind":"rescue","date":"2025-07-14","summary":"Rescue · Wildlife (unspecified) · Oriximiná","species":"wildlife_general","n_sources":1,"country":"BR","level":"city","basis":"text"}},{"type":"Feature","geometry":{"type":"Point","coordinates":[-38.5431,-3.7172]},"properties":{"id":"0c90f7e55834","kind":"rescue","date":"2025-07-08","summary":"Rescue · Wildlife (unspecified) · Fortaleza","species":"wildlife_general","n_sources":1,"country":"BR","level":"city","basis":"text"}},{"type":"Feature","geometry":{"type":"Point","coordinates":[-54.6464,-20.4428]},"properties":{"id":"7b9498e3930c","kind":"rescue","date":"2025-07-05","summary":"Rescue · Parrots & songbirds · Campo Grande","species":"birds","n_sources":1,"country":"BR","level":"city","basis":"text"}},{"type":"Feature","geometry":{"type":"Point","coordinates":[113.92,-0.79]},"properties":{"id":"c7ffc342ff0c","kind":"arrest","date":"2025-06-29","summary":"Arrest · Pangolin · Indonesia","species":"pangolin","n_sources":1,"country":"ID","level":"country","basis":"text"}},{"type":"Feature","geometry":{"type":"Point","coordinates":[122.5164,9.5506]},"properties":{"id":"d3474bdb2898","kind":"seizure","date":"2025-06-25","summary":"Seizure · Pangolin · 2.8 tonne · Asia","species":"pangolin","n_sources":1,"country":"PH","level":"city","basis":"text"}},{"type":"Feature","geometry":{"type":"Point","coordinates":[-51.1978,-3.4722]},"properties":{"id":"324ad1c75588","kind":"seizure","date":"2025-06-23","summary":"Seizure · Rosewood & timber · Anapu","species":"rosewood","n_sources":1,"country":"BR","level":"city","basis":"text"}},{"type":"Feature","geometry":{"type":"Point","coordinates":[-116.6007,31.8715]},"properties":{"id":"b5a19d5a9fd8","kind":"seizure","date":"2025-06-22","summary":"Seizure · Sharks, rays & sea cucumbers · Ensenada","species":"shark_ray","n_sources":1,"country":"MX","level":"city","basis":"text"}},{"type":"Feature","geometry":{"type":"Point","coordinates":[80.27,13.08]},"properties":{"id":"ea110d8b1513","kind":"seizure","date":"2025-06-19","summary":"Seizure · Wildlife (unspecified) · Chennai","species":"wildlife_general","n_sources":1,"country":"IN","level":"city","basis":"text"}},{"type":"Feature","geometry":{"type":"Point","coordinates":[-42.0262,-22.8872]},"properties":{"id":"f137a4cff407","kind":"rescue","date":"2025-06-14","summary":"Rescue · Turtles & tortoises · Cabo Frio","species":"turtles","n_sources":1,"country":"BR","level":"city","basis":"text"}},{"type":"Feature","geometry":{"type":"Point","coordinates":[121.4581,31.2222]},"properties":{"id":"64116f7388cb","kind":"seizure","date":"2025-06-12","summary":"Seizure · Sharks, rays & sea cucumbers · 2433 kilos · Shanghai","species":"shark_ray","n_sources":1,"country":"CN","level":"city","basis":"text"}},{"type":"Feature","geometry":{"type":"Point","coordinates":[-61.9814,-9.4439]},"properties":{"id":"3c5f3b8b5043","kind":"rescue","date":"2025-06-06","summary":"Rescue · Parrots & songbirds · Machadinho d'Oeste","species":"birds","n_sources":1,"country":"BR","level":"city","basis":"text"}},{"type":"Feature","geometry":{"type":"Point","coordinates":[22.4617,-33.963]},"properties":{"id":"bb3d762a9ac6","kind":"arrest","date":"2025-05-30","summary":"Arrest · Rhinoceros · George","species":"rhino","n_sources":1,"country":"ZA","level":"city","basis":"text"}},{"type":"Feature","geometry":{"type":"Point","coordinates":[82.9318,27.0843]},"properties":{"id":"060c77d264a4","kind":"seizure","date":"2025-05-27","summary":"Seizure · Red sanders · Dubai","species":"red_sanders","n_sources":1,"country":"IN","level":"city","basis":"text"}},{"type":"Feature","geometry":{"type":"Point","coordinates":[80.27,13.08]},"properties":{"id":"b0f888e82b44","kind":"seizure","date":"2025-05-27","summary":"Seizure · Red sanders · Chennai","species":"red_sanders","n_sources":1,"country":"IN","level":"city","basis":"text"}},{"type":"Feature","geometry":{"type":"Point","coordinates":[-51.2894,-0.115]},"properties":{"id":"19702415b86e","kind":"seizure","date":"2025-05-21","summary":"Seizure · Rosewood & timber · Mazagão","species":"rosewood","n_sources":2,"country":"BR","level":"city","basis":"text"}},{"type":"Feature","geometry":{"type":"Point","coordinates":[100.99,15.87]},"properties":{"id":"103fc297f09d","kind":"seizure","date":"2025-05-16","summary":"Seizure · Primates · Thailand","species":"primates","n_sources":1,"country":"TH","level":"country","basis":"text"}},{"type":"Feature","geometry":{"type":"Point","coordinates":[100.75,13.69]},"properties":{"id":"b9415d92e219","kind":"seizure","date":"2025-05-06","summary":"Seizure · Sharks, rays & sea cucumbers · Suvarnabhumi","species":"shark_ray","n_sources":1,"country":"TH","level":"airport","basis":"text"}},{"type":"Feature","geometry":{"type":"Point","coordinates":[79.09,21.15]},"properties":{"id":"7f88595ae7aa","kind":"seizure","date":"2025-05-06","summary":"Seizure · Elephant (ivory), Leopard · 2 skins · Nagpur","species":"elephant,leopard","n_sources":1,"country":"IN","level":"city","basis":"text"}},{"type":"Feature","geometry":{"type":"Point","coordinates":[115.0101,4.7548]},"properties":{"id":"857b4df00642","kind":"seizure","date":"2025-05-05","summary":"Seizure · Agarwood (oud) · Limbang","species":"agarwood","n_sources":2,"country":"MY","level":"city","basis":"text"}},{"type":"Feature","geometry":{"type":"Point","coordinates":[114.59,-0.28]},"properties":{"id":"3e6a7bd6ba97","kind":"seizure","date":"2025-05-05","summary":"Seizure · Sharks, rays & sea cucumbers · Kalimantan","species":"shark_ray","n_sources":1,"country":"ID","level":"region","basis":"text"}},{"type":"Feature","geometry":{"type":"Point","coordinates":[100.99,15.87]},"properties":{"id":"2c31f620e68c","kind":"seizure","date":"2025-05-03","summary":"Seizure · Sharks, rays & sea cucumbers · Thailand","species":"shark_ray","n_sources":1,"country":"TH","level":"country","basis":"outlet"}},{"type":"Feature","geometry":{"type":"Point","coordinates":[77.8912,29.8663]},"properties":{"id":"4dd6aaf2c61a","kind":"arrest","date":"2025-04-28","summary":"Arrest · Parrots & songbirds · 34 parakeets · Roorkee","species":"birds","n_sources":1,"country":"IN","level":"city","basis":"text"}},{"type":"Feature","geometry":{"type":"Point","coordinates":[124.7206,6.8472]},"properties":{"id":"2ea84501921e","kind":"arrest","date":"2025-04-14","summary":"Arrest · Pangolin, Rhinoceros · Badak","species":"pangolin,rhino","n_sources":2,"country":"PH","level":"city","basis":"text"}},{"type":"Feature","geometry":{"type":"Point","coordinates":[94.9084,27.4799]},"properties":{"id":"92f72693f46b","kind":"seizure","date":"2025-04-12","summary":"Seizure · Tokay gecko · 11 geckos · Dibrugarh","species":"tokay_gecko","n_sources":1,"country":"IN","level":"city","basis":"text"}},{"type":"Feature","geometry":{"type":"Point","coordinates":[-75.6357,6.0911]},"properties":{"id":"ef6a94a71e9c","kind":"seizure","date":"2025-04-08","summary":"Seizure · Wildlife (unspecified) · Caldas","species":"wildlife_general","n_sources":1,"country":"CO","level":"city","basis":"text"}},{"type":"Feature","geometry":{"type":"Point","coordinates":[-76.5199,3.4305]},"properties":{"id":"8f3905e62d10","kind":"seizure","date":"2025-04-03","summary":"Seizure · Wildlife (unspecified) · Cali","species":"wildlife_general","n_sources":1,"country":"CO","level":"city","basis":"text"}},{"type":"Feature","geometry":{"type":"Point","coordinates":[-61.9014,-11.1753]},"properties":{"id":"a1439e6eba49","kind":"rescue","date":"2025-04-03","summary":"Rescue · Parrots & songbirds · Presidente Médici","species":"birds","n_sources":1,"country":"BR","level":"city","basis":"text"}},{"type":"Feature","geometry":{"type":"Point","coordinates":[-38.5431,-3.7172]},"properties":{"id":"5089ebf31be8","kind":"rescue","date":"2025-04-01","summary":"Rescue · Wildlife (unspecified) · Fortaleza","species":"wildlife_general","n_sources":1,"country":"BR","level":"city","basis":"text"}},{"type":"Feature","geometry":{"type":"Point","coordinates":[-46.47,-23.43]},"properties":{"id":"32bddb509dd1","kind":"seizure","date":"2025-03-21","summary":"Seizure · Parrots & songbirds · Guarulhos","species":"birds","n_sources":1,"country":"BR","level":"airport","basis":"text"}},{"type":"Feature","geometry":{"type":"Point","coordinates":[106.9267,-6.9181]},"properties":{"id":"af6b8b475756","kind":"seizure","date":"2025-03-19","summary":"Seizure · Hornbills · Sukabumi","species":"hornbill","n_sources":1,"country":"ID","level":"city","basis":"text"}},{"type":"Feature","geometry":{"type":"Point","coordinates":[-44.1042,-22.5231]},"properties":{"id":"3f32b70aed54","kind":"rescue","date":"2025-03-14","summary":"Rescue · Parrots & songbirds · Volta Redonda","species":"birds","n_sources":1,"country":"BR","level":"city","basis":"text"}},{"type":"Feature","geometry":{"type":"Point","coordinates":[-98.2072,19.0478]},"properties":{"id":"6f566e1454ed","kind":"seizure","date":"2025-02-26","summary":"Seizure · Rosewood & timber · Puebla","species":"rosewood","n_sources":1,"country":"MX","level":"city","basis":"text"}},{"type":"Feature","geometry":{"type":"Point","coordinates":[-74.0817,4.6097]},"properties":{"id":"6d4fa2c94b02","kind":"seizure","date":"2025-02-19","summary":"Seizure · Turtles & tortoises · Bogotá","species":"turtles","n_sources":1,"country":"CO","level":"city","basis":"text"}},{"type":"Feature","geometry":{"type":"Point","coordinates":[104.2,35.86]},"properties":{"id":"6042cd92d641","kind":"seizure","date":"2025-02-14","summary":"Seizure · Pangolin · China","species":"pangolin","n_sources":1,"country":"CN","level":"country","basis":"text"}},{"type":"Feature","geometry":{"type":"Point","coordinates":[-45.1925,-22.8164]},"properties":{"id":"1457e5301cb6","kind":"rescue","date":"2025-02-12","summary":"Rescue · Parrots & songbirds · Guaratinguetá","species":"birds","n_sources":1,"country":"BR","level":"city","basis":"text"}},{"type":"Feature","geometry":{"type":"Point","coordinates":[73.1355,19.2437]},"properties":{"id":"d1367c4b3b6a","kind":"seizure","date":"2025-02-07","summary":"Seizure · Red sanders, Sandalwood · Kalyān","species":"red_sanders,sandalwood","n_sources":1,"country":"IN","level":"city","basis":"text"}},{"type":"Feature","geometry":{"type":"Point","coordinates":[78.6482,13.9095]},"properties":{"id":"456b594051bd","kind":"seizure","date":"2025-02-06","summary":"Seizure · Red sanders · Annamayya","species":"red_sanders","n_sources":1,"country":"IN","level":"district","basis":"text"}},{"type":"Feature","geometry":{"type":"Point","coordinates":[78.67,22.35]},"properties":{"id":"25c782864a3e","kind":"seizure","date":"2025-02-06","summary":"Seizure · Red sanders, Sandalwood · India","species":"red_sanders,sandalwood","n_sources":1,"country":"IN","level":"country","basis":"text"}},{"type":"Feature","geometry":{"type":"Point","coordinates":[-43.7861,-20.6603]},"properties":{"id":"6483ae50a15e","kind":"seizure","date":"2025-02-06","summary":"Seizure · Parrots & songbirds · Conselheiro Lafaiete","species":"birds","n_sources":1,"country":"BR","level":"city","basis":"text"}},{"type":"Feature","geometry":{"type":"Point","coordinates":[82.9318,27.0843]},"properties":{"id":"05d9226826f4","kind":"seizure","date":"2025-02-03","summary":"Seizure · Red sanders · Dubai","species":"red_sanders","n_sources":1,"country":"IN","level":"city","basis":"text"}},{"type":"Feature","geometry":{"type":"Point","coordinates":[51.531,25.2855]},"properties":{"id":"b195882b04b6","kind":"seizure","date":"2025-02-03","summary":"Seizure · Elephant (ivory), Rhinoceros · Doha","species":"elephant,rhino","n_sources":1,"country":"QA","level":"city","basis":"text"}},{"type":"Feature","geometry":{"type":"Point","coordinates":[51.531,25.2855]},"properties":{"id":"565584b8acc2","kind":"seizure","date":"2025-02-02","summary":"Seizure · Elephant (ivory), Rhinoceros · 120 horns · Qatar","species":"elephant,rhino","n_sources":1,"country":"QA","level":"country","basis":"text"}},{"type":"Feature","geometry":{"type":"Point","coordinates":[-64.2629,-27.8005]},"properties":{"id":"e1990464d5ed","kind":"rescue","date":"2025-01-28","summary":"Rescue · Parrots & songbirds, Owls · Santiago del Estero","species":"birds,owl","n_sources":1,"country":"AR","level":"city","basis":"text"}},{"type":"Feature","geometry":{"type":"Point","coordinates":[-60.4181,0.9461]},"properties":{"id":"b98967549b0e","kind":"seizure","date":"2025-01-25","summary":"Seizure · Rosewood & timber · Rorainópolis","species":"rosewood","n_sources":1,"country":"BR","level":"city","basis":"text"}},{"type":"Feature","geometry":{"type":"Point","coordinates":[-92.6663,33.2076]},"properties":{"id":"faaa7c734883","kind":"seizure","date":"2025-01-21","summary":"Seizure · Turtles & tortoises · El Dorado","species":"turtles","n_sources":1,"country":"US","level":"city","basis":"text"}},{"type":"Feature","geometry":{"type":"Point","coordinates":[-74.0817,4.6097]},"properties":{"id":"ba10f2b58ca4","kind":"seizure","date":"2025-01-21","summary":"Seizure · Turtles & tortoises · Bogotá","species":"turtles","n_sources":1,"country":"CO","level":"city","basis":"text"}},{"type":"Feature","geometry":{"type":"Point","coordinates":[128.1833,-3.6958]},"properties":{"id":"4ff474cdacd8","kind":"seizure","date":"2025-01-20","summary":"Seizure · Sharks, rays & sea cucumbers · 80 kg · Ambon","species":"shark_ray","n_sources":1,"country":"ID","level":"city","basis":"text"}},{"type":"Feature","geometry":{"type":"Point","coordinates":[-80.1937,25.7743]},"properties":{"id":"36e39a307e8a","kind":"seizure","date":"2025-01-15","summary":"Seizure · Elephant (ivory) · Miami","species":"elephant","n_sources":1,"country":"US","level":"city","basis":"text"}},{"type":"Feature","geometry":{"type":"Point","coordinates":[77.21,28.61]},"properties":{"id":"7efb5310e99a","kind":"seizure","date":"2025-01-11","summary":"Seizure · Rhinoceros · 2 horns · Delhi","species":"rhino","n_sources":1,"country":"IN","level":"city","basis":"text"}},{"type":"Feature","geometry":{"type":"Point","coordinates":[-49.2731,-25.4278]},"properties":{"id":"676817645bfb","kind":"seizure","date":"2025-01-06","summary":"Seizure · Wildlife (unspecified) · Curitiba","species":"wildlife_general","n_sources":1,"country":"BR","level":"city","basis":"text"}},{"type":"Feature","geometry":{"type":"Point","coordinates":[79.35,13.6833]},"properties":{"id":"cbbefb2474e0","kind":"seizure","date":"2025-01-03","summary":"Seizure · Red sanders · Tirumala","species":"red_sanders","n_sources":1,"country":"IN","level":"city","basis":"text"}},{"type":"Feature","geometry":{"type":"Point","coordinates":[34.4571,-0.5273]},"properties":{"id":"982d991d5779","kind":"seizure","date":"2025-01-02","summary":"Seizure · Rhinoceros · Homa Bay","species":"rhino","n_sources":2,"country":"KE","level":"city","basis":"text"}},{"type":"Feature","geometry":{"type":"Point","coordinates":[85.1,20.95]},"properties":{"id":"93731dd59003","kind":"seizure","date":"2024-12-24","summary":"Seizure · Tiger · Odisha","species":"tiger","n_sources":1,"country":"IN","level":"state","basis":"text"}},{"type":"Feature","geometry":{"type":"Point","coordinates":[71.19,22.26]},"properties":{"id":"5f7fd6030129","kind":"seizure","date":"2024-12-13","summary":"Seizure · Red sanders · 151 logs · Gujarat","species":"red_sanders","n_sources":2,"country":"IN","level":"state","basis":"text"}},{"type":"Feature","geometry":{"type":"Point","coordinates":[91.74,26.14]},"properties":{"id":"ffae3b149ae7","kind":"seizure","date":"2024-12-11","summary":"Seizure · Tiger · Guwahati","species":"tiger","n_sources":1,"country":"IN","level":"city","basis":"text"}},{"type":"Feature","geometry":{"type":"Point","coordinates":[79.1325,12.9184]},"properties":{"id":"9d98deecf985","kind":"arrest","date":"2024-11-19","summary":"Arrest · Elephant (ivory) · Vellore","species":"elephant","n_sources":1,"country":"IN","level":"city","basis":"text"}},{"type":"Feature","geometry":{"type":"Point","coordinates":[72.87,19.09]},"properties":{"id":"01bf0daf80ae","kind":"seizure","date":"2024-11-05","summary":"Seizure · Turtles & tortoises · 12 turtles · Chhatrapati Shivaji","species":"turtles","n_sources":1,"country":"IN","level":"airport","basis":"text"}},{"type":"Feature","geometry":{"type":"Point","coordinates":[-40.8394,-14.8661]},"properties":{"id":"e87d81be0993","kind":"seizure","date":"2024-10-30","summary":"Seizure · Wildlife (unspecified) · Vitória da Conquista","species":"wildlife_general","n_sources":1,"country":"BR","level":"city","basis":"text"}},{"type":"Feature","geometry":{"type":"Point","coordinates":[-74.0817,4.6097]},"properties":{"id":"bae59f803640","kind":"seizure","date":"2024-10-28","summary":"Seizure · Wildlife (unspecified) · 131 kilos · Bogotá","species":"wildlife_general","n_sources":1,"country":"CO","level":"city","basis":"text"}},{"type":"Feature","geometry":{"type":"Point","coordinates":[46.3613,40.6816]},"properties":{"id":"56c8063b2a1c","kind":"arrest","date":"2024-10-28","summary":"Arrest · Hornbills · Ganja","species":"hornbill","n_sources":1,"country":"AZ","level":"city","basis":"text"}},{"type":"Feature","geometry":{"type":"Point","coordinates":[82.5,20.6]},"properties":{"id":"4efb555e9009","kind":"seizure","date":"2024-10-18","summary":"Seizure · Leopard · Nuapada","species":"leopard","n_sources":1,"country":"IN","level":"district","basis":"text"}},{"type":"Feature","geometry":{"type":"Point","coordinates":[3.38,6.52]},"properties":{"id":"c5f018828add","kind":"seizure","date":"2024-10-18","summary":"Seizure · Pangolin · 9493 kg · Lagos","species":"pangolin","n_sources":1,"country":"NG","level":"city","basis":"text"}},{"type":"Feature","geometry":{"type":"Point","coordinates":[-43.6533,-22.6431]},"properties":{"id":"2da3646a8654","kind":"rescue","date":"2024-10-16","summary":"Rescue · Wildlife (unspecified) · Japeri","species":"wildlife_general","n_sources":1,"country":"BR","level":"city","basis":"text"}},{"type":"Feature","geometry":{"type":"Point","coordinates":[-51.0069,-29.6381]},"properties":{"id":"c8c4851c02e0","kind":"seizure","date":"2024-10-15","summary":"Seizure · Parrots & songbirds · Sapiranga","species":"birds","n_sources":1,"country":"BR","level":"city","basis":"text"}},{"type":"Feature","geometry":{"type":"Point","coordinates":[-49.1323,-5.3815]},"properties":{"id":"ee3f2387b558","kind":"seizure","date":"2024-10-14","summary":"Seizure · Rosewood & timber · Marabá","species":"rosewood","n_sources":1,"country":"BR","level":"city","basis":"text"}},{"type":"Feature","geometry":{"type":"Point","coordinates":[-38.5431,-3.7172]},"properties":{"id":"fe75927ad4fc","kind":"seizure","date":"2024-09-23","summary":"Seizure · Sharks, rays & sea cucumbers · 96 kg · Fortaleza","species":"shark_ray","n_sources":1,"country":"BR","level":"city","basis":"text"}},{"type":"Feature","geometry":{"type":"Point","coordinates":[18.5021,-33.9672]},"properties":{"id":"bf827becece0","kind":"seizure","date":"2024-09-16","summary":"Seizure · Abalone · Athlone","species":"abalone","n_sources":1,"country":"ZA","level":"city","basis":"text"}},{"type":"Feature","geometry":{"type":"Point","coordinates":[78.67,22.35]},"properties":{"id":"8298f9c719f9","kind":"seizure","date":"2024-09-03","summary":"Seizure · Red sanders, Sandalwood · India","species":"red_sanders,sandalwood","n_sources":1,"country":"IN","level":"country","basis":"text"}},{"type":"Feature","geometry":{"type":"Point","coordinates":[104.7458,-2.9167]},"properties":{"id":"96d687c3f940","kind":"arrest","date":"2024-08-27","summary":"Arrest · Rhinoceros · Palembang","species":"rhino","n_sources":1,"country":"ID","level":"city","basis":"text"}},{"type":"Feature","geometry":{"type":"Point","coordinates":[46.87,-18.77]},"properties":{"id":"558f1acb8776","kind":"seizure","date":"2024-08-21","summary":"Seizure · Wildlife (unspecified) · Madagascar","species":"wildlife_general","n_sources":1,"country":"MG","level":"country","basis":"text"}},{"type":"Feature","geometry":{"type":"Point","coordinates":[80.27,13.08]},"properties":{"id":"73f1bb2a829e","kind":"seizure","date":"2024-08-19","summary":"Seizure · Turtles & tortoises · 778 tortoises · Chennai","species":"turtles","n_sources":2,"country":"IN","level":"city","basis":"text"}},{"type":"Feature","geometry":{"type":"Point","coordinates":[86.1855,22.8028]},"properties":{"id":"54314db21eb6","kind":"seizure","date":"2024-08-16","summary":"Seizure · Leopard · Jamshedpur","species":"leopard","n_sources":1,"country":"IN","level":"city","basis":"text"}},{"type":"Feature","geometry":{"type":"Point","coordinates":[112.4338,-7.4664]},"properties":{"id":"efa69479c665","kind":"arrest","date":"2024-08-14","summary":"Arrest · Pangolin · Mojokerto","species":"pangolin","n_sources":1,"country":"ID","level":"city","basis":"text"}},{"type":"Feature","geometry":{"type":"Point","coordinates":[80.27,13.08]},"properties":{"id":"15715af7595b","kind":"seizure","date":"2024-08-07","summary":"Seizure · Agarwood (oud) · Chennai","species":"agarwood","n_sources":2,"country":"IN","level":"city","basis":"text"}},{"type":"Feature","geometry":{"type":"Point","coordinates":[75.566,21.0029]},"properties":{"id":"596647c3bd4b","kind":"seizure","date":"2024-07-27","summary":"Seizure · Tiger · Jalgaon","species":"tiger","n_sources":1,"country":"IN","level":"city","basis":"text"}},{"type":"Feature","geometry":{"type":"Point","coordinates":[98.67,3.6]},"properties":{"id":"75d28f743773","kind":"seizure","date":"2024-07-26","summary":"Seizure · Primates · Medan","species":"primates","n_sources":1,"country":"ID","level":"city","basis":"text"}},{"type":"Feature","geometry":{"type":"Point","coordinates":[28.25,-26.14]},"properties":{"id":"58c9989d9ba6","kind":"conviction","date":"2024-07-15","summary":"Conviction · Rhinoceros · OR Tambo","species":"rhino","n_sources":1,"country":"ZA","level":"airport","basis":"text"}},{"type":"Feature","geometry":{"type":"Point","coordinates":[40.5177,-12.974]},"properties":{"id":"c1f23c833b45","kind":"seizure","date":"2024-07-11","summary":"Seizure · Elephant (ivory) · 30 kg · Pemba","species":"elephant","n_sources":1,"country":"MZ","level":"city","basis":"text"}},{"type":"Feature","geometry":{"type":"Point","coordinates":[72.88,19.08]},"properties":{"id":"fdebf0b48b56","kind":"seizure","date":"2024-07-06","summary":"Seizure · Red sanders · 8 tonnes · Mumbai","species":"red_sanders","n_sources":3,"country":"IN","level":"city","basis":"text"}},{"type":"Feature","geometry":{"type":"Point","coordinates":[-66.0689,-3.4811]},"properties":{"id":"db49100e76b4","kind":"seizure","date":"2024-07-04","summary":"Seizure · Turtles & tortoises · Juruá","species":"turtles","n_sources":3,"country":"BR","level":"city","basis":"text"}},{"type":"Feature","geometry":{"type":"Point","coordinates":[-48.5397,-25.8322]},"properties":{"id":"a669722aafa2","kind":"rescue","date":"2024-07-01","summary":"Rescue · Turtles & tortoises · Matinhos","species":"turtles","n_sources":1,"country":"BR","level":"city","basis":"text"}},{"type":"Feature","geometry":{"type":"Point","coordinates":[80.65,16.51]},"properties":{"id":"a66568c0b994","kind":"seizure","date":"2024-06-24","summary":"Seizure · Sea fan & corals · Vijayawada","species":"sea_fan","n_sources":1,"country":"IN","level":"city","basis":"text"}},{"type":"Feature","geometry":{"type":"Point","coordinates":[78.1554,11.6538]},"properties":{"id":"8223017ee010","kind":"seizure","date":"2024-06-22","summary":"Seizure · Elephant (ivory) · Salem","species":"elephant","n_sources":1,"country":"IN","level":"city","basis":"text"}},{"type":"Feature","geometry":{"type":"Point","coordinates":[-43.9378,-19.9208]},"properties":{"id":"6ac01b617ce2","kind":"seizure","date":"2024-06-20","summary":"Seizure · Wildlife (unspecified) · Belo Horizonte","species":"wildlife_general","n_sources":1,"country":"BR","level":"city","basis":"text"}},{"type":"Feature","geometry":{"type":"Point","coordinates":[108.5998,-7.4819]},"properties":{"id":"52d741c7f9d3","kind":"arrest","date":"2024-06-15","summary":"Arrest · Monitor lizard · Banjarsari","species":"monitor_lizard","n_sources":1,"country":"ID","level":"city","basis":"text"}},{"type":"Feature","geometry":{"type":"Point","coordinates":[-42.8186,-22.9194]},"properties":{"id":"5bc9a1fd3495","kind":"rescue","date":"2024-06-10","summary":"Rescue · Wildlife (unspecified) · Maricá","species":"wildlife_general","n_sources":1,"country":"BR","level":"city","basis":"text"}},{"type":"Feature","geometry":{"type":"Point","coordinates":[77.21,28.61]},"properties":{"id":"e7e9ee71a3c1","kind":"arrest","date":"2024-06-09","summary":"Arrest · Red sanders, Sandalwood · Delhi","species":"red_sanders,sandalwood","n_sources":1,"country":"IN","level":"city","basis":"text"}},{"type":"Feature","geometry":{"type":"Point","coordinates":[-80.6572,-5.1819]},"properties":{"id":"6dea1ca73729","kind":"seizure","date":"2024-06-09","summary":"Seizure · Sharks, rays & sea cucumbers · Piura","species":"shark_ray","n_sources":1,"country":"PE","level":"city","basis":"text"}},{"type":"Feature","geometry":{"type":"Point","coordinates":[8.68,9.08]},"properties":{"id":"7e3394142540","kind":"seizure","date":"2024-06-06","summary":"Seizure · Pangolin · Nigeria","species":"pangolin","n_sources":1,"country":"NG","level":"country","basis":"text"}},{"type":"Feature","geometry":{"type":"Point","coordinates":[-58.3772,-34.6131]},"properties":{"id":"a38cb51e5885","kind":"seizure","date":"2024-06-03","summary":"Seizure · Wildlife (unspecified) · Argentina","species":"wildlife_general","n_sources":1,"country":"AR","level":"country","basis":"text"}},{"type":"Feature","geometry":{"type":"Point","coordinates":[92.94,26.2]},"properties":{"id":"f2dac81ae568","kind":"seizure","date":"2024-05-30","summary":"Seizure · Elephant (ivory) · Assam","species":"elephant","n_sources":1,"country":"IN","level":"state","basis":"text"}},{"type":"Feature","geometry":{"type":"Point","coordinates":[-89.6232,20.967]},"properties":{"id":"3d3d8b430ade","kind":"seizure","date":"2024-05-25","summary":"Seizure · Sharks, rays & sea cucumbers · 203 kilos · Mérida","species":"shark_ray","n_sources":1,"country":"MX","level":"city","basis":"text"}},{"type":"Feature","geometry":{"type":"Point","coordinates":[124.7206,6.8472]},"properties":{"id":"05e0b87ddea8","kind":"arrest","date":"2024-05-16","summary":"Arrest · Rhinoceros · Badak","species":"rhino","n_sources":1,"country":"PH","level":"city","basis":"text"}},{"type":"Feature","geometry":{"type":"Point","coordinates":[-55.5181,-1.9175]},"properties":{"id":"7be0191a71fc","kind":"seizure","date":"2024-05-13","summary":"Seizure · Rosewood & timber · Óbidos","species":"rosewood","n_sources":1,"country":"BR","level":"city","basis":"text"}},{"type":"Feature","geometry":{"type":"Point","coordinates":[-63.18,-17.78]},"properties":{"id":"f1bd5be40280","kind":"seizure","date":"2024-05-10","summary":"Seizure · Jaguar · Santa Cruz de la Sierra","species":"jaguar","n_sources":1,"country":"BO","level":"city","basis":"text"}},{"type":"Feature","geometry":{"type":"Point","coordinates":[-48.0712,-16.0251]},"properties":{"id":"47509bee0fa4","kind":"seizure","date":"2024-04-28","summary":"Seizure · Parrots & songbirds · Gama","species":"birds","n_sources":1,"country":"BR","level":"city","basis":"text"}},{"type":"Feature","geometry":{"type":"Point","coordinates":[-47.6487,-15.6179]},"properties":{"id":"5a0b70897aa6","kind":"rescue","date":"2024-04-26","summary":"Rescue · Parrots & songbirds · Planaltina","species":"birds","n_sources":1,"country":"BR","level":"city","basis":"text"}},{"type":"Feature","geometry":{"type":"Point","coordinates":[-35.2094,-5.795]},"properties":{"id":"4696d45ff6f2","kind":"rescue","date":"2024-04-18","summary":"Rescue · Parrots & songbirds · Natal","species":"birds","n_sources":1,"country":"BR","level":"city","basis":"text"}},{"type":"Feature","geometry":{"type":"Point","coordinates":[-117.2399,47.6499]},"properties":{"id":"45f56f7fb881","kind":"seizure","date":"2024-03-24","summary":"Seizure · Wildlife (unspecified) · Opportunity","species":"wildlife_general","n_sources":1,"country":"US","level":"city","basis":"text"}},{"type":"Feature","geometry":{"type":"Point","coordinates":[78.67,22.35]},"properties":{"id":"8c2b31829624","kind":"seizure","date":"2024-03-16","summary":"Seizure · Sharks, rays & sea cucumbers · 16000 kg · India","species":"shark_ray","n_sources":1,"country":"IN","level":"country","basis":"text"}},{"type":"Feature","geometry":{"type":"Point","coordinates":[77.59,12.97]},"properties":{"id":"ed7de45944fd","kind":"arrest","date":"2024-03-06","summary":"Arrest · Elephant (ivory) · Bengaluru","species":"elephant","n_sources":2,"country":"IN","level":"city","basis":"text"}},{"type":"Feature","geometry":{"type":"Point","coordinates":[18.4232,-33.9258]},"properties":{"id":"36b743e86595","kind":"seizure","date":"2024-03-04","summary":"Seizure · Abalone · Cape Town","species":"abalone","n_sources":1,"country":"ZA","level":"city","basis":"text"}},{"type":"Feature","geometry":{"type":"Point","coordinates":[-71.967,-13.5319]},"properties":{"id":"0c4bce59fcb2","kind":"seizure","date":"2024-03-01","summary":"Seizure · Wildlife (unspecified) · Cusco","species":"wildlife_general","n_sources":1,"country":"PE","level":"city","basis":"text"}},{"type":"Feature","geometry":{"type":"Point","coordinates":[29.42,-23.4]},"properties":{"id":"6ac331504eb6","kind":"conviction","date":"2024-02-15","summary":"Conviction · Pangolin · Limpopo","species":"pangolin","n_sources":1,"country":"ZA","level":"state","basis":"text"}},{"type":"Feature","geometry":{"type":"Point","coordinates":[-85.9191,12.9279]},"properties":{"id":"1a9cc351ae8a","kind":"seizure","date":"2024-01-19","summary":"Seizure · Rosewood & timber · Matagalpa","species":"rosewood","n_sources":1,"country":"NI","level":"city","basis":"text"}},{"type":"Feature","geometry":{"type":"Point","coordinates":[-0.1969,5.556]},"properties":{"id":"28621faded00","kind":"seizure","date":"2024-01-15","summary":"Seizure · Rosewood & timber · Ghana","species":"rosewood","n_sources":1,"country":"GH","level":"country","basis":"text"}}]}