id,type,label,lat,lon,degree,betweenness
case:cfb65d4ec1fc,Case,Seizure · Wildlife (unspecified) · location unknown,,,3,0.00147
species:wildlife_general,Species,Wildlife (unspecified),,,406,0.44409
mode:online,Mode,Online,,,29,0.03796
outlet:theprint,Outlet,ThePrint,,,9,0.00269
case:70d866dffa43,Case,Seizure · Parrots & songbirds · location unknown,,,2,0.00034
species:birds,Species,Parrots & songbirds,,,138,0.1123
outlet:prensa_mercosur,Outlet,Prensa Mercosur,,,1,0.0
case:aa5d75755a2c,Case,Seizure · Musk deer · 6 pods · Sonapur,,,8,0.00494
species:musk_deer,Species,Musk deer,,,3,0.00411
location:sonapur,Location,Sonapur,26.12,91.97,4,0.00031
location:assam,Location,Assam,,,18,0.00626
agency:police,Agency,Police,,,51,0.08623
outlet:india_today_ne,Outlet,India Today NE,,,11,0.00331
outlet:hub_news,Outlet,Hub News,,,3,0.00035
outlet:ne_now,Outlet,NE NOW,,,1,0.0
commodity:musk_deer-pods,Commodity,Musk deer – pods,,,1,0.0
case:5aed941a5d4b,Case,Arrest · Leopard · Mumbai,,,3,3e-05
species:leopard,Species,Leopard,,,36,0.00867
location:mumbai,Location,Mumbai,19.08,72.88,7,0.0003
location:maharashtra,Location,Maharashtra,,,10,0.00157
outlet:hindustantimes.com,Outlet,hindustantimes.com,,,2,5e-05
case:f5ebdd3448fc,Case,"Seizure · Red sanders, Sandalwood · Mathura",,,4,0.0003
species:red_sanders,Species,Red sanders,,,54,0.01297
species:sandalwood,Species,Sandalwood,,,45,0.02487
location:mathura,Location,Mathura,27.5035,77.6722,2,6e-05
location:uttar_pradesh,Location,Uttar Pradesh,,,11,0.00276
outlet:हिन्दुस्थान_समाचार,Outlet,हिन्दुस्थान समाचार,,,2,0.00019
case:20fb2f1a9ed5,Case,Conviction · Turtles & tortoises · Camaquã,,,3,0.00071
species:turtles,Species,Turtles & tortoises,,,115,0.14912
location:camaquã,Location,Camaquã,-30.8511,-51.8122,2,0.00013
location:rio_grande_do_sul,Location,Rio Grande do Sul,,,7,0.0006
outlet:portal_de_camaquã,Outlet,Portal de Camaquã,,,1,0.0
case:42cd20e56765,Case,Rescue · Parrots & songbirds · location unknown,,,2,0.0013
outlet:g1,Outlet,G1,,,67,0.08651
case:fc3680c6c82a,Case,Arrest · Parrots & songbirds · location unknown,,,2,0.00073
outlet:repórter_beto_ribeiro,Outlet,Repórter Beto Ribeiro,,,5,0.0
case:bd009d846c56,Case,Seizure · Abalone · location unknown,,,2,4e-05
species:abalone,Species,Abalone,,,51,0.02779
outlet:novanews.co.za,Outlet,novanews.co.za,,,10,0.00157
case:1fdbe3feafdc,Case,Arrest · Wildlife (unspecified) · location unknown,,,5,0.00136
outlet:castellonaldia.elmundo.es,Outlet,castellonaldia.elmundo.es,,,1,0.0
outlet:la_razón,Outlet,La Razón,,,1,0.0
outlet:castellondiario.com,Outlet,castellondiario.com,,,1,0.0
outlet:comarcalcv,Outlet,ComarcalCV,,,1,0.0
case:cd2ebdce9ded,Case,Arrest · Sea fan & corals · location unknown,,,2,1e-05
species:sea_fan,Species,Sea fan & corals,,,2,0.00021
outlet:newswire,Outlet,Newswire,,,2,0.00013
case:d17c559cbed2,Case,Seizure · Elephant (ivory) · 2 tusks · location unknown,,,4,0.00161
species:elephant,Species,Elephant (ivory),,,117,0.09462
outlet:people_daily,Outlet,People Daily,,,1,0.0
commodity:elephant-tusks,Commodity,Elephant (ivory) – tusks,,,6,4e-05
case:66663965a23e,Case,Seizure · Wildlife (unspecified) · Newcastle,,,3,0.00067
location:newcastle,Location,Newcastle,-32.9295,151.7801,2,0.00017
location:new_south_wales,Location,New South Wales,,,2,0.0
outlet:newsgram,Outlet,NewsGram,,,2,0.0
case:da749fab0a4e,Case,"Arrest · Pangolin, Tiger · location unknown",,,3,0.00139
species:pangolin,Species,Pangolin,,,133,0.12992
species:tiger,Species,Tiger,,,24,0.00936
outlet:dainik_bhaskar,Outlet,Dainik Bhaskar,,,11,0.00504
case:75721e9c9910,Case,Seizure · Leopard · location unknown,,,2,0.00034
outlet:journal_de_brazza,Outlet,Journal de Brazza,,,1,0.0
case:a30cef703209,Case,Seizure · Parrots & songbirds · Recanto das Emas,,,3,0.00031
location:recanto_das_emas,Location,Recanto das Emas,-15.9086,-48.0645,2,1e-05
location:federal_district,Location,Federal District,,,11,0.0041
outlet:correio_braziliense,Outlet,Correio Braziliense,,,3,0.00031
case:e3d7fc147549,Case,Arrest · Parrots & songbirds · location unknown,,,2,0.00073
case:8cfc298e5b33,Case,Seizure · Parrots & songbirds · Paraguay,,,4,0.0008
location:paraguay,Location,Paraguay,-25.2865,-57.647,2,0.00034
outlet:adndigital.com.py,Outlet,adndigital.com.py,,,1,0.0
outlet:diario_hoy_–_en_paraguay_y_el_mundo,Outlet,Diario HOY – En Paraguay y el Mundo,,,1,0.0
case:fe7db810fac8,Case,Arrest · Sandalwood · Dhānbād,,,3,0.00031
location:dhānbād,Location,Dhānbād,23.75,86.4167,2,8e-05
location:jharkhand,Location,Jharkhand,,,7,0.00252
outlet:navbharattimes.indiatimes.com,Outlet,navbharattimes.indiatimes.com,,,2,0.00023
case:6ed9d5785a4c,Case,Arrest · Sandalwood · location unknown,,,2,0.00034
outlet:loktantra19.com,Outlet,loktantra19.com,,,1,0.0
case:35e6febf7cce,Case,Seizure · Turtles & tortoises · Madagascar,,,3,0.00029
location:madagascar,Location,Madagascar,-18.77,46.87,4,0.00036
outlet:l'express_de_madagascar,Outlet,L'Express de Madagascar,,,2,0.0
case:a0cac17e4a7d,Case,Seizure · Wildlife (unspecified) · location unknown,,,2,0.001
outlet:daily_maverick,Outlet,Daily Maverick,,,5,0.00272
case:9d32022a43f9,Case,Arrest · Rhinoceros · 98 horns · South Africa,,,4,0.00039
species:rhino,Species,Rhinoceros,,,46,0.02925
location:south_africa,Location,South Africa,-30.56,22.94,8,0.00147
outlet:ua.news,Outlet,UA.NEWS,,,2,0.00029
commodity:rhino-horns,Commodity,Rhinoceros – horns,,,5,0.00045
case:003db529184e,Case,Seizure · Wildlife (unspecified) · location unknown,,,2,0.00034
outlet:the_business_standard,Outlet,The Business Standard,,,1,0.0
case:111d1ec34b21,Case,Seizure · Eels · location unknown,,,3,0.00218
species:eels,Species,Eels,,,10,0.00293
agency:customs,Agency,Customs,,,44,0.05007
outlet:favorflav.com,Outlet,FavorFlav.com,,,1,0.0
case:ad17a4b810aa,Case,Arrest · Abalone · Cape Town,,,4,0.00085
location:cape_town,Location,Cape Town,-33.9258,18.4232,8,0.00078
location:western_cape,Location,Western Cape,,,3,6e-05
outlet:iol,Outlet,IOL,,,28,0.01571
outlet:iol.co.za,Outlet,iol.co.za,,,1,0.0
case:149894a1699f,Case,Seizure · Abalone · Metro,,,5,0.00407
location:metro,Location,Metro,-5.1131,105.3067,2,0.00034
location:lampung,Location,Lampung,,,1,0.0
outlet:cape_argus,Outlet,Cape Argus,,,3,1e-05
case:7080643d0ed5,Case,Seizure · Sandalwood · location unknown,,,3,0.00068
outlet:asianet_newsable,Outlet,Asianet Newsable,,,1,0.0
outlet:menafn.com,Outlet,menafn.com,,,1,0.0
case:308eeb4b62e4,Case,"Seizure · Red sanders, Sandalwood · location unknown",,,3,0.00016
outlet:jagran,Outlet,Jagran,,,4,0.00074
case:429c52d34a84,Case,Seizure · Sandalwood · Tiruchirappalli,,,4,0.00373
location:tiruchirappalli,Location,Tiruchirappalli,10.8155,78.6965,3,0.00014
location:tamil_nadu,Location,Tamil Nadu,,,11,0.00114
outlet:hindustan,Outlet,Hindustan,,,6,0.00087
outlet:janta_se_rishta,Outlet,Janta Se Rishta,,,1,0.0
case:b32a6fda0f13,Case,Arrest · Sandalwood · location unknown,,,2,0.00034
outlet:mirrormedia.co.in,Outlet,mirrormedia.co.in,,,1,0.0
case:4623c9ddb8f9,Case,Conviction · Turtles & tortoises · location unknown,,,3,0.00402
outlet:sctododia,Outlet,sctododia,,,2,0.00024
outlet:camboriu.news,Outlet,camboriu.news,,,1,0.0
case:1117a34c58ba,Case,Rescue · Parrots & songbirds · location unknown,,,2,0.0013
case:5ea150076835,Case,Rescue · Wildlife (unspecified) · location unknown,,,2,0.00168
case:5e2ebf695b7d,Case,Seizure · Rosewood & timber · location unknown,,,2,0.00034
species:rosewood,Species,Rosewood & timber,,,49,0.04682
outlet:fordaq,Outlet,Fordaq,,,1,0.0
case:de75a04706e4,Case,Rescue · Wildlife (unspecified) · Imperatriz,,,4,0.00184
location:imperatriz,Location,Imperatriz,-5.5264,-47.4917,2,0.00036
location:maranhão,Location,Maranhão,,,6,0.00055
outlet:imperatriz_online,Outlet,Imperatriz Online,,,1,0.0
case:2ce5c78f99b8,Case,Conviction · Turtles & tortoises · Santo Amaro da Imperatriz,,,3,0.00073
location:santo_amaro_da_imperatriz,Location,Santo Amaro da Imperatriz,-27.6881,-48.7786,2,0.00086
location:santa_catarina,Location,Santa Catarina,,,5,0.00155
outlet:agora_floripa,Outlet,Agora Floripa,,,1,0.0
case:88c19921a565,Case,Rescue · Pangolin · location unknown,,,2,9e-05
outlet:the_south_african,Outlet,The South African,,,3,0.0
case:b4418474a61c,Case,Seizure · Rhinoceros · 105 horns · West Bengal,,,4,0.00068
location:west_bengal,Location,West Bengal,22.99,87.86,5,0.00097
outlet:moneycontrol.com,Outlet,Moneycontrol.com,,,4,0.00057
case:3b457556a72b,Case,Seizure · Wildlife (unspecified) · Australia,,,3,0.00071
location:australia,Location,Australia,-35.2835,149.1281,2,0.00017
outlet:mongabay,Outlet,Mongabay,,,1,0.0
case:399bb84e5308,Case,Seizure · Turtles & tortoises · location unknown,,,2,0.00028
outlet:idn_times_lampung,Outlet,IDN Times Lampung,,,2,5e-05
case:73fe4f096bc2,Case,Arrest · Tiger · 2 skin · location unknown,,,3,0.0005
outlet:voi.id,Outlet,VOI.ID,,,4,0.00136
commodity:tiger-skin,Commodity,Tiger – skin,,,1,0.0
case:c85e78acc64e,Case,Seizure · Red sanders · 2 tonne · Kadapa,,,9,0.00235
location:kadapa,Location,Kadapa,14.47,78.82,3,8e-05
location:andhra_pradesh,Location,Andhra Pradesh,,,9,0.00049
outlet:the_hindu,Outlet,The Hindu,,,29,0.01882
outlet:deccan_chronicle,Outlet,Deccan Chronicle,,,25,0.00695
outlet:the_times_of_india,Outlet,The Times of India,,,20,0.00741
outlet:ndtv,Outlet,NDTV,,,10,0.00204
outlet:thehindu.com,Outlet,thehindu.com,,,8,0.00094
commodity:red_sanders-tonne,Commodity,Red sanders – tonne,,,1,0.0
case:fedca65c19c3,Case,Seizure · Sandalwood · 2 skins · Tiruchirappalli,,,6,0.00475
outlet:the_news_mill,Outlet,The News Mill,,,3,0.00089
outlet:big_news_network.com,Outlet,Big News Network.com,,,1,0.0
commodity:sandalwood-skins,Commodity,Sandalwood – skins,,,1,0.0
case:2a1295707eac,Case,Arrest · Sandalwood · India,,,3,0.00056
location:india,Location,India,22.35,78.67,14,0.00673
case:36dd81aa9ff4,Case,Seizure · Turtles & tortoises · 20 turtles · Mexico,,,5,0.0012
location:mexico,Location,Mexico,19.4285,-99.1277,4,0.00057
mode:road,Mode,Road,,,14,0.00808
outlet:noticias_ambientales,Outlet,Noticias Ambientales,,,7,0.00297
commodity:turtles-turtles,Commodity,Turtles & tortoises – turtles,,,6,8e-05
case:94ce3a788d9f,Case,Conviction · Pangolin · Rajsamand,,,5,0.00183
location:rajsamand,Location,Rajsamand,25.2382,73.935,2,0.0001
location:rajasthan,Location,Rajasthan,,,6,0.00042
agency:wccb,Agency,WCCB,,,8,0.00233
outlet:jaivardhannews.com,Outlet,jaivardhannews.com,,,1,0.0
case:7d0c7b4c6c9e,Case,Seizure · Wildlife (unspecified) · Nagaon,,,4,0.00148
location:nagaon,Location,Nagaon,26.35,92.6667,3,9e-05
outlet:pib,Outlet,PIB,,,5,0.00098
case:3b3e5e171463,Case,Seizure · Turtles & tortoises · location unknown,,,3,0.00094
case:8d688c0ed5cf,Case,Seizure · Elephant (ivory) · location unknown,,,2,0.00034
outlet:nlto,Outlet,NLTO,,,1,0.0
case:1844efc4d248,Case,Rescue · Parrots & songbirds · location unknown,,,2,0.00034
outlet:gaz.com.br,Outlet,gaz.com.br,,,1,0.0
case:644b4cce09ce,Case,Seizure · Parrots & songbirds · Araxá,,,4,0.00199
location:araxá,Location,Araxá,-19.5933,-46.9406,2,4e-05
location:minas_gerais,Location,Minas Gerais,,,8,0.0003
outlet:jornal_araxá,Outlet,Jornal Araxá,,,1,0.0
case:b1970feb5932,Case,Seizure · Parrots & songbirds · location unknown,,,2,0.00034
outlet:portal_abc_do_abc,Outlet,Portal ABC do ABC,,,1,0.0
case:569b97902266,Case,Seizure · Wildlife (unspecified) · Chapecó,,,3,0.00209
location:chapecó,Location,Chapecó,-27.0964,-52.6183,2,7e-05
case:d0ea519ffe1c,Case,Rescue · Turtles & tortoises · location unknown,,,2,0.00011
case:a1636a971523,Case,Seizure · Wildlife (unspecified) · Córdoba,,,3,0.00434
location:córdoba,Location,Córdoba,18.8842,-96.9256,2,0.00034
location:veracruz,Location,Veracruz,,,1,0.0
outlet:oem.com.mx,Outlet,oem.com.mx,,,1,0.0
case:a05285906a3e,Case,Seizure · Eels · location unknown,,,2,0.00026
outlet:actu.fr,Outlet,Actu.fr,,,2,0.00028
case:8a20d9c303ae,Case,Rescue · Parrots & songbirds · Peru,,,3,0.00082
location:peru,Location,Peru,-12.0432,-77.0282,3,0.00041
outlet:mix_vale,Outlet,Mix Vale,,,1,0.0
case:f68dfea49205,Case,Seizure · Elephant (ivory) · Wayanad,,,6,0.00247
location:wayanad,Location,Wayanad,11.605,76.083,3,0.00063
location:kerala,Location,Kerala,,,4,0.00049
outlet:the_new_indian_express,Outlet,The New Indian Express,,,25,0.02301
outlet:onmanorama.com,Outlet,onmanorama.com,,,1,0.0
outlet:menafn,Outlet,Menafn,,,1,0.0
case:d124df6a689e,Case,Arrest · Sandalwood · Bengaluru,,,7,0.00338
location:bengaluru,Location,Bengaluru,12.97,77.59,11,0.00508
location:karnataka,Location,Karnataka,,,10,0.00117
agency:rpf,Agency,RPF,,,1,0.0
mode:rail,Mode,Rail,,,2,0.00014
outlet:country_and_politics,Outlet,Country and Politics,,,3,0.00031
case:6f8d39b596aa,Case,Seizure · Red sanders · 350 kg · Tiruvannamalai,,,5,0.00127
location:tiruvannamalai,Location,Tiruvannamalai,12.2266,79.0746,2,3e-05
commodity:red_sanders-kg,Commodity,Red sanders – kg,,,4,0.00023
case:26f6e09f4de1,Case,Seizure · Abalone · location unknown,,,3,0.00286
outlet:capeargus.co.za,Outlet,capeargus.co.za,,,1,0.0
case:fd5bb0301ba8,Case,Seizure · Wildlife (unspecified) · 142 kg · Nagaon,,,4,0.00137
commodity:wildlife_general-kg,Commodity,Wildlife (unspecified) – kg,,,1,0.0
case:39b8a2794193,Case,Seizure · Turtles & tortoises · location unknown,,,2,0.0006
outlet:ouest-france,Outlet,Ouest-France,,,2,0.00026
case:7876bc7c94a5,Case,Seizure · Wildlife (unspecified) · location unknown,,,3,0.00059
outlet:diario_de_pernambuco,Outlet,Diario de Pernambuco,,,2,0.00015
outlet:jc,Outlet,JC,,,2,0.0
case:818f078163bc,Case,Rescue · Rosewood & timber · location unknown,,,2,0.00034
outlet:leiajá,Outlet,LeiaJá,,,1,0.0
case:9e22c81cce79,Case,Seizure · Wildlife (unspecified) · location unknown,,,5,0.00281
mode:air,Mode,Air,,,41,0.06491
outlet:em.com.br,Outlet,em.com.br,,,1,0.0
outlet:180graus,Outlet,180graus,,,1,0.0
outlet:por_dentro_de_tudo,Outlet,Por Dentro de Tudo,,,1,0.0
case:1536092f99ee,Case,Arrest · Turtles & tortoises · location unknown,,,3,0.00068
outlet:delfino.cr,Outlet,Delfino.cr,,,1,0.0
outlet:el_observador_cr,Outlet,El Observador CR,,,1,0.0
case:90f0d997fde2,Case,Seizure · Parrots & songbirds · location unknown,,,2,0.00034
outlet:farol_de_notícias,Outlet,Farol de Notícias,,,1,0.0
case:970c09bde09f,Case,Seizure · Rhinoceros · Biswanath,,,9,0.00293
location:biswanath,Location,Biswanath,26.7246,93.1453,2,4e-05
outlet:g_plus_news,Outlet,G Plus News,,,4,0.00028
outlet:the_assam_tribune,Outlet,The Assam Tribune,,,2,1e-05
outlet:newslivetv.com,Outlet,newslivetv.com,,,1,0.0
outlet:pratidin_time,Outlet,Pratidin Time,,,3,0.00029
outlet:sentinelassam.com,Outlet,sentinelassam.com,,,2,3e-05
"outlet:the_sentinel_-_of_this_land,_for_its_people",Outlet,"The Sentinel - of this Land, for its People",,,4,0.00079
case:258ece6e1381,Case,Arrest · Monitor lizard · Pune,,,3,0.00076
species:monitor_lizard,Species,Monitor lizard,,,25,0.0173
location:pune,Location,Pune,18.52,73.86,6,0.00146
outlet:the_indian_express,Outlet,The Indian Express,,,13,0.00813
case:c18b260ef6e2,Case,Seizure · Wildlife (unspecified) · location unknown,,,2,0.00011
outlet:lady_freethinker,Outlet,Lady Freethinker,,,3,0.0
case:7f72eb9db098,Case,Arrest · Abalone · location unknown,,,2,0.0006
outlet:the_inertia,Outlet,The Inertia,,,4,0.0007
case:dedd4e6f362f,Case,Seizure · Elephant (ivory) · Gabon,,,3,0.00068
location:gabon,Location,Gabon,0.3924,9.4536,1,0.0
outlet:direct_infos_gabon,Outlet,Direct Infos Gabon,,,1,0.0
case:15d1077bb5fc,Case,Seizure · Wildlife (unspecified) · Marília,,,3,0.00104
location:marília,Location,Marília,-22.2139,-49.9458,2,0.00047
location:são_paulo,Location,São Paulo,,,18,0.00782
outlet:marília_notícia,Outlet,Marília Notícia,,,1,0.0
case:dfa0386d4056,Case,Seizure · Elephant (ivory) · 3642 kg · location unknown,,,3,0.00035
outlet:mznews.co.mz,Outlet,mznews.co.mz,,,1,0.0
commodity:elephant-kg,Commodity,Elephant (ivory) – kg,,,12,0.0011
case:329ddcb12539,Case,Rescue · Primates · Kalimantan,,,3,0.00063
species:primates,Species,Primates,,,43,0.04059
location:kalimantan,Location,Kalimantan,-0.28,114.59,5,0.00193
outlet:tempo.co_english,Outlet,Tempo.co English,,,1,0.0
case:62c1da144d83,Case,Seizure · Tokay gecko · 30 geckos · Golaghat,,,17,0.00735
species:tokay_gecko,Species,Tokay gecko,,,6,0.0004
location:golaghat,Location,Golaghat,26.4092,93.9119,2,3e-05
agency:dri,Agency,DRI,,,29,0.02054
agency:forest_department,Agency,Forest Department,,,23,0.03724
outlet:timesofindia.indiatimes.com,Outlet,timesofindia.indiatimes.com,,,45,0.03301
outlet:nagaland_post,Outlet,Nagaland Post,,,2,4e-05
outlet:mid-day,Outlet,Mid-Day,,,1,0.0
outlet:pib.gov.in,Outlet,pib.gov.in,,,15,0.00424
outlet:india_education_diary,Outlet,India Education Diary,,,1,0.0
commodity:tokay_gecko-geckos,Commodity,Tokay gecko – geckos,,,4,0.00027
case:2ac1f7cdaaa2,Case,Seizure · Parrots & songbirds · Alto Alegre,,,3,0.00089
location:alto_alegre,Location,Alto Alegre,2.8958,-61.4975,2,0.00022
location:roraima,Location,Roraima,,,2,2e-05
outlet:extraderondonia.com.br,Outlet,Extraderondonia.com.br,,,1,0.0
case:449869e22cb6,Case,Arrest · Wildlife (unspecified) · Morelia,,,3,0.00436
location:morelia,Location,Morelia,19.7008,-101.1844,2,0.00037
location:michoacán,Location,Michoacán,,,2,0.00011
outlet:changoonga.com,Outlet,Changoonga.com,,,1,0.0
case:20fa6c4ba6dd,Case,Arrest · Elephant (ivory) · Odisha,,,4,0.00322
location:odisha,Location,Odisha,20.95,85.1,17,0.0046
outlet:odisha_tv,Outlet,Odisha TV,,,11,0.00084
case:9d1a5e85b3ce,Case,Arrest · Elephant (ivory) · Bouaflé,,,3,0.00075
location:bouaflé,Location,Bouaflé,6.9904,-5.7442,2,0.00034
location:sassandra-marahoue,Location,Sassandra-Marahoue,,,1,0.0
outlet:agence_ivoirienne_de_presse_(aip),Outlet,Agence Ivoirienne de Presse (AIP),,,5,0.0
case:18f729601864,Case,Seizure · Parrots & songbirds · São Bernardo,,,7,0.00182
location:são_bernardo,Location,São Bernardo,-3.3614,-42.4178,2,3e-05
outlet:rádio_chapecó,Outlet,Rádio Chapecó,,,1,0.0
outlet:abcd_jornal,Outlet,ABCD Jornal,,,1,0.0
outlet:tv_são_bernardo,Outlet,TV São Bernardo,,,1,0.0
outlet:jornal_do_cariri,Outlet,Jornal do Cariri,,,1,0.0
case:a092eb1a99df,Case,Arrest · Turtles & tortoises · Chihuahua,,,3,0.00081
location:chihuahua,Location,Chihuahua,28.6353,-106.0889,2,0.00014
outlet:el_congresista,Outlet,El Congresista,,,1,0.0
case:4a88229921e8,Case,Seizure · Turtles & tortoises · 18 tortoises · Surat,,,4,0.00183
location:surat,Location,Surat,21.17,72.83,2,6e-05
location:gujarat,Location,Gujarat,,,6,0.00052
commodity:turtles-tortoises,Commodity,Turtles & tortoises – tortoises,,,9,0.00069
case:262583f990f2,Case,Seizure · Primates · India,,,4,0.00439
outlet:easterneye,Outlet,EasternEye,,,1,0.0
outlet:the_japan_times,Outlet,The Japan Times,,,1,0.0
case:48ca994d01e7,Case,Seizure · Turtles & tortoises · location unknown,,,2,0.00034
outlet:tupãcity,Outlet,TupãCity,,,1,0.0
case:34b0e9231bf3,Case,Arrest · Parrots & songbirds · location unknown,,,2,0.00073
case:7b02a169f2c8,Case,Seizure · Wildlife (unspecified) · location unknown,,,3,0.00017
agency:traffic,Agency,TRAFFIC,,,15,0.00408
outlet:traffic.org,Outlet,Traffic.org,,,14,0.0026
case:7f922769cd16,Case,Seizure · Turtles & tortoises · Ahmedabad,,,3,0.0006
location:ahmedabad,Location,Ahmedabad,23.02,72.57,3,0.00022
outlet:ahmedabadmirror.com,Outlet,ahmedabadmirror.com,,,1,0.0
case:f02ca5813399,Case,Arrest · Turtles & tortoises · Odisha,,,3,0.00106
outlet:jagran.com,Outlet,jagran.com,,,4,0.00032
case:123c3466bfdd,Case,Seizure · Rosewood & timber · 1400 tonne · Abuja,,,21,0.01802
location:abuja,Location,Abuja,9.0579,7.4951,2,0.00034
location:fct,Location,FCT,,,1,0.0
agency:interpol,Agency,INTERPOL,,,5,0.00085
outlet:vanguard_news,Outlet,Vanguard News,,,2,0.00029
outlet:wansom_ai,Outlet,Wansom AI,,,4,0.001
outlet:thecable,Outlet,TheCable,,,3,0.00057
outlet:ait_live,Outlet,AIT LIVE,,,1,0.0
outlet:tvc_news,Outlet,TVC News,,,3,0.00057
outlet:sahara_reporters,Outlet,Sahara Reporters,,,1,0.0
outlet:nairametrics,Outlet,Nairametrics,,,1,0.0
outlet:national_accord_newspaper,Outlet,National Accord Newspaper,,,1,0.0
outlet:thefact.ng,Outlet,thefact.ng,,,1,0.0
outlet:thisdaylive,Outlet,THISDAYLIVE,,,1,0.0
outlet:premium_times_nigeria,Outlet,Premium Times Nigeria,,,1,0.0
outlet:thestreetjournal.org,Outlet,thestreetjournal.org,,,1,0.0
outlet:thestar.ng,Outlet,thestar.ng,,,1,0.0
outlet:tori_news,Outlet,Tori News,,,1,0.0
outlet:the_china-global_south_project,Outlet,The China-Global South Project,,,2,9e-05
commodity:rosewood-tonne,Commodity,Rosewood & timber – tonne,,,1,0.0
case:83b377a8135b,Case,Seizure · Parrots & songbirds · Paulo Afonso,,,6,0.00201
location:paulo_afonso,Location,Paulo Afonso,-9.4061,-38.2147,2,2e-05
location:bahia,Location,Bahia,,,7,0.00044
outlet:www.gov.br,Outlet,www.gov.br,,,6,0.00088
outlet:bahia.ba,Outlet,bahia.ba,,,1,0.0
outlet:folha_do_estado_da_bahia,Outlet,Folha do Estado da Bahia,,,1,0.0
outlet:se_liga_chapada,Outlet,Se Liga Chapada,,,1,0.0
case:0b7bdd8b980f,Case,Rescue · Parrots & songbirds · location unknown,,,2,8e-05
case:b0b0a19c8179,Case,Rescue · Parrots & songbirds · São Lourenço da Mata,,,3,0.00059
location:são_lourenço_da_mata,Location,São Lourenço da Mata,-8.0022,-35.0183,2,4e-05
location:pernambuco,Location,Pernambuco,,,5,0.00027
outlet:portal_de_prefeitura,Outlet,Portal de Prefeitura,,,1,0.0
case:54eec680d114,Case,Seizure · Parrots & songbirds · Linhares,,,3,0.00058
location:linhares,Location,Linhares,-19.3911,-40.0722,2,5e-05
location:espírito_santo,Location,Espírito Santo,,,5,0.00115
outlet:colatina_em_ação,Outlet,Colatina em Ação,,,1,0.0
case:c780fc170bd1,Case,Seizure · Wildlife (unspecified) · Bogotá,,,3,0.00072
location:bogotá,Location,Bogotá,4.6097,-74.0817,8,0.00147
location:bogota_d.c.,Location,Bogota D.C.,,,1,0.0
outlet:agronegocios.co,Outlet,agronegocios.co,,,1,0.0
case:9800c1d22f86,Case,Seizure · Wildlife (unspecified) · India,,,4,0.00372
case:18c7cfde3a79,Case,Conviction · Elephant (ivory) · location unknown,,,2,0.00367
outlet:kdrtv,Outlet,KDRTV,,,1,0.0
case:90d3ead851bf,Case,Arrest · Turtles & tortoises · Kuala Lumpur,,,3,0.00144
location:kuala_lumpur,Location,Kuala Lumpur,3.14,101.69,4,0.00344
outlet:kompas.com,Outlet,Kompas.com,,,9,0.00857
case:31df77731c2b,Case,Arrest · Turtles & tortoises · Sorong,,,3,0.00107
location:sorong,Location,Sorong,-0.8796,131.261,2,0.00034
location:southwest_papua,Location,Southwest Papua,,,1,0.0
case:5408614510b3,Case,Arrest · Turtles & tortoises · Malang,,,3,0.00151
location:malang,Location,Malang,-7.9797,112.6304,2,0.00092
location:east_java,Location,East Java,,,4,0.00034
outlet:disway_malang,Outlet,Disway Malang,,,1,0.0
case:0f7f2779d5ee,Case,Arrest · Turtles & tortoises · Purworejo,,,3,0.00078
location:purworejo,Location,Purworejo,-7.7114,110.0103,2,0.00019
location:central_java,Location,Central Java,,,3,0.00036
outlet:radar_purworejo,Outlet,Radar Purworejo,,,1,0.0
case:aa1e17a28717,Case,Arrest · Turtles & tortoises · China,,,3,0.00073
location:china,Location,China,35.86,104.2,5,0.00181
outlet:merdeka,Outlet,Merdeka,,,1,0.0
case:375a257611f4,Case,Seizure · Elephant (ivory) · Libreville,,,3,0.00102
location:libreville,Location,Libreville,0.3924,9.4536,2,0.00034
location:estuaire,Location,Estuaire,,,1,0.0
outlet:gabonreview.com,Outlet,Gabonreview.com,,,1,0.0
case:76c70fb062a4,Case,Seizure · Parrots & songbirds · Miguel Pereira,,,3,0.00149
location:miguel_pereira,Location,Miguel Pereira,-22.4539,-43.4689,2,2e-05
location:rio_de_janeiro,Location,Rio de Janeiro,,,12,0.00353
case:e2ae0defe434,Case,Seizure · Primates · location unknown,,,2,0.00013
case:462b166cf0b4,Case,Arrest · Turtles & tortoises · Belimbing,,,4,0.00301
location:belimbing,Location,Belimbing,-2.9823,115.3502,2,0.00027
location:south_kalimantan,Location,South Kalimantan,,,3,0.00012
outlet:viva.co.id,Outlet,VIVA.co.id,,,2,0.00041
outlet:jawa_pos,Outlet,Jawa Pos,,,5,0.00197
case:4241398a9df2,Case,Seizure · Primates · location unknown,,,2,0.00034
outlet:times_now,Outlet,Times Now,,,1,0.0
case:fdff665b3141,Case,Arrest · Turtles & tortoises · Makassar,,,18,0.01586
location:makassar,Location,Makassar,-5.1486,119.4319,3,0.00082
location:south_sulawesi,Location,South Sulawesi,,,1,0.0
outlet:antara_news,Outlet,ANTARA News,,,4,0.00391
outlet:kompas.id,Outlet,Kompas.id,,,3,0.0002
outlet:metrotvnews.com,Outlet,MetroTVNews.com,,,2,0.00047
outlet:suarasulsel.id,Outlet,Suarasulsel.id,,,1,0.0
outlet:tribun-timur.com,Outlet,Tribun-timur.com,,,2,0.00048
outlet:cedarnews.net,Outlet,cedarnews.net,,,1,0.0
outlet:pdiperjuanganbali.id,Outlet,pdiperjuanganbali.id,,,2,0.00015
outlet:nusabali.com,Outlet,NUSABALI.com,,,1,0.0
outlet:news.okezone.com,Outlet,news.okezone.com,,,1,0.0
outlet:afu.id,Outlet,AFU.id,,,1,0.0
outlet:sorongraya.co,Outlet,Sorongraya.co,,,1,0.0
outlet:abatanews.com,Outlet,abatanews.com,,,1,0.0
outlet:portal_papua,Outlet,Portal Papua,,,1,0.0
outlet:tribun-sulbar.com,Outlet,Tribun-sulbar.com,,,1,0.0
outlet:idn_times,Outlet,IDN Times,,,1,0.0
outlet:inews.id,Outlet,iNews.ID,,,2,0.00015
case:247c1b7e48a9,Case,Seizure · Eels · location unknown,,,3,0.0004
outlet:maville.com,Outlet,MaVille.com,,,1,0.0
case:bdaf2b011a40,Case,Rescue · Parrots & songbirds · location unknown,,,2,0.00034
outlet:rbatv.com.br,Outlet,rbatv.com.br,,,1,0.0
case:42c9b640b15d,Case,Rescue · Parrots & songbirds · Cruz Alta,,,4,0.00073
location:cruz_alta,Location,Cruz Alta,-28.644,-53.6063,2,1e-05
outlet:rd_foco,Outlet,RD Foco,,,1,0.0
outlet:carazinho_news,Outlet,Carazinho News,,,2,0.0
case:85d2392028ce,Case,Arrest · Parrots & songbirds · location unknown,,,3,0.00405
outlet:tvbv_online,Outlet,TVBV ONLINE,,,1,0.0
case:c0211ccff2cc,Case,Seizure · Rosewood & timber · São Domingos do Araguaia,,,4,0.00112
location:são_domingos_do_araguaia,Location,São Domingos do Araguaia,-5.5378,-48.7333,2,2e-05
location:pará,Location,Pará,,,6,0.00039
outlet:portalgurupi.com.br,Outlet,portalgurupi.com.br,,,1,0.0
outlet:o_liberal,Outlet,O Liberal,,,2,2e-05
case:f8cfd6482ad1,Case,Seizure · Wildlife (unspecified) · location unknown,,,2,0.00034
outlet:worldanimalnews.com,Outlet,worldanimalnews.com,,,1,0.0
case:912a6be42942,Case,Seizure · Primates · Digha,,,3,0.00051
location:digha,Location,Digha,21.6278,87.5196,3,0.00014
outlet:the_daily_jagran,Outlet,The Daily Jagran,,,1,0.0
case:f720ab255ab9,Case,Seizure · Primates · Jharkhand,,,3,0.00094
outlet:argus_english,Outlet,Argus English,,,1,0.0
case:1b4641eec6b6,Case,Seizure · Turtles & tortoises · Raja Ampat,,,31,0.02895
location:raja_ampat,Location,Raja Ampat,-0.5,130.6,2,0.00034
location:west_papua,Location,West Papua,,,1,0.0
outlet:cnn_indonesia,Outlet,CNN Indonesia,,,2,0.00015
outlet:reqnews.com,Outlet,reqnews.com,,,1,0.0
outlet:dive_magazine,Outlet,DIVE Magazine,,,2,0.00073
outlet:detiknews,Outlet,detikNews,,,4,0.00281
outlet:detikcom,Outlet,detikcom,,,11,0.0036
outlet:detiktravel,Outlet,detikTravel,,,2,0.00027
outlet:republika_online,Outlet,Republika Online,,,1,0.0
outlet:validnews.id,Outlet,Validnews.id,,,1,0.0
outlet:kumparan.com,Outlet,Kumparan.com,,,1,0.0
outlet:beritasatu.com,Outlet,BeritaSatu.com,,,1,0.0
outlet:darilaut.id,Outlet,Darilaut.id,,,1,0.0
outlet:harapan_rakyat,Outlet,Harapan Rakyat,,,2,0.00032
outlet:tribunstyle.com,Outlet,TribunStyle.com,,,1,0.0
outlet:disway,Outlet,Disway,,,1,0.0
outlet:tribunnews.com,Outlet,Tribunnews.com,,,2,0.00016
outlet:sumsel.tribunnews.com,Outlet,sumsel.tribunnews.com,,,1,0.0
outlet:ntvnews.id,Outlet,ntvnews.id,,,1,0.0
outlet:tribunkaltim.co,Outlet,Tribunkaltim.co,,,1,0.0
outlet:video.tribunnews.com,Outlet,video.tribunnews.com,,,1,0.0
outlet:radarcirebon.tv,Outlet,radarcirebon.tv,,,1,0.0
outlet:video.kompas.com,Outlet,video.kompas.com,,,1,0.0
outlet:tribunwow.com,Outlet,TribunWow.com,,,1,0.0
outlet:readers.id,Outlet,Readers.id,,,1,0.0
outlet:banjarnegaraku,Outlet,Banjarnegaraku,,,1,0.0
case:5186ec935866,Case,Seizure · Elephant (ivory) · location unknown,,,3,0.00068
outlet:tf1_info,Outlet,TF1 Info,,,1,0.0
outlet:tf1+,Outlet,TF1+,,,1,0.0
case:7aad31d98610,Case,Rescue · Turtles & tortoises · location unknown,,,2,0.00367
outlet:apnoticias.pe,Outlet,apnoticias.pe,,,1,0.0
case:ea5886ff462e,Case,Rescue · Turtles & tortoises · Guadalajara,,,3,0.00092
location:guadalajara,Location,Guadalajara,20.6774,-103.3475,3,0.00058
location:jalisco,Location,Jalisco,,,1,0.0
outlet:debate.com.mx,Outlet,debate.com.mx,,,1,0.0
case:e873eaa90d55,Case,Arrest · Primates · Tasikmalaya,,,3,0.00144
location:tasikmalaya,Location,Tasikmalaya,-7.3274,108.2207,3,0.00309
location:west_java,Location,West Java,,,4,0.00019
outlet:pikiran-rakyat.com,Outlet,Pikiran-Rakyat.com,,,1,0.0
case:e8add7a1fe77,Case,Seizure · Sandalwood · 200 kg · India,,,4,0.00069
commodity:sandalwood-kg,Commodity,Sandalwood – kg,,,3,1e-05
case:f2a8969e67a3,Case,Seizure · Sandalwood · location unknown,,,2,0.00018
case:d6bcf64a323f,Case,Seizure · Sandalwood · Bari Sādri,,,5,0.00439
location:bari_sādri,Location,Bari Sādri,24.4134,74.4733,2,6e-05
outlet:udaipurtimes.com,Outlet,UdaipurTimes.com,,,1,0.0
outlet:pratahkal.com,Outlet,pratahkal.com,,,1,0.0
case:ba78fb309412,Case,Seizure · Pangolin · 352 scales · Malkangiri,,,12,0.00403
location:malkangiri,Location,Malkangiri,18.25,81.95,2,7e-05
outlet:pragativadi.com,Outlet,pragativadi.com,,,1,0.0
outlet:daily_pioneer,Outlet,Daily Pioneer,,,3,0.00054
outlet:ommcom_news,Outlet,Ommcom News,,,8,0.00125
outlet:theprint_hindi,Outlet,ThePrint Hindi,,,2,3e-05
outlet:prameyanews.com,Outlet,prameyanews.com,,,3,9e-05
outlet:orissapost.com,Outlet,orissapost.com,,,5,0.00026
commodity:pangolin-scales,Commodity,Pangolin – scales,,,3,1e-05
case:5c2b96107f6a,Case,Seizure · Turtles & tortoises · France,,,3,0.004
location:france,Location,France,48.8534,2.3488,1,0.0
outlet:france_3_régions,Outlet,France 3 Régions,,,1,0.0
case:f1fd10087674,Case,Seizure · Parrots & songbirds · location unknown,,,2,0.00073
case:7b818ffea6dc,Case,Arrest · Sandalwood · Kushinagar,,,3,0.0004
location:kushinagar,Location,Kushinagar,26.7413,83.8869,3,0.00051
case:f48719f59515,Case,Arrest · Turtles & tortoises · 30 tortoises · location unknown,,,3,0.00029
outlet:newvision.co.ug,Outlet,NewVision.co.ug,,,2,8e-05
case:a453459d8c02,Case,Seizure · Turtles & tortoises · Rānchī,,,3,0.00236
location:rānchī,Location,Rānchī,23.3313,85.3708,2,0.00017
case:4ca690784cf1,Case,Seizure · Primates · Digha,,,3,0.00023
outlet:pragativadi,Outlet,Pragativadi,,,6,0.00035
case:9316ece6cbf5,Case,Seizure · Primates · location unknown,,,3,0.00017
agency:cbi,Agency,CBI,,,5,0.00178
case:f85eb2a6adc5,Case,Seizure · Elephant (ivory) · location unknown,,,2,7e-05
case:926605a76fcb,Case,Seizure · Wildlife (unspecified) · Piura,,,3,0.00174
location:piura,Location,Piura,-5.1819,-80.6572,2,0.00038
outlet:gob.pe,Outlet,gob.pe,,,3,0.0
case:4c0221b46dd3,Case,Seizure · Sandalwood · Ghātāl,,,3,0.00059
location:ghātāl,Location,Ghātāl,22.6624,87.734,2,0.00019
outlet:zee_news,Outlet,Zee News,,,1,0.0
case:fb03d2dff21e,Case,Seizure · Wildlife (unspecified) · Golden Triangle,,,3,0.004
location:golden_triangle,Location,Golden Triangle,20.35,100.08,1,0.0
outlet:chiangraitimes.com,Outlet,chiangraitimes.com,,,1,0.0
case:aac12945efc9,Case,Conviction · Elephant (ivory) · Kalimantan,,,4,0.00095
mode:sea,Mode,Sea,,,4,0.00053
outlet:borneo_bulletin,Outlet,Borneo Bulletin,,,3,0.00083
case:021a3dc2bb69,Case,Seizure · Wildlife (unspecified) · location unknown,,,2,0.0022
case:89deb6940e75,Case,Seizure · Parrots & songbirds · location unknown,,,2,0.00058
case:8940e93f30c4,Case,Rescue · Parrots & songbirds · Caxias,,,3,0.0015
location:caxias,Location,Caxias,-4.8589,-43.3561,3,0.0004
case:88dfdd3afa7e,Case,Rescue · Turtles & tortoises · Bogotá,,,3,0.00086
outlet:el_tiempo,Outlet,El Tiempo,,,2,0.00034
case:5c2e8745632e,Case,Seizure · Wildlife (unspecified) · Riberalta,,,3,0.00102
location:riberalta,Location,Riberalta,-11.0103,-66.0526,2,0.00034
location:beni_department,Location,Beni Department,,,1,0.0
outlet:opinión_bolivia,Outlet,Opinión Bolivia,,,1,0.0
case:df33183e55ca,Case,Arrest · Sandalwood · Dehu,,,3,0.00027
location:dehu,Location,Dehu,18.7185,73.7664,2,4e-05
case:4eaf4c30d218,Case,Arrest · Sandalwood · location unknown,,,2,2e-05
case:24053f285e17,Case,Seizure · Wildlife (unspecified) · Mizoram,,,3,0.00088
location:mizoram,Location,Mizoram,23.16,92.94,1,0.0
case:88dbf923de71,Case,"Seizure · Leopard, Tiger, Turtles & tortoises · location unknown",,,5,0.00621
outlet:republic_world,Outlet,Republic World,,,1,0.0
case:677f09516d1e,Case,Arrest · Elephant (ivory) · location unknown,,,2,0.00069
case:00f5498cd755,Case,Conviction · Elephant (ivory) · Singapore,,,6,0.00116
location:singapore,Location,Singapore,1.35,103.82,7,0.00189
outlet:yahoo,Outlet,Yahoo,,,5,0.00079
outlet:malaymail.com,Outlet,malaymail.com,,,1,0.0
outlet:the_independent_singapore,Outlet,The Independent Singapore,,,2,1e-05
case:849145a85e67,Case,Conviction · Elephant (ivory) · Singapore,,,3,0.00029
outlet:cna,Outlet,CNA,,,3,7e-05
case:34bed7aa8d11,Case,Rescue · Parrots & songbirds · 103 parakeets · Bangladesh,,,4,0.00054
location:bangladesh,Location,Bangladesh,23.68,90.36,3,0.00034
outlet:bangladesh_sangbad_sangstha_(bss),Outlet,Bangladesh Sangbad Sangstha (BSS),,,1,0.0
commodity:birds-parakeets,Commodity,Parrots & songbirds – parakeets,,,5,0.00013
case:177b3e8bc4af,Case,"Arrest · Leopard, Turtles & tortoises · Sidhi",,,4,0.00165
location:sidhi,Location,Sidhi,24.4038,81.8795,2,0.00058
location:madhya_pradesh,Location,Madhya Pradesh,,,5,0.00191
outlet:amar_ujala,Outlet,Amar Ujala,,,4,0.00027
case:1841529c6d49,Case,Seizure · Primates · Odisha,,,3,0.00062
case:d59728460bdb,Case,Seizure · Wildlife (unspecified) · Assam,,,4,0.00396
outlet:nenow.in,Outlet,NENow.in,,,2,0.0
case:1ad7121b6d26,Case,Arrest · Abalone · location unknown,,,2,4e-05
case:d686eada9f2c,Case,Seizure · Elephant (ivory) · location unknown,,,2,7e-05
case:14964ce4d82e,Case,Conviction · Parrots & songbirds · location unknown,,,2,0.00034
outlet:savoir_animal,Outlet,Savoir Animal,,,1,0.0
case:af8b610b667d,Case,Rescue · Parrots & songbirds · location unknown,,,2,0.0013
case:0acaf7f37d0a,Case,Arrest · Parrots & songbirds · location unknown,,,2,0.00034
outlet:band.com.br,Outlet,band.com.br,,,1,0.0
case:4948dcad5748,Case,Rescue · Parrots & songbirds · location unknown,,,2,0.00367
outlet:ecoobjetivo,Outlet,Ecoobjetivo,,,1,0.0
case:e4390ffa6eca,Case,Arrest · Elephant (ivory) · Tiruppur,,,5,0.00229
location:tiruppur,Location,Tiruppur,11.1154,77.3546,2,3e-05
case:a687444fdb7b,Case,"Seizure · Hornbills, Primates · Bangkok",,,7,0.00566
species:hornbill,Species,Hornbills,,,13,0.01117
location:bangkok,Location,Bangkok,13.76,100.5,5,0.00045
outlet:bangkok_post,Outlet,Bangkok Post,,,4,0.00261
outlet:pattaya_mail,Outlet,Pattaya Mail,,,2,8e-05
outlet:thaiger,Outlet,Thaiger,,,2,7e-05
case:aa20dadd1708,Case,"Seizure · Leopard, Pangolin, Turtles & tortoises · location unknown",,,4,0.00932
case:9631a3ef3b77,Case,Seizure · Eels · location unknown,,,2,0.00013
outlet:dw.com,Outlet,dw.com,,,2,0.00039
case:d536ff827a3a,Case,Seizure · Turtles & tortoises · Madagascar,,,3,0.00029
case:9cc38636836d,Case,Seizure · Parrots & songbirds · Vila Velha,,,5,0.00459
location:vila_velha,Location,Vila Velha,-20.3297,-40.2925,3,0.00046
outlet:tribuna_online,Outlet,Tribuna Online,,,1,0.0
outlet:folha_vitória,Outlet,Folha Vitória,,,5,0.00189
case:5210eac1c5f2,Case,Arrest · Rosewood & timber · location unknown,,,2,0.00113
case:d939f5ea5778,Case,Seizure · Parrots & songbirds · San Juan,,,3,0.00068
location:san_juan,Location,San Juan,18.4663,-66.1057,1,0.0
outlet:tiempo_de_san_juan,Outlet,Tiempo de San Juan,,,1,0.0
case:09e00f227a4f,Case,"Seizure · Rosewood & timber, Turtles & tortoises · location unknown",,,3,0.00754
outlet:newsmada,Outlet,Newsmada,,,1,0.0
case:353fb627c8f3,Case,Arrest · Sandalwood · Sorab,,,3,0.00015
location:sorab,Location,Sorab,14.3814,75.0918,3,9e-05
case:50e2766eb233,Case,Seizure · Primates · Balasore,,,49,0.03191
location:balasore,Location,Balasore,21.4927,86.9335,2,0.00012
agency:coast_guard,Agency,Coast Guard,,,1,0.0
agency:stf,Agency,STF,,,6,0.00294
outlet:telegraph_india,Outlet,Telegraph India,,,3,0.00047
outlet:etv_bharat,Outlet,ETV Bharat,,,12,0.00603
outlet:ians_live,Outlet,IANS LIVE,,,1,0.0
outlet:bbc,Outlet,BBC,,,2,0.00028
outlet:devdiscourse,Outlet,Devdiscourse,,,1,0.0
outlet:down_to_earth,Outlet,Down To Earth,,,4,0.00053
outlet:free_press_kashmir,Outlet,Free Press Kashmir,,,1,0.0
outlet:india_today,Outlet,India Today,,,3,0.00017
outlet:ani_news,Outlet,ANI News,,,2,3e-05
outlet:dainik_tribune,Outlet,Dainik Tribune,,,1,0.0
outlet:the_guardian,Outlet,The Guardian,,,4,0.00144
outlet:global_news,Outlet,Global News,,,1,0.0
outlet:deccan_herald,Outlet,Deccan Herald,,,11,0.00516
outlet:odisha_reporter,Outlet,Odisha Reporter,,,1,0.0
outlet:newswav,Outlet,Newswav,,,1,0.0
outlet:kalinga_tv,Outlet,Kalinga TV,,,2,3e-05
outlet:my_city_links,Outlet,My City Links,,,1,0.0
outlet:organiser,Outlet,Organiser,,,2,3e-05
outlet:opindia.com,Outlet,opindia.com,,,1,0.0
outlet:free_press_journal,Outlet,Free Press Journal,,,8,0.00165
outlet:latestly,Outlet,LatestLY,,,1,0.0
outlet:businessnewsthisweek.com,Outlet,businessnewsthisweek.com,,,1,0.0
outlet:adda247,Outlet,Adda247,,,1,0.0
outlet:content_media_solution,Outlet,Content Media Solution,,,1,0.0
outlet:odishatv.in,Outlet,odishatv.in,,,1,0.0
case:79baf9a0b601,Case,Seizure · Leopard · 2 skins · Nuapada,,,14,0.00228
location:nuapada,Location,Nuapada,20.6,82.5,6,0.00014
outlet:the_statesman,Outlet,The Statesman,,,1,0.0
outlet:kalingatv,Outlet,KalingaTV,,,1,0.0
outlet:odishabytes,Outlet,OdishaBytes,,,1,0.0
outlet:thestatesman.com,Outlet,thestatesman.com,,,1,0.0
commodity:leopard-skins,Commodity,Leopard – skins,,,8,0.00025
case:d36338c0ca13,Case,Seizure · Leopard · Gujarat,,,5,0.00062
case:309716423f15,Case,Seizure · Parrots & songbirds · location unknown,,,2,0.00017
outlet:nsc_total,Outlet,NSC Total,,,2,0.0
case:80378a06668d,Case,Seizure · Turtles & tortoises · San Miguel,,,5,0.0017
location:san_miguel,Location,San Miguel,13.4826,-88.1821,2,0.00034
location:san_miguel_department,Location,San Miguel Department,,,1,0.0
outlet:meganoticias,Outlet,Meganoticias,,,1,0.0
outlet:chilevision.cl,Outlet,chilevision.cl,,,1,0.0
outlet:chicureo_hoy,Outlet,Chicureo Hoy,,,1,0.0
case:9e45e43c1fa8,Case,Arrest · Turtles & tortoises · location unknown,,,2,0.00367
outlet:diarioextra.com,Outlet,diarioextra.com,,,1,0.0
case:d219d7cd5550,Case,Arrest · Sandalwood · location unknown,,,2,7e-05
outlet:navbharat_times,Outlet,Navbharat Times,,,3,0.00014
case:0c40e8672f24,Case,Arrest · Sandalwood · Patan,,,3,0.00014
location:patan,Location,Patan,23.7,71.8,2,2e-05
case:f568f8352fa5,Case,Arrest · Elephant (ivory) · Mangochi,,,4,0.00119
location:mangochi,Location,Mangochi,-14.48,35.26,2,0.00034
location:southern_region,Location,Southern Region,,,1,0.0
outlet:malawi24,Outlet,Malawi24,,,2,0.00035
case:6e8a8d6ee24d,Case,Arrest · Elephant (ivory) · Idukki,,,3,0.00356
location:idukki,Location,Idukki,9.85,76.9667,2,2e-05
outlet:onmanorama,Outlet,Onmanorama,,,1,0.0
case:d36fa7acdf40,Case,Seizure · Rosewood & timber · 109 logs · Chiang Rai,,,4,0.00417
location:chiang_rai,Location,Chiang Rai,19.9086,99.8325,1,0.0
commodity:rosewood-logs,Commodity,Rosewood & timber – logs,,,1,0.0
case:9b18115f19e3,Case,Arrest · Wildlife (unspecified) · Mauganj,,,3,0.00204
location:mauganj,Location,Mauganj,24.6672,81.8734,2,0.0014
outlet:navabharat.com,Outlet,navabharat.com,,,1,0.0
case:c8c035736183,Case,"Seizure · Leopard, Pangolin, Tiger, Tokay gecko, Turtles & tortoises · 12 geckos · Bengaluru",,,27,0.02738
outlet:urbanacres.in,Outlet,urbanacres.in,,,1,0.0
outlet:orissadiary.com,Outlet,orissadiary.com,,,1,0.0
outlet:aninews.in,Outlet,aninews.in,,,6,0.00082
outlet:inshorts,Outlet,Inshorts,,,2,0.00022
commodity:leopard-geckos,Commodity,Leopard – geckos,,,1,0.0
commodity:pangolin-geckos,Commodity,Pangolin – geckos,,,1,0.0
commodity:tiger-geckos,Commodity,Tiger – geckos,,,1,0.0
commodity:turtles-geckos,Commodity,Turtles & tortoises – geckos,,,1,0.0
case:52fd05f92132,Case,Arrest · Tiger · Shahdol,,,3,0.00041
location:shahdol,Location,Shahdol,23.2936,81.3619,2,0.0001
case:87fa54aada29,Case,Seizure · Musk deer · Sorab,,,3,0.00062
case:e5229ea652af,Case,Rescue · Wildlife (unspecified) · location unknown,,,2,0.00168
case:4efc6026cfab,Case,Seizure · Parrots & songbirds · location unknown,,,2,0.00012
outlet:portal_o_dia,Outlet,Portal O Dia,,,2,1e-05
case:d95f1a5d93cc,Case,Arrest · Sandalwood · location unknown,,,2,0.00017
outlet:prabhat_khabar,Outlet,Prabhat Khabar,,,2,0.0
case:72f9ebe1dce2,Case,"Seizure · Red sanders, Sandalwood · 20 logs · Nellore",,,9,0.00238
location:nellore,Location,Nellore,14.44,79.99,2,3e-05
commodity:red_sanders-logs,Commodity,Red sanders – logs,,,9,0.00014
commodity:sandalwood-logs,Commodity,Sandalwood – logs,,,1,0.0
case:495fdecef89b,Case,Conviction · Elephant (ivory) · Ébolowa,,,3,0.00102
location:ébolowa,Location,Ébolowa,2.9,11.15,2,0.00034
location:south,Location,South,,,1,0.0
outlet:actu_cameroun,Outlet,Actu Cameroun,,,1,0.0
case:d61fbc7098bd,Case,Seizure · Wildlife (unspecified) · location unknown,,,2,0.00034
outlet:cuarto_poder_chiapas,Outlet,Cuarto Poder Chiapas,,,1,0.0
case:849663a2a527,Case,Seizure · Rosewood & timber · São José,,,3,0.00053
location:são_josé,Location,São José,-27.6153,-48.6275,2,0.00021
outlet:olharalerta.com.br,Outlet,olharalerta.com.br,,,1,0.0
case:af15c5416863,Case,Seizure · Wildlife (unspecified) · location unknown,,,3,0.00017
case:d92d02bf4658,Case,Arrest · Wildlife (unspecified) · Pali,,,3,0.00092
location:pali,Location,Pali,25.5835,73.3837,2,0.00032
outlet:patrika_news,Outlet,Patrika News,,,1,0.0
case:de9db9b69f27,Case,Arrest · Parrots & songbirds · Kushinagar,,,3,0.00352
case:6c2dcbfa575d,Case,Seizure · Pangolin · Botswana,,,3,0.0006
location:botswana,Location,Botswana,-24.6545,25.9086,2,0.0
case:cc9b47c1b241,Case,Seizure · Elephant (ivory) · 1.2 tons · Vietnam,,,4,0.00062
location:vietnam,Location,Vietnam,14.06,108.28,6,0.00346
outlet:news_-_mongabay,Outlet,news - Mongabay,,,13,0.00553
commodity:elephant-tons,Commodity,Elephant (ivory) – tons,,,2,0.0
case:99158f51e74b,Case,Seizure · Elephant (ivory) · location unknown,,,2,7e-05
case:7c2edb84ce53,Case,Seizure · Sandalwood · 105 kg · Gajapati,,,6,0.00081
location:gajapati,Location,Gajapati,18.91,84.2,2,8e-05
outlet:sambad_english,Outlet,Sambad English,,,1,0.0
case:42c20b134c70,Case,Arrest · Sandalwood · Haldwani,,,4,0.00069
location:haldwani,Location,Haldwani,29.2225,79.5286,2,9e-05
location:uttarakhand,Location,Uttarakhand,,,3,0.0003
case:ba6cbd60ac05,Case,"Seizure · Elephant (ivory), Pangolin · Cuamba",,,4,0.00237
location:cuamba,Location,Cuamba,-14.8031,36.5372,2,0.00034
location:niassa_province,Location,Niassa Province,,,1,0.0
outlet:club_of_mozambique,Outlet,CLUB OF MOZAMBIQUE,,,4,0.00011
case:9d22005442c6,Case,Seizure · Parrots & songbirds · location unknown,,,2,0.00034
outlet:rca1.com.br,Outlet,rca1.com.br,,,1,0.0
case:be61c8e830ee,Case,Seizure · Turtles & tortoises · 83 turtles · location unknown,,,3,0.00038
case:cd474874ff08,Case,Arrest · Pangolin · India,,,3,0.00096
case:5c160960fe73,Case,Arrest · Turtles & tortoises · Una,,,3,0.00048
location:una,Location,Una,31.46,76.27,2,3e-05
location:himachal_pradesh,Location,Himachal Pradesh,,,4,0.00014
case:90de4de096d3,Case,Seizure · Abalone · Namibia,,,4,0.00098
location:namibia,Location,Namibia,-22.5594,17.0832,4,0.00081
outlet:wansom.ai,Outlet,wansom.ai,,,1,0.0
case:c69b0c6e888d,Case,Arrest · Turtles & tortoises · Dharamsala,,,5,0.00752
location:dharamsala,Location,Dharamsala,32.2201,76.3201,2,8e-05
case:109cd30ac223,Case,Seizure · Parrots & songbirds · Águas Claras,,,4,0.00047
location:águas_claras,Location,Águas Claras,-15.8397,-48.0267,2,1e-05
outlet:bahia_notícias,Outlet,Bahia Notícias,,,2,0.00022
outlet:acorda_cidade,Outlet,Acorda Cidade,,,3,0.0
case:572e58d74912,Case,Seizure · Parrots & songbirds · location unknown,,,2,0.00012
outlet:el_sol_de_méxico,Outlet,El Sol de México,,,3,3e-05
case:0ed8265377ca,Case,Rescue · Parrots & songbirds · Salvador,,,3,0.00048
location:salvador,Location,Salvador,-12.9756,-38.491,6,0.00118
outlet:varela_net,Outlet,Varela Net,,,1,0.0
case:81e1ba4bfaf3,Case,Arrest · Pangolin · Limpopo,,,6,0.00262
location:limpopo,Location,Limpopo,-23.4,29.42,3,0.00041
outlet:briefly_news,Outlet,Briefly News,,,1,0.0
outlet:african_insider,Outlet,African Insider,,,2,1e-05
case:9c9ea761d806,Case,Arrest · Leopard · location unknown,,,2,9e-05
case:b27b51a30406,Case,Seizure · Wildlife (unspecified) · Costa Rica,,,4,0.00109
location:costa_rica,Location,Costa Rica,9.9339,-84.0849,5,0.0
outlet:the_tico_times,Outlet,The Tico Times,,,4,0.0
case:fa905202ee09,Case,Arrest · Monitor lizard · Pudukkottai,,,4,0.00067
location:pudukkottai,Location,Pudukkottai,10.3813,78.8214,2,3e-05
outlet:deccanchronicle.com,Outlet,deccanchronicle.com,,,2,5e-05
case:2c361c4b5adb,Case,Arrest · Pangolin · Botswana,,,3,0.00025
case:d2b5a415883b,Case,Seizure · Pangolin · Kānker,,,3,0.00102
location:kānker,Location,Kānker,20.2719,81.4918,2,0.0
location:chhattisgarh,Location,Chhattisgarh,,,6,0.00055
case:ef4ea56fa7d8,Case,Rescue · Parrots & songbirds · Passo Fundo,,,3,0.00039
location:passo_fundo,Location,Passo Fundo,-28.2628,-52.4067,2,1e-05
case:20db2f7d62c3,Case,Arrest · Sandalwood · Jamshedpur,,,3,0.00035
location:jamshedpur,Location,Jamshedpur,22.8028,86.1855,5,0.00172
case:694398508595,Case,Seizure · Tiger · Chhattisgarh,,,6,0.00141
outlet:freepressjournal.in,Outlet,freepressjournal.in,,,2,2e-05
case:0097982baf54,Case,Seizure · Pangolin · Hanūr,,,3,0.0011
location:hanūr,Location,Hanūr,12.0874,77.3021,2,4e-05
case:29fba182737a,Case,Arrest · Monitor lizard · Chākan,,,3,0.00021
location:chākan,Location,Chākan,18.7606,73.8635,2,3e-05
case:6b88c1522c60,Case,Seizure · Turtles & tortoises · location unknown,,,2,0.0005
outlet:nd_mais,Outlet,ND Mais,,,3,0.00068
case:610f88e2d8cd,Case,Seizure · Primates · location unknown,,,2,0.00034
outlet:diario_cambio22,Outlet,Diario CAMBIO22,,,1,0.0
case:f9ab6f459942,Case,Seizure · Wildlife (unspecified) · location unknown,,,3,0.00116
outlet:it-online.co.za,Outlet,it-online.co.za,,,1,0.0
case:9ff185a50c58,Case,Seizure · Primates · Kano,,,4,0.00345
location:kano,Location,Kano,12.0001,8.5167,3,0.00034
location:kano_state,Location,Kano State,,,1,0.0
outlet:the_guardian_nigeria_news,Outlet,The Guardian Nigeria News,,,4,0.00026
case:8eadbd0a81fb,Case,Seizure · Wildlife (unspecified) · Campo Grande,,,3,0.00117
location:campo_grande,Location,Campo Grande,-20.4428,-54.6464,3,0.00068
location:mato_grosso_do_sul,Location,Mato Grosso do Sul,,,3,0.00022
outlet:a_crítica_de_campo_grande,Outlet,A Crítica de Campo Grande,,,1,0.0
case:27953a7cc7f1,Case,Arrest · Pangolin · Genteng,,,3,0.00121
location:genteng,Location,Genteng,-8.3667,114.15,2,0.00064
outlet:radar_banyuwangi,Outlet,Radar Banyuwangi,,,1,0.0
case:bf65ad933bd3,Case,Seizure · Pangolin · Indonesia,,,3,0.00069
location:indonesia,Location,Indonesia,-0.79,113.92,14,0.00519
case:73938a976378,Case,Arrest · Monitor lizard · Chhattisgarh,,,4,0.00232
outlet:hindustan_times,Outlet,Hindustan Times,,,11,0.00365
case:8af70a535b32,Case,Seizure · Turtles & tortoises · India,,,3,0.00237
case:ff4d629d2103,Case,Seizure · Leopard · India,,,3,0.00024
case:465fbe735b4e,Case,Arrest · Owls · location unknown,,,2,4e-05
species:owl,Species,Owls,,,3,0.00024
case:43c313088957,Case,Arrest · Owls · Agra,,,3,0.00036
location:agra,Location,Agra,27.1833,78.0167,2,0.00026
case:b0020dca9260,Case,Arrest · Pangolin · 3 ton · Pontianak,,,4,0.00093
location:pontianak,Location,Pontianak,-0.0319,109.325,2,0.00034
location:west_kalimantan,Location,West Kalimantan,,,1,0.0
commodity:pangolin-ton,Commodity,Pangolin – ton,,,4,2e-05
case:85af168e51a6,Case,Arrest · Wildlife (unspecified) · location unknown,,,2,0.00034
outlet:la_crónica_de_hoy,Outlet,La Crónica de Hoy,,,1,0.0
case:a035fc64d51a,Case,Arrest · Parrots & songbirds · location unknown,,,2,0.00074
outlet:infobae,Outlet,Infobae,,,4,0.00163
case:6774353051b8,Case,Seizure · Jaguar · La Paz,,,3,0.00044
species:jaguar,Species,Jaguar,,,5,0.00623
location:la_paz,Location,La Paz,24.1423,-110.3132,4,0.00073
location:baja_california_sur,Location,Baja California Sur,,,1,0.0
outlet:eju.tv,Outlet,eju.tv,,,1,0.0
case:043f3fe108d5,Case,Seizure · Wildlife (unspecified) · South Africa,,,4,0.00201
outlet:sky_news,Outlet,Sky News,,,2,0.00015
outlet:yahoo_news_uk,Outlet,Yahoo News UK,,,1,0.0
case:742bb8feb8c2,Case,Seizure · Rhinoceros · Namibia,,,3,0.00107
outlet:u.s._embassy_in_namibia_(.gov),Outlet,U.S. Embassy in Namibia (.gov),,,2,0.0001
case:ac2fff6f491d,Case,Seizure · Wildlife (unspecified) · Namibia,,,3,0.00064
outlet:informanté,Outlet,Informanté,,,2,0.0
case:a3bc3ba8e542,Case,Arrest · Sandalwood · location unknown,,,2,0.00017
case:760b5a22b3bc,Case,Seizure · Wildlife (unspecified) · location unknown,,,3,0.00068
outlet:ຂ່າວສານປະເທດລາວ,Outlet,ຂ່າວສານປະເທດລາວ,,,1,0.0
outlet:kpl.gov.la,Outlet,kpl.gov.la,,,1,0.0
case:0a82197da991,Case,Arrest · Elephant (ivory) · location unknown,,,2,0.00367
outlet:icilome,Outlet,Icilome,,,1,0.0
case:e596be6f81dd,Case,Arrest · Elephant (ivory) · location unknown,,,2,0.00034
outlet:periódico_correo,Outlet,Periódico Correo,,,1,0.0
case:0748ccdf13e6,Case,Seizure · Wildlife (unspecified) · location unknown,,,2,0.00034
outlet:suid-kaap_forum,Outlet,Suid-Kaap Forum,,,1,0.0
case:9791f97231b9,Case,Arrest · Pangolin · Singapore,,,3,0.00028
case:3cdb8ebbdbe8,Case,Seizure · Jaguar · La Paz,,,3,0.00178
location:la_paz_department,Location,La Paz Department,,,1,0.0
outlet:la_patria_bolivia,Outlet,La Patria Bolivia,,,2,0.00198
case:5fe6f830c62a,Case,Seizure · Abalone · location unknown,,,2,0.00043
case:6d17e8762fe9,Case,Seizure · Elephant (ivory) · location unknown,,,2,7e-05
case:e32f00890986,Case,Conviction · Parrots & songbirds · location unknown,,,2,0.00073
case:2377a37a7330,Case,Seizure · Wildlife (unspecified) · Patria,,,3,0.00067
location:patria,Location,Patria,11.7403,122.0171,4,0.00095
location:western_visayas,Location,Western Visayas,,,3,0.00018
outlet:la_patria,Outlet,La Patria,,,3,0.00033
case:b697a9a74498,Case,Seizure · Wildlife (unspecified) · Pueblo,,,3,0.00113
location:pueblo,Location,Pueblo,38.2544,-104.6091,2,0.00046
location:colorado,Location,Colorado,,,2,0.00016
outlet:defensoría_del_pueblo_de_colombia,Outlet,Defensoría del Pueblo de Colombia,,,1,0.0
case:8a76656a3fd6,Case,Arrest · Sandalwood · Ghazipur,,,5,0.00064
location:ghazipur,Location,Ghazipur,25.6241,83.5555,2,0.00021
case:fe354cd25193,Case,Arrest · Leopard · 17 claws · Bhadradri Kothagudem,,,7,0.00107
location:bhadradri_kothagudem,Location,Bhadradri Kothagudem,17.5546,80.6198,2,4e-05
location:telangana,Location,Telangana,,,5,6e-05
outlet:telangana_today,Outlet,Telangana Today,,,4,0.00032
commodity:leopard-claws,Commodity,Leopard – claws,,,2,2e-05
case:4a3eeb399e57,Case,Arrest · Pangolin · Nuapada,,,3,0.00066
case:5641330d79f7,Case,Arrest · Pangolin · India,,,3,0.00096
case:53e8606aaa33,Case,Seizure · Rhinoceros · location unknown,,,2,7e-05
outlet:the_citizen,Outlet,The Citizen,,,6,0.00041
case:f39b70000ae9,Case,Seizure · Wildlife (unspecified) · location unknown,,,3,0.00102
outlet:phys.org,Outlet,Phys.org,,,2,0.0
case:994119527d2e,Case,Seizure · Wildlife (unspecified) · location unknown,,,3,0.00654
outlet:2oceansvibe_news,Outlet,2oceansvibe News,,,2,7e-05
case:db84ce63523d,Case,Arrest · Sandalwood · Vellore,,,3,0.0005
location:vellore,Location,Vellore,12.9184,79.1325,3,8e-05
case:749e5dea5242,Case,Seizure · Wildlife (unspecified) · Klaten,,,4,0.00499
location:klaten,Location,Klaten,-7.7058,110.6064,2,0.00034
outlet:batasmedia99,Outlet,BatasMedia99,,,1,0.0
case:517182c4858a,Case,Seizure · Wildlife (unspecified) · Namibia,,,3,0.00064
case:faee9c7e7ec3,Case,Seizure · Tokay gecko · 1 live · Kaziranga,,,4,0.00045
location:kaziranga,Location,Kaziranga,26.58,93.17,2,1e-05
commodity:tokay_gecko-live,Commodity,Tokay gecko – live,,,1,0.0
case:c33fe2a0aff3,Case,Rescue · Turtles & tortoises · location unknown,,,3,0.00077
outlet:o_globo,Outlet,O GLOBO,,,2,0.00014
case:00194d0baf59,Case,Seizure · Abalone · location unknown,,,2,0.00043
case:aec1029b88e3,Case,"Seizure · Sharks, rays & sea cucumbers · Piúma",,,3,0.00115
species:shark_ray,Species,"Sharks, rays & sea cucumbers",,,58,0.08081
location:piúma,Location,Piúma,-20.8378,-40.7219,2,0.00021
case:4df68b93a015,Case,Seizure · Rosewood & timber · location unknown,,,2,0.00034
outlet:imediato.ncnews.com.br,Outlet,imediato.ncnews.com.br,,,1,0.0
case:04a10203eddb,Case,Seizure · Wildlife (unspecified) · Vitória da Conquista,,,4,0.00125
location:vitória_da_conquista,Location,Vitória da Conquista,-14.8661,-40.8394,7,0.0019
outlet:galego_notícias,Outlet,Galego Notícias,,,1,0.0
outlet:prefeitura_municipal_de_vitória_da_conquista_-_pmvc,Outlet,Prefeitura Municipal de Vitória da Conquista - PMVC,,,7,0.00191
case:b5afd84b82ef,Case,Seizure · Wildlife (unspecified) · location unknown,,,2,0.00097
outlet:news.mongabay.com,Outlet,news.mongabay.com,,,16,0.00823
case:147441db97a9,Case,Seizure · Red sanders · Tirupati,,,5,0.00149
location:tirupati,Location,Tirupati,13.63,79.42,7,7e-05
case:81ec9c32ea87,Case,Rescue · Wildlife (unspecified) · Tocantins,,,5,0.00188
location:tocantins,Location,Tocantins,-21.175,-43.0178,3,0.00032
outlet:tocantins.jornalopcao.com.br,Outlet,tocantins.jornalopcao.com.br,,,1,0.0
outlet:correiodamanha.com.br,Outlet,correiodamanha.com.br,,,1,0.0
case:a39745673b2b,Case,Seizure · Elephant (ivory) · Lucknow,,,7,0.00326
location:lucknow,Location,Lucknow,26.85,80.95,2,0.00024
outlet:news_on_air,Outlet,News On AIR,,,4,0.0002
outlet:globalgovernancenews.com,Outlet,globalgovernancenews.com,,,1,0.0
case:81c128e9e0d0,Case,Seizure · Wildlife (unspecified) · location unknown,,,2,0.00022
case:02e84ae2075d,Case,Rescue · Wildlife (unspecified) · Iati,,,6,0.00744
location:iati,Location,Iati,-9.0458,-36.8461,2,0.00017
outlet:terra,Outlet,Terra,,,2,0.0002
outlet:francês_news,Outlet,Francês News,,,1,0.0
case:c54d6c70f721,Case,Seizure · Turtles & tortoises · location unknown,,,2,0.00034
outlet:diariodepernambuco.com.br,Outlet,diariodepernambuco.com.br,,,1,0.0
case:ab295050f449,Case,Seizure · Pangolin · 64 kg · Banjarmasin,,,4,0.00084
location:banjarmasin,Location,Banjarmasin,-3.3199,114.5907,2,0.00017
outlet:baca_kabar,Outlet,Baca kabar,,,1,0.0
commodity:pangolin-kg,Commodity,Pangolin – kg,,,20,0.00232
case:1d9122b5cd67,Case,Arrest · Turtles & tortoises · location unknown,,,2,0.00034
outlet:riauakses,Outlet,RiauAkses,,,1,0.0
case:bfb5588be22d,Case,Seizure · Wildlife (unspecified) · location unknown,,,2,0.00034
outlet:thinklandscape,Outlet,ThinkLandscape,,,1,0.0
case:20a00f60fc51,Case,Seizure · Leopard · Delhi,,,6,0.00085
location:delhi,Location,Delhi,28.61,77.21,8,0.00123
case:50dfb80c1d00,Case,Arrest · Leopard · location unknown,,,2,0.00034
outlet:thewire.in,Outlet,thewire.in,,,1,0.0
case:1ff4df3d7550,Case,Seizure · Wildlife (unspecified) · Sacramento,,,3,0.00267
location:sacramento,Location,Sacramento,38.5816,-121.4944,3,0.0023
location:california,Location,California,,,6,0.00056
case:8e9996a466e4,Case,Arrest · Monitor lizard · location unknown,,,2,0.00019
case:c654014b90a3,Case,Arrest · Monitor lizard · Soekarno-Hatta,,,3,0.00434
location:soekarno-hatta,Location,Soekarno-Hatta,-6.13,106.66,2,0.00034
location:banten,Location,Banten,,,1,0.0
outlet:suara.com,Outlet,Suara.com,,,1,0.0
case:b4429b456d0f,Case,Seizure · Hornbills · location unknown,,,2,0.00034
outlet:www.foi.gov.ph,Outlet,www.foi.gov.ph,,,1,0.0
case:31859f467345,Case,Seizure · Leopard · 10 skins · location unknown,,,3,0.00034
outlet:news9live,Outlet,News9live,,,1,0.0
case:4f162f4ddf4e,Case,Seizure · Wildlife (unspecified) · location unknown,,,2,0.00168
case:4d5d173efcb5,Case,Seizure · Elephant (ivory) · 2 tonnes · Vietnam,,,5,0.00226
outlet:africanews.com,Outlet,africanews.com,,,1,0.0
commodity:elephant-tonnes,Commodity,Elephant (ivory) – tonnes,,,2,2e-05
case:6cb4fbb1e5b5,Case,Arrest · Wildlife (unspecified) · Delhi,,,3,0.00146
case:a41f1e837556,Case,Seizure · Elephant (ivory) · 1.1 tons · Vietnam,,,5,0.00314
outlet:tuoi_tre_news_|_the_news_gateway_to_vietnam,Outlet,Tuoi Tre News | The News Gateway to Vietnam,,,1,0.0
case:039f175492a4,Case,Seizure · Elephant (ivory) · location unknown,,,2,0.00034
outlet:primera_hora,Outlet,Primera Hora,,,1,0.0
case:f1694dd8ee75,Case,Seizure · Leopard · location unknown,,,2,3e-05
outlet:mid-day.com,Outlet,mid-day.com,,,6,0.00095
case:e04560b49871,Case,Seizure · Elephant (ivory) · location unknown,,,2,0.00029
case:dd6aa9720b9d,Case,Seizure · Wildlife (unspecified) · Fortaleza,,,3,0.00213
location:fortaleza,Location,Fortaleza,-3.7172,-38.5431,5,0.00103
location:ceará,Location,Ceará,,,2,0.00011
case:f6af6b118c53,Case,Seizure · Elephant (ivory) · 2 tusks · Assam,,,6,0.00205
case:992f805b07f9,Case,Seizure · Wildlife (unspecified) · location unknown,,,2,6e-05
outlet:diário_do_rio,Outlet,Diário do Rio,,,4,1e-05
case:55d72797bc1e,Case,Rescue · Primates · Salvador,,,3,0.0047
case:a16506731bf9,Case,Seizure · Parrots & songbirds · Serra,,,3,0.00125
location:serra,Location,Serra,-20.1286,-40.3078,4,0.00014
outlet:es_hoje,Outlet,ES Hoje,,,2,0.00047
case:6c3b96904628,Case,Seizure · Wildlife (unspecified) · location unknown,,,2,0.00017
outlet:nsw_environment_and_heritage,Outlet,NSW Environment and Heritage,,,2,0.0
case:fc5980c88a39,Case,Arrest · Monitor lizard · Sonapur,,,3,0.00036
case:cba06ac09630,Case,Seizure · Wildlife (unspecified) · location unknown,,,2,0.00017
outlet:the_korea_times,Outlet,The Korea Times,,,2,0.0
case:4da5329a8e35,Case,Seizure · Wildlife (unspecified) · location unknown,,,2,0.00034
outlet:조선일보,Outlet,조선일보,,,1,0.0
case:0c18d02e7889,Case,"Rescue · Parrots & songbirds, Turtles & tortoises · Paraná",,,4,0.01074
location:paraná,Location,Paraná,-31.7327,-60.529,5,0.00086
location:entre_rios,Location,Entre Rios,,,1,0.0
outlet:banda_b,Outlet,Banda B,,,2,2e-05
case:9e87b5560889,Case,Seizure · Pangolin · location unknown,,,3,0.00114
outlet:dailypost.ng,Outlet,dailypost.ng,,,1,0.0
case:d525d20394a8,Case,"Seizure · Elephant (ivory), Pangolin · Shillong",,,4,0.00814
location:shillong,Location,Shillong,25.58,91.89,2,0.00019
location:meghalaya,Location,Meghalaya,,,2,0.00091
outlet:the_shillong_times,Outlet,The Shillong Times,,,1,0.0
case:364afffe65e7,Case,Seizure · Wildlife (unspecified) · Bangladesh,,,4,0.00135
case:f84487dea470,Case,Arrest · Pangolin · location unknown,,,3,0.00161
outlet:news24.com,Outlet,news24.com,,,3,0.0001
case:35f62b561767,Case,"Seizure · Elephant (ivory), Pangolin · Nigeria",,,5,0.00487
location:nigeria,Location,Nigeria,9.08,8.68,10,0.00189
outlet:the_sun_nigeria,Outlet,The Sun Nigeria,,,1,0.0
case:315e9e55a852,Case,Seizure · Wildlife (unspecified) · location unknown,,,2,6e-05
case:77a319e1f584,Case,"Seizure · Elephant (ivory), Pangolin · Nagaland",,,6,0.00518
location:nagaland,Location,Nagaland,26.16,94.56,1,0.0
outlet:meghalaya.gov.in,Outlet,meghalaya.gov.in,,,1,0.0
case:2fab8dd38751,Case,Arrest · Elephant (ivory) · 9.5 kg · Meru,,,4,0.00175
location:meru,Location,Meru,24.0097,85.4673,2,0.00046
outlet:the-star.co.ke,Outlet,the-star.co.ke,,,2,0.00113
case:ff0e909b05db,Case,Seizure · Wildlife (unspecified) · Ri-Bhoi,,,3,0.00502
location:ri-bhoi,Location,Ri-Bhoi,25.9,91.88,2,0.00106
outlet:syllad,Outlet,Syllad,,,1,0.0
case:6604037d9d52,Case,Rescue · Parrots & songbirds · Parnaíba,,,4,0.00074
location:parnaíba,Location,Parnaíba,-2.9047,-41.7767,2,8e-05
location:piauí,Location,Piauí,,,5,0.0003
outlet:portal_piauí_hoje,Outlet,Portal Piauí Hoje,,,1,0.0
outlet:gp1,Outlet,GP1,,,2,7e-05
case:804a0fc2f209,Case,Seizure · Wildlife (unspecified) · location unknown,,,4,0.00081
outlet:daily_cargo_news,Outlet,Daily Cargo News,,,1,0.0
outlet:nationalepa.gov.au,Outlet,nationalepa.gov.au,,,1,0.0
outlet:fws.gov,Outlet,FWS.gov,,,8,0.00096
case:bf6f0103bf98,Case,Seizure · Wildlife (unspecified) · location unknown,,,3,0.00554
case:0221276b692e,Case,Seizure · Wildlife (unspecified) · location unknown,,,2,8e-05
outlet:tnh1,Outlet,TNH1,,,4,0.0
case:8c7869b2a0ac,Case,Seizure · Wildlife (unspecified) · Sydney,,,3,0.00085
location:sydney,Location,Sydney,-33.8678,151.2073,2,0.00017
outlet:7news,Outlet,7NEWS,,,1,0.0
case:4c57b9f79670,Case,"Seizure · Primates, Rosewood & timber · Dourados",,,4,0.00392
location:dourados,Location,Dourados,-22.2211,-54.8056,2,8e-05
outlet:dourados_news,Outlet,Dourados News,,,1,0.0
case:1f515bf4d996,Case,Seizure · Turtles & tortoises · Bogotá,,,3,0.00057
outlet:cambio_colombia,Outlet,CAMBIO Colombia,,,1,0.0
case:67712306e11c,Case,Seizure · Wildlife (unspecified) · location unknown,,,3,0.00152
case:8d5f588ccb68,Case,Seizure · Wildlife (unspecified) · location unknown,,,3,0.00068
outlet:jornal_panorama_minas,Outlet,Jornal Panorama Minas,,,1,0.0
outlet:tribuna_do_sertão,Outlet,Tribuna do Sertão,,,1,0.0
case:e3121194f35f,Case,"Seizure · Hornbills, Pangolin · Padang",,,7,0.00447
location:padang,Location,Padang,-0.9492,100.3543,2,0.00034
location:west_sumatra,Location,West Sumatra,,,1,0.0
outlet:kr_sumsel,Outlet,KR Sumsel,,,1,0.0
case:5000cf277849,Case,Seizure · Red sanders · Arakkonam,,,3,0.00011
location:arakkonam,Location,Arakkonam,13.0845,79.6705,2,2e-05
case:c172f3d8fdd3,Case,Arrest · Elephant (ivory) · Nilgiris,,,3,0.00034
location:nilgiris,Location,Nilgiris,11.46,76.64,2,3e-05
case:fcd6c0867123,Case,Seizure · Wildlife (unspecified) · Nigeria,,,4,0.00604
outlet:tori.ng,Outlet,tori.ng,,,1,0.0
case:069cddb92f8c,Case,Rescue · Parrots & songbirds · location unknown,,,2,0.0013
case:d18a72e3bb27,Case,Seizure · Wildlife (unspecified) · Cariacica,,,3,0.00489
location:cariacica,Location,Cariacica,-20.2639,-40.42,2,0.00065
case:99752b6e6208,Case,Seizure · Parrots & songbirds · location unknown,,,3,0.00292
case:a728b3b8cb5c,Case,Seizure · Pangolin · 3 live · Semarang,,,4,0.00077
location:semarang,Location,Semarang,-6.9931,110.4208,2,0.00017
outlet:thejakartapost.com,Outlet,thejakartapost.com,,,1,0.0
commodity:pangolin-live,Commodity,Pangolin – live,,,6,9e-05
case:1bdf5ce11833,Case,Seizure · Pangolin · location unknown,,,3,0.00076
case:4927c59913b9,Case,Seizure · Wildlife (unspecified) · location unknown,,,2,0.00013
case:b510ee561261,Case,Seizure · Pangolin · location unknown,,,3,0.00128
outlet:prnigeria_news,Outlet,PRNigeria News,,,3,0.00011
case:31766e0084bb,Case,Seizure · Wildlife (unspecified) · Jayapura,,,5,0.00529
location:jayapura,Location,Jayapura,-2.5337,140.7181,2,0.00034
location:papua,Location,Papua,,,1,0.0
case:ca250bc83b95,Case,Seizure · Pangolin · 3 live · Jakarta,,,6,0.00172
location:jakarta,Location,Jakarta,-6.21,106.85,3,1e-05
outlet:the_jakarta_post,Outlet,The Jakarta Post,,,1,0.0
outlet:thestar.com.my,Outlet,thestar.com.my,,,1,0.0
case:a6d2d60bf053,Case,"Arrest · Elephant (ivory), Sandalwood · Kāsaragod",,,6,0.00605
location:kāsaragod,Location,Kāsaragod,12.4984,74.9896,2,0.00016
agency:crime_branch,Agency,Crime Branch,,,1,0.0
case:b5cd47c06f91,Case,Seizure · Tiger · Chhattisgarh,,,3,0.00036
outlet:cg_khabar,Outlet,CG Khabar,,,1,0.0
case:4eac275a75a5,Case,Rescue · Parrots & songbirds · Samambaia,,,4,0.00049
location:samambaia,Location,Samambaia,-15.8823,-48.1043,2,1e-05
outlet:correiobraziliense.com.br,Outlet,correiobraziliense.com.br,,,2,0.0
outlet:jornal_de_brasília,Outlet,Jornal de Brasília,,,2,5e-05
case:4e74441d3574,Case,Rescue · Parrots & songbirds · Mendoza,,,3,0.00125
location:mendoza,Location,Mendoza,-32.8895,-68.8458,1,0.0
case:308f7b7cfb1c,Case,Arrest · Rhinoceros · location unknown,,,2,0.00027
case:6cff21e1ac75,Case,"Seizure · Sharks, rays & sea cucumbers · Klang",,,3,0.00078
location:klang,Location,Klang,3.0367,101.4433,2,0.00034
location:selangor,Location,Selangor,,,1,0.0
outlet:free_malaysia_today,Outlet,Free Malaysia Today,,,2,0.00039
case:7f873f4b02fc,Case,Seizure · Wildlife (unspecified) · Costa Rica,,,3,0.00021
outlet:humane_world_for_animals,Outlet,Humane World for Animals,,,2,0.0
case:e0873ca37606,Case,Rescue · Wildlife (unspecified) · Tatuí,,,3,0.00361
location:tatuí,Location,Tatuí,-23.3556,-47.8569,2,0.00046
outlet:jornalcruzeiro.com.br,Outlet,jornalcruzeiro.com.br,,,2,0.00016
case:498c9e55e715,Case,Seizure · Rosewood & timber · Patria,,,3,0.00255
case:0fe606b958be,Case,Seizure · Elephant (ivory) · location unknown,,,3,0.00074
case:e4f1bd317875,Case,Arrest · Turtles & tortoises · location unknown,,,2,0.00034
outlet:news.immigration.gov.tw,Outlet,news.immigration.gov.tw,,,1,0.0
case:303d1ad1339a,Case,Seizure · Leopard · 10 skins · location unknown,,,3,9e-05
case:6fe16d5f27e0,Case,Arrest · Sand boa · Pune,,,4,0.00325
species:sand_boa,Species,Sand boa,,,6,0.00414
case:562439a2d85c,Case,Seizure · Pangolin · Indonesia,,,3,0.00069
case:880c02e7d8da,Case,Seizure · Leopard · 10 skins · Delhi,,,5,0.00082
outlet:world_animal_news,Outlet,World Animal News,,,6,0.00152
case:8668604e3a97,Case,Seizure · Rhinoceros · Mpumalanga,,,3,0.00095
location:mpumalanga,Location,Mpumalanga,-29.8129,30.6365,2,0.00034
location:kwazulu-natal,Location,KwaZulu-Natal,,,1,0.0
case:59848cb0f967,Case,Arrest · Rhinoceros · location unknown,,,2,7e-05
case:070bf872070b,Case,Arrest · Wildlife (unspecified) · location unknown,,,2,0.00034
outlet:sinpo.id,Outlet,SinPo.id,,,1,0.0
case:1508e2f09958,Case,Seizure · Red sanders · location unknown,,,3,0.00019
case:d1d5ae324544,Case,Seizure · Turtles & tortoises · 707 turtles · Kolkata,,,6,0.00516
location:kolkata,Location,Kolkata,22.57,88.36,2,0.0005
outlet:aviation_jeta,Outlet,Aviation Jeta,,,1,0.0
case:6c804a1785e1,Case,Seizure · Turtles & tortoises · Hong Kong,,,3,0.00082
location:hong_kong,Location,Hong Kong,22.32,114.17,5,0.00244
outlet:department_of_justice_(.gov),Outlet,Department of Justice (.gov),,,2,0.0001
case:a822ea621a4e,Case,Arrest · Elephant (ivory) · location unknown,,,2,0.00012
outlet:herald.co.zw,Outlet,Herald.co.zw,,,6,0.00055
case:4f36679214d8,Case,Rescue · Wildlife (unspecified) · location unknown,,,2,0.00168
case:b7b7f8c4ca73,Case,Rescue · Parrots & songbirds · Pátzcuaro,,,3,0.00045
location:pátzcuaro,Location,Pátzcuaro,19.5132,-101.6099,2,9e-05
case:9878e77d117e,Case,Seizure · Wildlife (unspecified) · location unknown,,,3,0.00063
agency:bksda,Agency,BKSDA,,,2,0.00014
outlet:sakato.co.id,Outlet,Sakato.co.id,,,1,0.0
case:3e53dbc1ca82,Case,Seizure · Pangolin · location unknown,,,3,0.00058
case:8cc880fa604f,Case,Seizure · Monitor lizard · Los Angeles,,,3,0.00023
location:los_angeles,Location,Los Angeles,34.0522,-118.2437,3,0.00022
outlet:ktla,Outlet,KTLA,,,3,0.00036
case:57aae3747536,Case,Seizure · Wildlife (unspecified) · location unknown,,,3,0.00051
outlet:aerotime,Outlet,AeroTime,,,1,0.0
case:575f154046b9,Case,Seizure · Pangolin · location unknown,,,2,0.00045
case:257ddb242627,Case,Rescue · Parrots & songbirds · location unknown,,,2,0.00058
outlet:portal_de_notícias_da_pmesp,Outlet,Portal de Notícias da PMESP,,,6,0.0
case:e2a9c82ac5fd,Case,Arrest · Elephant (ivory) · 8.9 kilograms · Bānda,,,5,0.00319
location:bānda,Location,Bānda,25.4776,80.3349,3,0.00157
outlet:faceofmalawi.com,Outlet,faceofmalawi.com,,,1,0.0
commodity:elephant-kilograms,Commodity,Elephant (ivory) – kilograms,,,2,2e-05
case:eff7fe6cd66e,Case,Seizure · Pangolin · location unknown,,,2,0.00025
case:207e7d4d1de5,Case,Arrest · Pangolin · location unknown,,,3,0.0014
case:8f608554cbe9,Case,Seizure · Elephant (ivory) · location unknown,,,2,0.00011
outlet:nyasa_times,Outlet,Nyasa Times,,,3,0.00022
case:bfc25834326c,Case,Arrest · Pangolin · location unknown,,,3,0.00381
outlet:ewn.co.za,Outlet,ewn.co.za,,,3,0.00027
outlet:getaway_magazine,Outlet,Getaway Magazine,,,1,0.0
case:0d9b23ba53b8,Case,Seizure · Monitor lizard · 4 lizards · Pāonta Sāhib,,,7,0.00759
location:pāonta_sāhib,Location,Pāonta Sāhib,30.4367,77.6246,2,3e-05
outlet:tribuneindia.com,Outlet,tribuneindia.com,,,1,0.0
outlet:the_tribune,Outlet,The Tribune,,,1,0.0
commodity:monitor_lizard-lizards,Commodity,Monitor lizard – lizards,,,2,0.0
case:2e3622319027,Case,Arrest · Pangolin · Assam,,,4,0.00206
case:64e4208014f1,Case,Seizure · Red sanders · 365 kg · Delhi,,,6,0.00198
outlet:rediff,Outlet,Rediff,,,7,0.00148
case:27c2d5fa1073,Case,Seizure · Abalone · location unknown,,,3,0.00313
case:617b7833ce0e,Case,Seizure · Wildlife (unspecified) · location unknown,,,2,0.00034
outlet:homeland_security_today,Outlet,Homeland Security Today,,,1,0.0
case:2aa91773b2dd,Case,Seizure · Pangolin · Sandakan,,,4,0.00348
location:sandakan,Location,Sandakan,5.8402,118.1179,2,0.00223
location:sabah,Location,Sabah,,,2,0.0
outlet:the_star,Outlet,The Star,,,4,0.00099
case:9537f7cfce3f,Case,Seizure · Rosewood & timber · location unknown,,,2,0.00034
outlet:portalterradaluz.com.br,Outlet,portalterradaluz.com.br,,,1,0.0
case:840d4170e4e4,Case,Seizure · Wildlife (unspecified) · location unknown,,,2,0.00034
outlet:el_horizonte,Outlet,El Horizonte,,,1,0.0
case:375febaee357,Case,Arrest · Tiger · location unknown,,,2,4e-05
case:fe30ec651a6d,Case,Seizure · Wildlife (unspecified) · location unknown,,,2,0.00168
case:908fcb5129b8,Case,Arrest · Wildlife (unspecified) · Goiás,,,4,0.00591
location:goiás,Location,Goiás,-15.9344,-50.1403,3,0.002
outlet:o_hoje,Outlet,O Hoje,,,1,0.0
outlet:caesegatos.com.br,Outlet,caesegatos.com.br,,,1,0.0
case:e3b507d09489,Case,Seizure · Elephant (ivory) · 15 kg · Sūjāngarh,,,6,0.00373
location:sūjāngarh,Location,Sūjāngarh,27.7,74.4667,2,0.0001
outlet:rediff.com,Outlet,rediff.com,,,1,0.0
case:0f86f1763505,Case,Seizure · Red sanders · 11 logs · Tirupati,,,8,0.00108
outlet:newindianexpress.com,Outlet,newindianexpress.com,,,1,0.0
case:044aedf87507,Case,Seizure · Elephant (ivory) · 15 kg · location unknown,,,3,0.00035
outlet:business_standard,Outlet,Business Standard,,,1,0.0
case:a211ca31d413,Case,Seizure · Primates · location unknown,,,2,0.00033
outlet:international_fund_for_animal_welfare_|_ifaw,Outlet,International Fund for Animal Welfare | IFAW,,,8,0.00039
case:cb78e3cc30f4,Case,Rescue · Parrots & songbirds · location unknown,,,2,0.00034
outlet:pmba,Outlet,PMBA,,,1,0.0
case:c0e778f401d0,Case,Arrest · Pangolin · 19 kg · Gayā,,,4,0.00115
location:gayā,Location,Gayā,24.75,85.0,2,9e-05
location:bihar,Location,Bihar,,,2,2e-05
case:7908b9354efa,Case,Seizure · Wildlife (unspecified) · location unknown,,,3,0.00241
case:98502745bc7a,Case,Seizure · Wildlife (unspecified) · Natal,,,3,0.00254
location:natal,Location,Natal,-5.795,-35.2094,4,0.00072
location:rio_grande_do_norte,Location,Rio Grande do Norte,,,2,0.00011
case:91e1d4e37edb,Case,Seizure · Wildlife (unspecified) · Malaysia,,,3,0.0004
location:malaysia,Location,Malaysia,4.21,101.98,3,1e-05
outlet:daily_express_malaysia,Outlet,Daily Express Malaysia,,,1,0.0
case:0bff38221d39,Case,Rescue · Parrots & songbirds · Juiz de Fora,,,3,0.00066
location:juiz_de_fora,Location,Juiz de Fora,-21.7642,-43.3503,4,0.00153
outlet:tribunademinas.com.br,Outlet,tribunademinas.com.br,,,1,0.0
case:884524d516bc,Case,Seizure · Elephant (ivory) · Churu,,,3,0.001
location:churu,Location,Churu,28.3447,74.6952,2,5e-05
case:933488da3498,Case,Seizure · Primates · Kano,,,4,0.00295
outlet:ships_&_ports,Outlet,Ships & Ports,,,2,0.00012
case:63b736c70568,Case,Seizure · Wildlife (unspecified) · Chhatrapati Shivaji,,,17,0.01392
location:chhatrapati_shivaji,Location,Chhatrapati Shivaji,19.09,72.87,5,0.0008
outlet:kashmirlife.net,Outlet,kashmirlife.net,,,1,0.0
outlet:juris_hour,Outlet,Juris Hour,,,1,0.0
case:c97c8565fc3c,Case,Seizure · Wildlife (unspecified) · Madagascar,,,4,0.00045
case:b481ab5fc5d7,Case,Seizure · Wildlife (unspecified) · Bangkok,,,6,0.00819
outlet:khaosod_english,Outlet,Khaosod English,,,3,0.0001
case:eff1fe673d9a,Case,Seizure · Wildlife (unspecified) · location unknown,,,2,0.00034
outlet:animal_wellness_action,Outlet,Animal Wellness Action,,,1,0.0
case:835e9029c35a,Case,Seizure · Wildlife (unspecified) · Kalimantan,,,3,0.00178
case:b8ed59d788a0,Case,Seizure · Leopard · 15 claws · Pune,,,4,0.00105
outlet:punekar_news,Outlet,Punekar News,,,2,6e-05
case:c83573b97712,Case,Arrest · Hornbills · Philippines,,,3,0.00062
location:philippines,Location,Philippines,12.88,121.77,4,0.00263
outlet:inquirer.net,Outlet,Inquirer.net,,,1,0.0
case:24f2414720e7,Case,Seizure · Wildlife (unspecified) · location unknown,,,4,0.00311
outlet:ice_|_u.s._immigration_and_customs_enforcement_(.gov),Outlet,ICE | U.S. Immigration and Customs Enforcement (.gov),,,2,0.0
case:c76fdcd54fc2,Case,Seizure · Pangolin · location unknown,,,2,0.00034
outlet:ird_le_mag,Outlet,IRD le Mag,,,1,0.0
case:03da469457f0,Case,Seizure · Wildlife (unspecified) · location unknown,,,2,0.00034
outlet:gma_network,Outlet,GMA Network,,,1,0.0
case:d38856372bac,Case,Arrest · Monitor lizard · Kokrajhar,,,3,0.00013
location:kokrajhar,Location,Kokrajhar,26.4011,90.2729,2,0.00013
case:b44d0845a8a4,Case,Seizure · Wildlife (unspecified) · Niterói,,,10,0.00624
location:niterói,Location,Niterói,-22.8833,-43.1036,2,3e-05
outlet:maricá_info,Outlet,Maricá Info,,,1,0.0
outlet:oglobo.globo.com,Outlet,oglobo.globo.com,,,5,7e-05
outlet:governo_do_estado_do_rio_de_janeiro,Outlet,Governo do Estado do Rio de Janeiro,,,2,0.00023
outlet:a_tribuna_rj,Outlet,A Tribuna RJ,,,1,0.0
outlet:r7,Outlet,R7,,,4,0.00042
outlet:diário_do_vale,Outlet,Diário do Vale,,,1,0.0
outlet:ponta_porã_informa,Outlet,Ponta Porã Informa,,,1,0.0
case:bb1638a9d447,Case,Seizure · Wildlife (unspecified) · Cartagena,,,3,0.00102
location:cartagena,Location,Cartagena,10.3982,-75.4933,2,0.00034
location:bolívar,Location,Bolívar,,,1,0.0
outlet:cartagena.alerta.com.co,Outlet,cartagena.alerta.com.co,,,1,0.0
case:564657fe2077,Case,Arrest · Elephant (ivory) · location unknown,,,2,0.00034
outlet:lankanewspapers.com,Outlet,lankanewspapers.com,,,1,0.0
case:f12655d28c55,Case,Seizure · Elephant (ivory) · location unknown,,,2,0.00047
case:4b296839c53c,Case,Rescue · Parrots & songbirds · location unknown,,,2,0.00018
outlet:metrópoles,Outlet,Metrópoles,,,7,0.00155
case:8830fa403ba2,Case,Arrest · Wildlife (unspecified) · Indonesia,,,5,0.00852
outlet:saibumi.com,Outlet,Saibumi.com,,,1,0.0
outlet:kompas.tv,Outlet,Kompas.tv,,,1,0.0
case:3987458f9492,Case,"Seizure · Pangolin, Tiger · location unknown",,,3,0.00057
case:8e4405984b0b,Case,Seizure · Tiger · 3 skins · Bastar,,,7,0.00114
location:bastar,Location,Bastar,19.2031,81.9296,2,1e-05
outlet:national_herald,Outlet,National Herald,,,1,0.0
commodity:tiger-skins,Commodity,Tiger – skins,,,1,0.0
case:25ecfa6ac278,Case,Seizure · Wildlife (unspecified) · location unknown,,,2,0.00034
outlet:news_riveting,Outlet,News Riveting,,,1,0.0
case:851196d484e7,Case,Arrest · Wildlife (unspecified) · Teresina,,,3,0.00221
location:teresina,Location,Teresina,-5.0892,-42.8019,2,0.0002
case:1db420cd3ec0,Case,"Seizure · Sharks, rays & sea cucumbers · location unknown",,,2,0.00368
outlet:24_horas_yucatán,Outlet,24 Horas Yucatán,,,1,0.0
case:38e3cfc87fa5,Case,Seizure · Wildlife (unspecified) · location unknown,,,2,0.00034
outlet:minuto30,Outlet,Minuto30,,,1,0.0
case:0e382aa4de25,Case,Seizure · Wildlife (unspecified) · location unknown,,,2,0.00099
case:3488640a5c65,Case,Seizure · Parrots & songbirds · Juiz de Fora,,,7,0.00795
outlet:vertentesdasgerais.com.br,Outlet,vertentesdasgerais.com.br,,,1,0.0
outlet:hoje_em_dia,Outlet,Hoje em Dia,,,1,0.0
outlet:barbacena_online,Outlet,Barbacena Online,,,1,0.0
case:c2bdca78b3d0,Case,Seizure · Parrots & songbirds · location unknown,,,5,0.00113
outlet:folha_jf,Outlet,Folha JF,,,1,0.0
outlet:mpmg.mp.br,Outlet,mpmg.mp.br,,,2,0.00043
outlet:impactto_news,Outlet,Impactto News,,,1,0.0
outlet:portal_diário_do_aço,Outlet,Portal Diário do Aço,,,1,0.0
case:239b7e4b2c10,Case,Seizure · Wildlife (unspecified) · Santos Dumont,,,3,0.00071
location:santos_dumont,Location,Santos Dumont,-21.4567,-43.5525,2,5e-05
outlet:portal_14b,Outlet,Portal 14B,,,1,0.0
case:2a2c3b09a40f,Case,Seizure · Totoaba (swim bladder) · Hong Kong,,,4,0.00099
species:totoaba,Species,Totoaba (swim bladder),,,3,0.00068
outlet:undercurrent_news,Outlet,Undercurrent News,,,1,0.0
case:3b18178d55af,Case,Seizure · Rhinoceros · 920 g · Sonapur,,,6,0.00203
commodity:rhino-g,Commodity,Rhinoceros – g,,,1,0.0
case:a30f62bbfabc,Case,Seizure · Wildlife (unspecified) · location unknown,,,2,0.00196
case:b26727bbfbe2,Case,"Seizure · Pangolin, Rhinoceros · location unknown",,,4,0.00729
outlet:dawn,Outlet,Dawn,,,1,0.0
case:eda946482d04,Case,Seizure · Turtles & tortoises · Colima,,,4,0.00102
location:colima,Location,Colima,19.2447,-103.7127,1,0.0
outlet:los_noticieristas,Outlet,Los Noticieristas,,,1,0.0
outlet:desde_el_balcon,Outlet,Desde el Balcon,,,1,0.0
case:23d9e2f14a59,Case,"Seizure · Sharks, rays & sea cucumbers · 250 kilos · location unknown",,,3,0.00021
outlet:el_imparcial,Outlet,El Imparcial,,,2,0.0
commodity:shark_ray-kilos,Commodity,"Sharks, rays & sea cucumbers – kilos",,,5,1e-05
case:732090abe0ac,Case,Arrest · Hornbills · Margherita,,,4,0.00166
location:margherita,Location,Margherita,27.2848,95.668,2,8e-05
case:34b94d002165,Case,Seizure · Wildlife (unspecified) · Costa Rica,,,3,0.00012
case:8e145ce25883,Case,"Seizure · Sharks, rays & sea cucumbers · 250 kilos · location unknown",,,3,0.00038
outlet:latinus,Outlet,LatinUS,,,1,0.0
case:6d3ec018cdd3,Case,Arrest · Elephant (ivory) · South Africa,,,3,0.00048
outlet:nyasatimes.com,Outlet,nyasatimes.com,,,1,0.0
case:8228dbdab2da,Case,Arrest · Elephant (ivory) · Malawi,,,3,0.00051
location:malawi,Location,Malawi,-13.25,34.3,6,0.00098
outlet:malawivoice.com,Outlet,malawivoice.com,,,1,0.0
case:6d0cb73a304a,Case,Rescue · Parrots & songbirds · Paranoá,,,3,0.00276
location:paranoá,Location,Paranoá,-15.7755,-47.7812,2,1e-05
outlet:polícia_militar_do_distrito_federal,Outlet,Polícia Militar do Distrito Federal,,,8,0.00404
case:11be888f42df,Case,Seizure · Turtles & tortoises · Nagpur,,,5,0.00324
location:nagpur,Location,Nagpur,21.15,79.09,5,0.00067
outlet:indiagazette.com,Outlet,indiagazette.com,,,2,0.0003
case:5e268904589b,Case,Seizure · Wildlife (unspecified) · Srīkākulam,,,6,0.0031
location:srīkākulam,Location,Srīkākulam,18.5,84.0,2,0.00035
outlet:the420.in,Outlet,The420.in,,,1,0.0
case:7a6584e99566,Case,Seizure · Elephant (ivory) · 781 tusks · Malawi,,,5,0.00113
outlet:maravipost.com,Outlet,maravipost.com,,,1,0.0
case:006c06ea4c5e,Case,Seizure · Red sanders · Kalyān,,,4,0.00039
location:kalyān,Location,Kalyān,19.2437,73.1355,4,5e-05
outlet:thehawk.in,Outlet,thehawk.in,,,1,0.0
case:f9408104dd5a,Case,Seizure · Wildlife (unspecified) · Nagpur,,,4,0.00242
case:b3cbdd3a3a02,Case,Seizure · Wildlife (unspecified) · location unknown,,,3,0.00283
case:8eed68e0aefe,Case,Seizure · Monitor lizard · 2 lizards · location unknown,,,4,0.00241
outlet:hyderabadmail.com,Outlet,hyderabadmail.com,,,1,0.0
case:1d63e06fc27a,Case,Seizure · Red sanders · 108 logs · Anantapur,,,6,0.00118
location:anantapur,Location,Anantapur,14.6778,77.6081,2,1e-05
case:9e68842aef48,Case,Seizure · Abalone · location unknown,,,2,4e-05
case:8f685eb33865,Case,Seizure · Turtles & tortoises · 300 turtles · Odisha,,,5,0.00319
case:7efe0873736c,Case,Seizure · Wildlife (unspecified) · Madagascar,,,4,0.00045
case:9e2c112119d1,Case,Seizure · Wildlife (unspecified) · China,,,3,0.00109
outlet:south_china_morning_post,Outlet,South China Morning Post,,,3,0.0007
case:4c6e58347add,Case,Arrest · Elephant (ivory) · Mumbai,,,3,0.00092
case:cc23e2a40f6f,Case,Seizure · Abalone · Cape Town,,,3,0.00051
case:ae162fc35873,Case,Seizure · Wildlife (unspecified) · location unknown,,,3,0.0018
case:01b3eb592ad4,Case,Seizure · Wildlife (unspecified) · location unknown,,,2,0.00034
outlet:trm_labs,Outlet,TRM Labs,,,1,0.0
case:5ee4e53aeb6d,Case,Rescue · Parrots & songbirds · Serra,,,3,0.00114
outlet:portaltemponovo.com.br,Outlet,portaltemponovo.com.br,,,1,0.0
case:0ffbf1700bc9,Case,Seizure · Wildlife (unspecified) · location unknown,,,2,7e-05
case:1e9bc2d3d2a8,Case,Seizure · Wildlife (unspecified) · location unknown,,,2,0.00022
outlet:the_nation_newspaper,Outlet,The Nation Newspaper,,,2,6e-05
case:06e65e8b2ac1,Case,Seizure · Wildlife (unspecified) · Belo Horizonte,,,3,0.00038
location:belo_horizonte,Location,Belo Horizonte,-19.9208,-43.9378,3,0.00012
outlet:prefeitura_de_belo_horizonte,Outlet,Prefeitura de Belo Horizonte,,,2,0.0
case:1e1531e82b7c,Case,Seizure · Wildlife (unspecified) · location unknown,,,2,0.00034
outlet:alagoas_alerta,Outlet,Alagoas Alerta,,,1,0.0
case:9b04a2345d6b,Case,Seizure · Wildlife (unspecified) · location unknown,,,2,0.0006
case:b30c92803793,Case,Seizure · Wildlife (unspecified) · location unknown,,,2,0.00367
outlet:anewz,Outlet,AnewZ,,,1,0.0
case:53faf90bc3ba,Case,Seizure · Wildlife (unspecified) · location unknown,,,2,0.00034
outlet:fedagent,Outlet,FEDagent,,,1,0.0
case:0af96e04d745,Case,Seizure · Wildlife (unspecified) · location unknown,,,2,0.00034
outlet:lbc.co.uk,Outlet,lbc.co.uk,,,1,0.0
case:702f1e85caec,Case,Arrest · Turtles & tortoises · 126 gram · Air Molek,,,4,0.00129
location:air_molek,Location,Air Molek,-0.37,102.2922,2,0.00027
location:riau,Location,Riau,,,2,6e-05
outlet:indragirione.com,Outlet,Indragirione.com,,,1,0.0
commodity:turtles-gram,Commodity,Turtles & tortoises – gram,,,1,0.0
case:92d711866c8e,Case,Arrest · Monitor lizard · location unknown,,,2,0.00037
case:64eb11ebabc5,Case,Rescue · Elephant (ivory) · location unknown,,,2,0.00034
outlet:jornal_de_notícias,Outlet,Jornal de Notícias,,,1,0.0
case:b02b29622fb4,Case,Seizure · Pangolin · location unknown,,,2,0.00061
case:daba4e9f0606,Case,Seizure · Tiger · Nabarangpur,,,3,6e-05
location:nabarangpur,Location,Nabarangpur,19.2333,82.55,4,8e-05
case:54004b559dc0,Case,Seizure · Primates · Chirang,,,7,0.00289
location:chirang,Location,Chirang,26.5253,90.4907,2,8e-05
case:8b84d8c26b3a,Case,Seizure · Wildlife (unspecified) · Laos,,,4,0.00124
location:laos,Location,Laos,19.86,102.5,1,0.0
outlet:nst_online,Outlet,NST Online,,,4,1e-05
case:5aac4cea962f,Case,Seizure · Wildlife (unspecified) · Assam,,,4,0.00354
case:db175472a45e,Case,"Seizure · Elephant (ivory), Pangolin · 10 live · Kinabatangan",,,7,0.00422
location:kinabatangan,Location,Kinabatangan,5.586,117.8508,2,0.00143
outlet:borneo_post,Outlet,Borneo Post,,,1,0.0
commodity:elephant-live,Commodity,Elephant (ivory) – live,,,1,0.0
case:23708c445f84,Case,Seizure · Wild boar · location unknown,,,2,0.00034
species:wild_boar,Species,Wild boar,,,1,0.0
case:de175a2d5fba,Case,Seizure · Parrots & songbirds · location unknown,,,3,0.00048
case:c1888e63e012,Case,Arrest · Turtles & tortoises · location unknown,,,2,0.00053
case:6a9ef75cbc91,Case,Arrest · Turtles & tortoises · Bali,,,5,0.00141
location:bali,Location,Bali,-8.4,115.19,1,0.0
outlet:serambinews.com,Outlet,Serambinews.com,,,1,0.0
outlet:radar_badung,Outlet,Radar Badung,,,1,0.0
case:987426c42a0f,Case,Conviction · Rhinoceros · location unknown,,,2,0.00034
outlet:npa.gov.za,Outlet,npa.gov.za,,,1,0.0
case:e7ee56423e1e,Case,Seizure · Rhinoceros · Bānk,,,3,0.00208
location:bānk,Location,Bānk,22.703,75.8039,2,5e-05
outlet:the_witness_|_your_compass_in_the_community,Outlet,The Witness | Your compass in the community,,,3,0.00018
case:124ada4a5445,Case,Seizure · Parrots & songbirds · Paraná,,,3,0.00045
outlet:bem_paraná,Outlet,Bem Paraná,,,1,0.0
case:c41dd73f2315,Case,Conviction · Rhinoceros · location unknown,,,2,0.00041
case:dd4652a14c50,Case,Arrest · Turtles & tortoises · Madikeri,,,3,0.00171
location:madikeri,Location,Madikeri,12.426,75.7382,2,6e-05
case:17b397116714,Case,Seizure · Elephant (ivory) · Assam,,,4,0.00082
outlet:prag_news,Outlet,Prag News,,,1,0.0
case:9e808a5c347c,Case,Seizure · Wildlife (unspecified) · Hortolândia,,,5,0.00313
location:hortolândia,Location,Hortolândia,-22.8583,-47.22,2,0.00048
outlet:tribuna_liberal,Outlet,Tribuna Liberal,,,1,0.0
outlet:diário_de_suzano,Outlet,Diário de Suzano,,,1,0.0
case:7ce3ecedcb1d,Case,Seizure · Wildlife (unspecified) · Manaus,,,3,0.00035
location:manaus,Location,Manaus,-3.1019,-60.025,6,0.00102
location:amazonas,Location,Amazonas,,,2,1e-05
outlet:prefeitura_de_manaus,Outlet,Prefeitura de Manaus,,,2,0.0
case:c1d8acc36e6d,Case,Seizure · Elephant (ivory) · 130 kg · location unknown,,,3,0.00035
outlet:good_things_guy,Outlet,Good Things Guy,,,1,0.0
case:ff39bb82dd02,Case,Seizure · Wildlife (unspecified) · location unknown,,,2,0.00097
case:8add6645fdfd,Case,Conviction · Wildlife (unspecified) · Walla Walla,,,3,0.00034
location:walla_walla,Location,Walla Walla,46.0646,-118.343,3,0.0
location:washington,Location,Washington,,,5,0.00302
outlet:elkhorn_media_group,Outlet,Elkhorn Media Group,,,2,0.0
case:649276cef5b2,Case,Rescue · Turtles & tortoises · location unknown,,,2,0.00034
outlet:gzh,Outlet,GZH,,,1,0.0
case:3869196969f0,Case,"Seizure · Sharks, rays & sea cucumbers · location unknown",,,2,0.00034
outlet:infonet,Outlet,Infonet,,,1,0.0
case:1981f4b7537d,Case,Rescue · Parrots & songbirds · location unknown,,,2,0.00034
outlet:folha_pe,Outlet,Folha PE,,,1,0.0
case:eb4ea5c77d4e,Case,Arrest · Pangolin · Indonesia,,,3,0.00054
case:b816e2cbc841,Case,Seizure · Wildlife (unspecified) · Manila,,,4,0.00228
location:manila,Location,Manila,14.6,120.98,2,7e-05
outlet:the_manila_times,Outlet,The Manila Times,,,2,7e-05
case:11f34b2560de,Case,Seizure · Wildlife (unspecified) · location unknown,,,2,0.00034
outlet:brasil_247,Outlet,Brasil 247,,,1,0.0
case:9447607bcb42,Case,Arrest · Pangolin · location unknown,,,2,0.00019
case:358edbb72ea8,Case,Seizure · Pangolin · 30 kilogram · location unknown,,,5,0.00106
outlet:dailyklik.id,Outlet,dailyklik.id,,,1,0.0
outlet:divisi_humas_polri,Outlet,DIVISI HUMAS POLRI,,,2,0.0
outlet:rmolsumut.id,Outlet,rmolsumut.id,,,2,0.0
commodity:pangolin-kilogram,Commodity,Pangolin – kilogram,,,4,4e-05
case:338d8a6a54ae,Case,Seizure · Turtles & tortoises · 50 tortoises · location unknown,,,3,0.00035
outlet:philippine_news_agency,Outlet,Philippine News Agency,,,1,0.0
case:3732d7adb24b,Case,Seizure · Turtles & tortoises · 50 tortoises · location unknown,,,5,0.00242
agency:bureau_of_customs,Agency,Bureau Of Customs,,,2,0.00011
outlet:bureau_of_customs,Outlet,Bureau of Customs,,,2,0.00011
case:6882d917bde8,Case,Seizure · Turtles & tortoises · Philippines,,,3,0.00192
outlet:philstar.com,Outlet,philstar.com,,,2,6e-05
case:9aca2f99b67c,Case,Seizure · Turtles & tortoises · Manila,,,3,0.00023
case:0f79e9514c66,Case,Seizure · Wildlife (unspecified) · Bangladesh,,,3,0.0006
outlet:prothom_alo_english,Outlet,Prothom Alo English,,,1,0.0
case:d19d4fb6d718,Case,Seizure · Elephant (ivory) · 42.7 kg · Mangaluru,,,5,0.00164
location:mangaluru,Location,Mangaluru,12.91,74.86,3,8e-05
outlet:mangalore_today,Outlet,Mangalore Today,,,2,0.0
case:0bef2746476c,Case,Seizure · Wildlife (unspecified) · location unknown,,,2,7e-05
case:690b8e30882c,Case,Seizure · Wildlife (unspecified) · Malawi,,,3,0.00136
case:f7a0be869418,Case,Seizure · Wildlife (unspecified) · Dubai,,,5,0.00416
location:dubai,Location,Dubai,27.0843,82.9318,5,0.00063
outlet:wam.ae,Outlet,wam.ae,,,2,0.0
case:7c76fa650e5e,Case,"Arrest · Sharks, rays & sea cucumbers · Guayaquil",,,3,0.00085
location:guayaquil,Location,Guayaquil,-2.1962,-79.8862,2,0.00017
location:guayas,Location,Guayas,,,2,0.0
outlet:el_comercio,Outlet,El Comercio,,,1,0.0
case:823bc1849a00,Case,Seizure · Elephant (ivory) · location unknown,,,2,0.00234
case:0b4e3815ae6a,Case,Seizure · Totoaba (swim bladder) · Hong Kong,,,5,0.00133
outlet:hong_kong_customs_and_excise_department,Outlet,Hong Kong Customs and Excise Department,,,1,0.0
outlet:info.gov.hk,Outlet,info.gov.hk,,,1,0.0
case:77f685cdd530,Case,Arrest · Abalone · location unknown,,,3,0.00047
case:0cf789138195,Case,Seizure · Wildlife (unspecified) · Vienna,,,4,0.00085
location:vienna,Location,Vienna,48.2085,16.3721,1,0.0
outlet:realnews_magazine,Outlet,Realnews Magazine,,,2,0.0
outlet:independent_corrupt_practices_and_other_related_offences_commission,Outlet,Independent Corrupt Practices and Other Related Offences Commission,,,1,0.0
case:2e9b86d34a4a,Case,Seizure · Wildlife (unspecified) · location unknown,,,2,0.00022
case:3c1df1b7f366,Case,Conviction · Pangolin · South Africa,,,3,0.00069
case:6d58dfb4c77c,Case,"Seizure · Sharks, rays & sea cucumbers · Guinea",,,3,0.00166
location:guinea,Location,Guinea,9.538,-13.6773,1,0.0
case:051e93073a63,Case,Rescue · Turtles & tortoises · Goiás,,,3,0.00057
outlet:jornal_opção,Outlet,Jornal Opção,,,1,0.0
case:51040ac96c10,Case,Seizure · Primates · 6 live · Kuala Lumpur,,,4,0.00425
outlet:world_of_buzz,Outlet,world of buzz,,,1,0.0
commodity:primates-live,Commodity,Primates – live,,,1,0.0
case:cd047db3ef16,Case,Seizure · Elephant (ivory) · Tanzania,,,3,0.00078
location:tanzania,Location,Tanzania,-6.1722,35.7395,2,0.00011
case:3fcbaae146cd,Case,Seizure · Wildlife (unspecified) · Asia,,,3,0.0011
location:asia,Location,Asia,9.5506,122.5164,5,0.00086
outlet:asia_news_network,Outlet,Asia News Network,,,2,0.00013
case:be63b4823344,Case,Seizure · Wildlife (unspecified) · location unknown,,,2,0.00031
outlet:abc_news_&_headlines_–_australian_broadcasting_corporation,Outlet,ABC News & Headlines – Australian Broadcasting Corporation,,,2,0.00011
case:d09e04f25eea,Case,Seizure · Wildlife (unspecified) · Jomo Kenyatta,,,3,0.00073
location:jomo_kenyatta,Location,Jomo Kenyatta,-1.32,36.93,3,0.00034
location:nairobi,Location,Nairobi,,,1,0.0
outlet:standardmedia.co.ke,Outlet,standardmedia.co.ke,,,2,0.00019
case:377b03c434a2,Case,Seizure · Sand boa · Narmadapuram,,,3,0.00117
location:narmadapuram,Location,Narmadapuram,22.7475,77.7274,2,0.00013
case:04da94f24a84,Case,Seizure · Leopard · 2 skins · Ganjām,,,7,0.0021
location:ganjām,Location,Ganjām,19.387,85.0508,3,5e-05
outlet:odishabarta.com,Outlet,odishabarta.com,,,2,0.0
case:f6eb6199cbca,Case,Arrest · Leopard · Rayagada,,,3,0.00027
location:rayagada,Location,Rayagada,19.4,83.5,3,1e-05
case:0f678c808ce3,Case,Seizure · Tiger · Rayagada,,,4,0.00038
case:55ee20d6116f,Case,Seizure · Wildlife (unspecified) · location unknown,,,2,0.00017
case:fb1c7317feda,Case,Seizure · Primates · location unknown,,,2,0.00034
outlet:tbsnews.net,Outlet,tbsnews.net,,,1,0.0
case:1eaef3365ad7,Case,Seizure · Parrots & songbirds · Itapoã,,,3,0.00157
location:itapoã,Location,Itapoã,-15.7494,-47.7686,3,2e-05
case:c004d4a9226f,Case,Arrest · Pangolin · location unknown,,,2,0.00086
case:b53dd982efe4,Case,Seizure · Turtles & tortoises · Bengaluru,,,3,0.00108
case:bb7f4b49499f,Case,Seizure · Wildlife (unspecified) · United Arab Emirates,,,3,0.00045
location:united_arab_emirates,Location,United Arab Emirates,23.42,53.85,1,0.0
case:9e827163d6f2,Case,Arrest · Pangolin · location unknown,,,3,0.00061
case:59600fb8f6c3,Case,Arrest · Monitor lizard · Kollegāl,,,3,0.00073
location:kollegāl,Location,Kollegāl,12.1545,77.1105,2,2e-05
case:36f387730280,Case,Seizure · Wildlife (unspecified) · Bengaluru,,,6,0.00773
outlet:medical_dialogues,Outlet,Medical Dialogues,,,1,0.0
case:c844e418526e,Case,Seizure · Wildlife (unspecified) · Indonesia,,,3,0.00564
case:8ef446b07de5,Case,Seizure · Elephant (ivory) · location unknown,,,2,0.00014
outlet:millenniumpost,Outlet,MillenniumPost,,,2,3e-05
case:fababe4b6c93,Case,Arrest · Pangolin · location unknown,,,2,0.00034
outlet:leadership_newspapers,Outlet,LEADERSHIP Newspapers,,,1,0.0
case:9016e3745d39,Case,Arrest · Wildlife (unspecified) · location unknown,,,2,0.00013
outlet:acritica.com,Outlet,acritica.com,,,3,0.00031
case:f1cd001ce7b9,Case,Rescue · Wildlife (unspecified) · location unknown,,,2,0.00034
outlet:corantioquia,Outlet,Corantioquia,,,1,0.0
case:462aebd1ae5a,Case,Rescue · Parrots & songbirds · location unknown,,,2,0.00023
case:a353344d8ee9,Case,Seizure · Wildlife (unspecified) · 1600 parrots · Nigeria,,,5,0.00243
commodity:wildlife_general-parrots,Commodity,Wildlife (unspecified) – parrots,,,2,0.0
case:a4a8ee63373b,Case,Arrest · Musk deer · location unknown,,,2,0.00367
outlet:kashmir_life,Outlet,Kashmir Life,,,1,0.0
case:ef141f7d0b93,Case,Seizure · Wildlife (unspecified) · Ethiopia,,,3,0.00068
location:ethiopia,Location,Ethiopia,9.025,38.7469,1,0.0
outlet:the_reporter_ethiopia,Outlet,The Reporter Ethiopia,,,1,0.0
case:c06735663aa4,Case,Seizure · Wildlife (unspecified) · location unknown,,,2,0.00034
outlet:pbs,Outlet,PBS,,,1,0.0
case:529b41123fe5,Case,Seizure · Turtles & tortoises · Manaus,,,3,0.00107
outlet:d24am,Outlet,D24AM,,,1,0.0
case:a2a1992aff9f,Case,Seizure · Rosewood & timber · Zipaquirá,,,3,0.00102
location:zipaquirá,Location,Zipaquirá,5.0221,-74.0048,2,0.00034
location:cundinamarca,Location,Cundinamarca,,,1,0.0
outlet:extrategia_medios,Outlet,Extrategia Medios,,,1,0.0
case:f1598cca2f4d,Case,Seizure · Tokay gecko · Dhemaji,,,3,0.00011
location:dhemaji,Location,Dhemaji,27.6091,94.7942,2,0.0
case:a3c9c1ad06a2,Case,Seizure · Elephant (ivory) · Nagpur,,,5,0.00209
case:2aec2e5029e8,Case,Arrest · Elephant (ivory) · location unknown,,,3,0.00129
case:b9057b87ca68,Case,Arrest · Wildlife (unspecified) · Lima,,,3,0.00434
location:lima,Location,Lima,-12.0432,-77.0282,2,0.00034
location:lima_province,Location,Lima Province,,,1,0.0
outlet:tribratanews_polda_lampung,Outlet,Tribratanews Polda Lampung,,,1,0.0
case:d6ba3fa0606d,Case,Seizure · Wildlife (unspecified) · location unknown,,,2,0.00367
outlet:business_today,Outlet,Business Today,,,1,0.0
case:52585e498f9b,Case,Seizure · Wildlife (unspecified) · Argentina,,,3,0.00217
location:argentina,Location,Argentina,-34.6131,-58.3772,2,0.0
outlet:face2face_africa,Outlet,Face2Face Africa,,,1,0.0
case:0c831e15a14e,Case,Seizure · Wildlife (unspecified) · location unknown,,,3,0.00116
outlet:the_association_for_the_advancement_of_artificial_intelligence,Outlet,The Association for the Advancement of Artificial Intelligence,,,1,0.0
case:7cae27e413e8,Case,Seizure · Pangolin · 3 ton · Indonesia,,,5,0.00317
outlet:en.antaranews.com,Outlet,en.antaranews.com,,,2,2e-05
outlet:tempo.co,Outlet,Tempo.co,,,3,0.0001
case:b3498328118d,Case,"Arrest · Sharks, rays & sea cucumbers · Makassar",,,4,0.00136
outlet:idn_times_sulsel,Outlet,IDN Times Sulsel,,,1,0.0
case:f0a1a7c655ff,Case,Seizure · Abalone · location unknown,,,2,0.00043
case:2930415eb79b,Case,Seizure · Wildlife (unspecified) · 26 live · Guwahati,,,5,0.00624
location:guwahati,Location,Guwahati,26.14,91.74,5,0.00034
commodity:wildlife_general-live,Commodity,Wildlife (unspecified) – live,,,4,6e-05
case:05b01d94776c,Case,Seizure · Abalone · location unknown,,,2,4e-05
case:a16d622101cf,Case,Seizure · Tokay gecko · 26 geckos · Guwahati,,,5,0.00035
case:73be306e14f6,Case,Seizure · Elephant (ivory) · location unknown,,,2,0.00034
outlet:cổng_thông_tin_điện_tử_bộ_công_an,Outlet,Cổng Thông tin điện tử Bộ Công an,,,1,0.0
case:fba7726debca,Case,Seizure · Elephant (ivory) · 550 kg · Zambia,,,4,0.00045
location:zambia,Location,Zambia,-15.4067,28.2871,3,4e-05
case:f11266b0eeaf,Case,Seizure · Tiger · Odisha,,,4,0.00062
case:b00e710d75fa,Case,Rescue · Turtles & tortoises · 7 tortoises · Pune,,,5,0.00301
case:d0359ceedff7,Case,Rescue · Parrots & songbirds · Porto Alegre,,,3,0.00035
location:porto_alegre,Location,Porto Alegre,-30.0328,-51.2302,2,1e-05
case:7376ec46268a,Case,Seizure · Wildlife (unspecified) · São Sebastião,,,3,0.00381
location:são_sebastião,Location,São Sebastião,-15.9029,-47.7761,2,0.0014
case:45a941f4baa3,Case,Arrest · Hornbills · Indonesia,,,3,0.00051
outlet:beranda_indonesia,Outlet,Beranda Indonesia,,,1,0.0
case:0b0f33721c11,Case,Rescue · Parrots & songbirds · Gama,,,3,0.00019
location:gama,Location,Gama,-16.0251,-48.0712,5,0.00114
case:9a82f0183419,Case,Conviction · Wildlife (unspecified) · location unknown,,,2,0.00097
case:1c95d102979b,Case,Arrest · Parrots & songbirds · location unknown,,,2,0.0013
case:384bda701b55,Case,Seizure · Sand boa · Warangal,,,5,0.00159
location:warangal,Location,Warangal,17.97,79.59,2,4e-05
outlet:newsmeter,Outlet,NewsMeter,,,1,0.0
case:31184e32c049,Case,Seizure · Wildlife (unspecified) · location unknown,,,2,7e-05
case:45e88a75ec0e,Case,Seizure · Wildlife (unspecified) · Alagoinhas,,,5,0.00129
location:alagoinhas,Location,Alagoinhas,-12.1356,-38.4192,2,6e-05
outlet:mais_região,Outlet,Mais Região,,,1,0.0
outlet:deolhonacidade.net,Outlet,deolhonacidade.net,,,2,0.0
case:81859b41014f,Case,Seizure · Turtles & tortoises · location unknown,,,2,0.00034
outlet:suaranusantara.co.id,Outlet,suaranusantara.co.id,,,1,0.0
case:39c963c6b876,Case,Seizure · Rosewood & timber · Wayanad,,,3,0.00485
case:4bcf3dd89d71,Case,Seizure · Pangolin · location unknown,,,3,0.00052
outlet:a-z_animals,Outlet,A-Z Animals,,,2,0.00023
outlet:animal_survival_international,Outlet,Animal Survival International,,,1,0.0
case:257a18c99e71,Case,Seizure · Leopard · Ganjām,,,6,0.00205
case:dcc9b7f65694,Case,Seizure · Parrots & songbirds · location unknown,,,2,0.00034
outlet:primeira_página,Outlet,Primeira Página,,,1,0.0
case:992a7fc6eb44,Case,Arrest · Turtles & tortoises · location unknown,,,3,0.00162
case:d4fa0bd59e09,Case,Seizure · Turtles & tortoises · Daly City,,,3,0.0007
location:daly_city,Location,Daly City,37.7058,-122.4619,2,0.00017
outlet:local_news_matters,Outlet,Local News Matters,,,1,0.0
case:d8e42f500831,Case,Seizure · Monitor lizard · Ranchi,,,5,0.00281
location:ranchi,Location,Ranchi,23.34,85.31,2,0.00013
case:fec2d574f9fe,Case,Seizure · Wildlife (unspecified) · Ribeirão das Neves,,,3,0.00403
location:ribeirão_das_neves,Location,Ribeirão das Neves,-19.7669,-44.0867,2,7e-05
outlet:por_dentro_de_minas,Outlet,Por Dentro de Minas,,,1,0.0
case:f57f7bf88a12,Case,Seizure · Turtles & tortoises · Tres Arroyos,,,3,0.00208
location:tres_arroyos,Location,Tres Arroyos,-38.3769,-60.2756,2,0.00164
location:buenos_aires,Location,Buenos Aires,,,4,0.00714
outlet:infocielo,Outlet,Infocielo,,,1,0.0
case:296d8b586d08,Case,Seizure · Sand boa · Bīdar,,,4,0.00129
location:bīdar,Location,Bīdar,18.0833,77.3333,2,2e-05
outlet:udayavani,Outlet,Udayavani,,,1,0.0
case:b1544a1400a5,Case,Seizure · Wildlife (unspecified) · Dubai,,,7,0.00485
outlet:sharjah24.ae,Outlet,sharjah24.ae,,,1,0.0
outlet:the_filipino_times,Outlet,The Filipino Times,,,1,0.0
case:c8bd576a55da,Case,Seizure · Wildlife (unspecified) · location unknown,,,2,0.00034
outlet:revista_amazônia,Outlet,Revista Amazônia,,,1,0.0
case:721a447c8612,Case,Seizure · Rhinoceros · 1.2 horn · Papum Pare,,,8,0.00501
location:papum_pare,Location,Papum Pare,27.2888,93.5969,2,0.00034
location:arunachal_pradesh,Location,Arunachal Pradesh,,,1,0.0
outlet:eastmojo,Outlet,EastMojo,,,1,0.0
outlet:arunachal_observer,Outlet,Arunachal Observer,,,1,0.0
outlet:northeast_today,Outlet,Northeast Today,,,2,9e-05
commodity:rhino-horn,Commodity,Rhinoceros – horn,,,2,0.00019
case:1abc34b2bcaf,Case,Arrest · Sand boa · location unknown,,,2,0.00034
outlet:the_siasat_daily,Outlet,The Siasat Daily,,,1,0.0
case:1260db8c7ee6,Case,Seizure · Wildlife (unspecified) · location unknown,,,3,0.00298
case:d981e20dfa51,Case,Seizure · Wildlife (unspecified) · location unknown,,,2,0.00196
case:3bcb47833118,Case,Seizure · Wildlife (unspecified) · Uganda,,,3,0.00041
location:uganda,Location,Uganda,0.3163,32.5822,1,0.0
case:3d495efdb17a,Case,Rescue · Parrots & songbirds · Vitória da Conquista,,,3,0.00067
outlet:rádio_metrópole,Outlet,Rádio Metrópole,,,1,0.0
case:1d7f637b9668,Case,Seizure · Wildlife (unspecified) · location unknown,,,2,0.0001
outlet:mpba.mp.br,Outlet,mpba.mp.br,,,2,0.0
case:d1f574e9271c,Case,Seizure · Wildlife (unspecified) · Itatiaia,,,4,0.00041
location:itatiaia,Location,Itatiaia,-22.4961,-44.5633,3,0.0
outlet:rádio_itatiaia,Outlet,Rádio Itatiaia,,,3,0.0
case:0cd788e4603f,Case,Seizure · Wildlife (unspecified) · location unknown,,,2,0.00034
outlet:grupo_lomes_de_comunicação,Outlet,Grupo Lomes de Comunicação,,,1,0.0
case:0a6f7db348b2,Case,Seizure · Parrots & songbirds · location unknown,,,2,0.00034
outlet:br104,Outlet,BR104,,,1,0.0
case:7c56e6f82e58,Case,Arrest · Pangolin · location unknown,,,3,0.00311
outlet:topsumbar.co.id,Outlet,TopSumbar.co.id,,,1,0.0
case:870a5cbc6c55,Case,Rescue · Wildlife (unspecified) · Manaus,,,3,0.00035
case:c302461502e9,Case,Seizure · Elephant (ivory) · 250 kg · location unknown,,,6,0.00248
outlet:today.rtl.lu,Outlet,today.rtl.lu,,,1,0.0
outlet:ecr,Outlet,ECR,,,1,0.0
case:c5838477dc23,Case,Seizure · Hornbills · Indonesia,,,3,0.00051
outlet:biologicaldiversity.org,Outlet,biologicaldiversity.org,,,1,0.0
case:c072503d7270,Case,Seizure · Elephant (ivory) · Thailand,,,3,0.00087
location:thailand,Location,Thailand,15.87,100.99,6,0.00219
outlet:arab_times_kuwait_news,Outlet,Arab Times Kuwait News,,,1,0.0
case:8780b8791dba,Case,Seizure · Elephant (ivory) · Thailand,,,3,0.00087
outlet:nation_thailand,Outlet,Nation Thailand,,,1,0.0
case:1c2fa742b29c,Case,Rescue · Parrots & songbirds · Gama,,,3,0.00035
case:6a08f56e9592,Case,Seizure · Wildlife (unspecified) · Vitória da Conquista,,,3,0.00409
outlet:blog_do_anderson,Outlet,Blog do Anderson,,,1,0.0
case:ab1209bff5aa,Case,Seizure · Elephant (ivory) · location unknown,,,3,0.00034
agency:eia,Agency,EIA,,,2,0.0
outlet:eia_international,Outlet,EIA International,,,2,0.0
case:0a8a8c599f46,Case,Rescue · Parrots & songbirds · Puebla,,,3,0.00097
location:puebla,Location,Puebla,19.0478,-98.2072,2,3e-05
case:833dc878d50a,Case,Seizure · Wildlife (unspecified) · Brazil,,,3,0.00039
location:brazil,Location,Brazil,-15.7797,-47.9297,3,0.00048
case:20a25cc6259f,Case,Arrest · Monitor lizard · location unknown,,,2,0.00099
case:799cfbd7fcac,Case,Seizure · Wildlife (unspecified) · location unknown,,,3,0.00116
outlet:the_cool_down,Outlet,The Cool Down,,,1,0.0
case:fca5f67c5301,Case,Seizure · Hornbills · Tanjung,,,3,0.0006
location:tanjung,Location,Tanjung,-2.1709,115.4077,2,2e-05
outlet:ngopibareng.id,Outlet,Ngopibareng.id,,,1,0.0
case:13cd2911b5b5,Case,Arrest · Elephant (ivory) · Uttarakhand,,,3,0.00055
case:6e342200e037,Case,Seizure · Wildlife (unspecified) · Santa Catarina,,,3,0.00194
location:nuevo_león,Location,Nuevo León,,,1,0.0
outlet:tribunal_de_justiça_de_santa_catarina,Outlet,Tribunal de Justiça de Santa Catarina,,,1,0.0
case:3eb0a431d7cc,Case,Arrest · Wildlife (unspecified) · Probolinggo,,,3,0.00244
location:probolinggo,Location,Probolinggo,-7.7543,113.2159,2,0.00182
outlet:radar_bromo,Outlet,Radar Bromo,,,1,0.0
case:b4945bc9bb8f,Case,Rescue · Parrots & songbirds · Brazlândia,,,3,0.00276
location:brazlândia,Location,Brazlândia,-15.6794,-48.1967,2,1e-05
case:0e739bb8815c,Case,Arrest · Pangolin · 5.2 kg · Mangaluru,,,7,0.00235
case:ae04461ee58f,Case,"Seizure · Sharks, rays & sea cucumbers · location unknown",,,2,0.00367
outlet:forbes,Outlet,Forbes,,,1,0.0
case:c9d57ed2b67e,Case,Seizure · Wildlife (unspecified) · location unknown,,,2,7e-05
case:c35398e3a47b,Case,Seizure · Wildlife (unspecified) · location unknown,,,2,8e-05
case:ce5c54276896,Case,Rescue · Parrots & songbirds · location unknown,,,2,0.00034
outlet:prefeitura_municipal_de_poá,Outlet,Prefeitura Municipal de Poá,,,1,0.0
case:b2b83bc5fcbb,Case,Seizure · Pangolin · Medan,,,3,0.00056
location:medan,Location,Medan,3.6,98.67,3,0.00039
outlet:viva_medan,Outlet,VIVA Medan,,,1,0.0
case:ef7c6a895060,Case,Seizure · Wildlife (unspecified) · Qatar,,,3,0.00068
location:qatar,Location,Qatar,25.2855,51.531,2,0.00021
outlet:qatar_tribune,Outlet,Qatar Tribune,,,1,0.0
case:8d975063da87,Case,Seizure · Wildlife (unspecified) · São Gonçalo,,,3,0.00047
location:são_gonçalo,Location,São Gonçalo,-22.8269,-43.0539,3,0.0
outlet:o_são_gonçalo,Outlet,O São Gonçalo,,,1,0.0
case:69a50305933f,Case,"Seizure · Pangolin, Tiger · 7 kg · Sipirok",,,9,0.00361
location:sipirok,Location,Sipirok,1.6025,99.2738,3,0.00085
location:north_sumatra,Location,North Sumatra,,,1,0.0
outlet:tribun-medan.com,Outlet,Tribun-medan.com,,,1,0.0
commodity:tiger-kg,Commodity,Tiger – kg,,,1,0.0
case:bf5bb00eefd7,Case,Arrest · Pangolin · 7 kg · location unknown,,,3,0.00023
case:a793eda613cb,Case,Arrest · Wildlife (unspecified) · Sipirok,,,4,0.00401
outlet:facebook.com,Outlet,facebook.com,,,2,8e-05
case:b29bf378fca5,Case,Rescue · Pangolin · Ahmedabad,,,4,0.00099
outlet:ahmedabad_mirror,Outlet,Ahmedabad Mirror,,,1,0.0
case:d33e09179e97,Case,Seizure · Rosewood & timber · location unknown,,,2,0.00034
outlet:the_standard_(hk),Outlet,The Standard (HK),,,1,0.0
case:65c4bad87596,Case,Seizure · Wildlife (unspecified) · Komodo,,,3,0.00165
location:komodo,Location,Komodo,-8.5895,119.4913,2,0.00034
location:east_nusa_tenggara,Location,East Nusa Tenggara,,,1,0.0
case:37718d9fd84d,Case,Seizure · Jaguar · location unknown,,,2,0.00034
outlet:marinha_do_brasil,Outlet,Marinha do Brasil,,,1,0.0
case:13e78dea72f7,Case,"Seizure · Sharks, rays & sea cucumbers · location unknown",,,2,0.00034
outlet:ministerio_público_de_panamá,Outlet,Ministerio Público de Panamá,,,1,0.0
case:40b638c01412,Case,"Seizure · Sharks, rays & sea cucumbers · location unknown",,,2,0.00367
outlet:the_maritime_executive,Outlet,The Maritime Executive,,,1,0.0
case:3716ab5c828d,Case,"Seizure · Sharks, rays & sea cucumbers · San Francisco",,,9,0.00602
location:san_francisco,Location,San Francisco,37.7749,-122.4194,2,0.00014
outlet:abc10,Outlet,ABC10,,,1,0.0
outlet:san_francisco_chronicle,Outlet,San Francisco Chronicle,,,1,0.0
outlet:sacramento_bee,Outlet,Sacramento Bee,,,1,0.0
outlet:hawaiinewsnow.com,Outlet,hawaiinewsnow.com,,,1,0.0
outlet:patch,Outlet,Patch,,,1,0.0
case:7cfc1b76108c,Case,Seizure · Wildlife (unspecified) · location unknown,,,2,8e-05
case:9f3e69ec01cf,Case,Seizure · Wildlife (unspecified) · location unknown,,,2,0.00034
outlet:o_cafezinho,Outlet,O Cafezinho,,,1,0.0
case:c59f71ad7979,Case,Arrest · Pangolin · Petani,,,4,0.00134
location:petani,Location,Petani,0.3288,128.6527,2,0.00034
location:north_maluku,Location,North Maluku,,,1,0.0
outlet:idn_times_sumut,Outlet,IDN Times Sumut,,,4,0.00278
case:c0890c3c1c08,Case,Seizure · Red sanders · 400 kg · Chennai,,,4,0.0004
location:chennai,Location,Chennai,13.08,80.27,8,0.00533
outlet:dt_next,Outlet,DT Next,,,1,0.0
case:ce5f82487266,Case,Seizure · Wildlife (unspecified) · location unknown,,,2,7e-05
case:09a7dcc49561,Case,Seizure · Pangolin · Nigeria,,,3,0.00057
case:66c413ede4ef,Case,Arrest · Rosewood & timber · location unknown,,,2,0.00034
outlet:whec.com,Outlet,WHEC.com,,,1,0.0
case:5c1a7759d990,Case,Seizure · Parrots & songbirds · Vitória da Conquista,,,3,0.00055
case:4d0976dba7e7,Case,Arrest · Monitor lizard · Atap,,,3,0.00102
location:atap,Location,Atap,3.8571,117.0465,2,0.00034
location:north_kalimantan,Location,North Kalimantan,,,1,0.0
outlet:kuningan_mass,Outlet,Kuningan Mass,,,1,0.0
case:067992ab3433,Case,Seizure · Pythons & reptile skins · Gaziantep,,,4,0.0
species:pythons_reptiles,Species,Pythons & reptile skins,,,1,0.0
location:gaziantep,Location,Gaziantep,37.0594,37.3825,1,0.0
outlet:türkiye_today,Outlet,Türkiye Today,,,1,0.0
outlet:ynetnews,Outlet,Ynetnews,,,1,0.0
case:a8f750a27293,Case,Rescue · Parrots & songbirds · Salvador,,,4,0.00064
outlet:portal_salvador_fm,Outlet,Portal Salvador FM,,,1,0.0
case:7f5f6275b871,Case,Seizure · Wildlife (unspecified) · location unknown,,,2,6e-05
case:48f681a7936f,Case,Seizure · Wildlife (unspecified) · Kenya,,,3,0.00239
location:kenya,Location,Kenya,-0.02,37.91,4,0.00253
case:f45ed5ea62ea,Case,Arrest · Elephant (ivory) · location unknown,,,2,0.0002
case:9c76e14d1dae,Case,Seizure · Wildlife (unspecified) · location unknown,,,2,0.00019
case:c7989309c543,Case,Seizure · Pangolin · 3 ton · Jakarta,,,4,0.00063
case:47957cc7ae01,Case,Seizure · Wildlife (unspecified) · Bengaluru,,,4,0.00615
outlet:newsfirst_prime,Outlet,NewsFirst Prime,,,1,0.0
case:6c25a9b63e48,Case,Rescue · Parrots & songbirds · Jardim,,,3,0.00047
location:jardim,Location,Jardim,-7.5817,-39.2835,3,5e-05
outlet:prefeitura_de_itaquaquecetuba,Outlet,Prefeitura de Itaquaquecetuba,,,1,0.0
case:28bf49fecef2,Case,Seizure · Wildlife (unspecified) · location unknown,,,2,8e-05
case:1b249d3529ef,Case,"Seizure · Sharks, rays & sea cucumbers · 700 kilos · Hong Kong",,,4,0.00094
outlet:ecoosfera,Outlet,Ecoosfera,,,1,0.0
case:304f6273975d,Case,"Seizure · Sharks, rays & sea cucumbers · location unknown",,,2,0.00034
outlet:national_fisherman,Outlet,National Fisherman,,,1,0.0
case:c0b62da939a2,Case,Arrest · Parrots & songbirds · location unknown,,,2,0.00018
case:392d725a8e2f,Case,Arrest · Pangolin · Asifābād,,,4,0.00149
location:asifābād,Location,Asifābād,19.3585,79.2841,2,8e-05
case:1cfcd9b9fe39,Case,Arrest · Pangolin · Tasikmalaya,,,3,0.00251
case:1597ec701369,Case,Seizure · Rosewood & timber · location unknown,,,2,0.0001
case:0e621ae1d77b,Case,Rescue · Wildlife (unspecified) · Duque de Caxias,,,3,0.0003
location:duque_de_caxias,Location,Duque de Caxias,-22.7856,-43.3117,2,0.0
case:c1fece380d1f,Case,Seizure · Wildlife (unspecified) · location unknown,,,3,0.00535
outlet:a8se,Outlet,A8SE,,,1,0.0
case:db81a8185098,Case,Seizure · Wildlife (unspecified) · location unknown,,,2,0.00017
case:4e5b8cb246d6,Case,Seizure · Leopard · Himachal Pradesh,,,4,0.00067
case:794eacd61138,Case,Seizure · Wildlife (unspecified) · 240 birds · Nandurbar,,,4,0.00113
location:nandurbar,Location,Nandurbar,21.3667,74.2405,2,0.00017
commodity:wildlife_general-birds,Commodity,Wildlife (unspecified) – birds,,,1,0.0
case:f44dcb07a0b7,Case,Seizure · Rosewood & timber · location unknown,,,2,0.00113
case:90ddd55f420e,Case,Seizure · Wildlife (unspecified) · Recife,,,3,0.00079
location:recife,Location,Recife,-8.0539,-34.8811,2,0.00015
outlet:aeroin,Outlet,AEROIN,,,1,0.0
case:88635a058cc0,Case,Seizure · Wildlife (unspecified) · location unknown,,,2,0.00169
case:c3faa2b5db54,Case,Seizure · Wildlife (unspecified) · location unknown,,,2,0.00072
case:e5dbc7bd6e1f,Case,Seizure · Rosewood & timber · Concepción,,,3,0.00434
location:concepción,Location,Concepción,-36.827,-73.0498,2,0.00034
location:biobio,Location,Biobio,,,1,0.0
outlet:elmundo.com.bo,Outlet,elmundo.com.bo,,,1,0.0
case:90d12e15d327,Case,Arrest · Pangolin · 140 kg · Surabaya,,,4,0.00422
location:surabaya,Location,Surabaya,-7.25,112.75,1,0.0
case:22f5f3b765c9,Case,"Seizure · Sharks, rays & sea cucumbers · location unknown",,,2,0.00021
case:28e964f05eeb,Case,"Seizure · Sharks, rays & sea cucumbers · Cincinnati",,,3,0.00434
location:cincinnati,Location,Cincinnati,39.1271,-84.5144,2,0.00034
location:ohio,Location,Ohio,,,1,0.0
outlet:scioto_post,Outlet,Scioto Post,,,1,0.0
case:39064b44fef3,Case,Seizure · Abalone · location unknown,,,2,5e-05
case:e58c02973f75,Case,Seizure · Abalone · location unknown,,,2,4e-05
case:c3860c15e46b,Case,Seizure · Wildlife (unspecified) · Nigeria,,,3,0.0041
outlet:reuters,Outlet,Reuters,,,1,0.0
case:51c8af493d72,Case,Seizure · Rosewood & timber · location unknown,,,2,0.00034
outlet:boyacá_95.6_fm,Outlet,Boyacá 95.6 fm,,,1,0.0
case:076e3a7e1b3a,Case,Arrest · Pangolin · 796 kg · Vietnam,,,4,0.00087
outlet:republika.co.id,Outlet,republika.co.id,,,1,0.0
case:251d82b599cd,Case,"Seizure · Leopard, Pangolin · 164 scales · Nabarangpur",,,8,0.00154
commodity:leopard-scales,Commodity,Leopard – scales,,,1,0.0
case:9eaa043fe4e7,Case,"Seizure · Sharks, rays & sea cucumbers · location unknown",,,2,0.00052
case:8ffebaff406e,Case,"Seizure · Sharks, rays & sea cucumbers · location unknown",,,4,0.00435
outlet:whio_tv,Outlet,WHIO TV,,,1,0.0
outlet:fox_8_news,Outlet,FOX 8 News,,,1,0.0
outlet:wdtn.com,Outlet,WDTN.com,,,1,0.0
case:f9b876bdb71c,Case,"Seizure · Sharks, rays & sea cucumbers · location unknown",,,3,0.0019
case:164f672d8efd,Case,Seizure · Pangolin · 16.5 kg · Mumbai,,,5,0.00156
case:b427243188ec,Case,Seizure · Wildlife (unspecified) · Maiduguri,,,4,0.00765
location:maiduguri,Location,Maiduguri,11.8469,13.1571,2,0.00367
location:borno_state,Location,Borno State,,,1,0.0
case:09cd586bcdf6,Case,Seizure · Leopard · Mumbai,,,3,7e-05
case:dc1a52bad7a4,Case,Seizure · Pangolin · 796 kg · Asia,,,4,0.00058
outlet:ecobiz_asia,Outlet,Ecobiz Asia,,,1,0.0
case:90608f33ab4c,Case,Seizure · Parrots & songbirds · Jeremoabo,,,3,0.00027
location:jeremoabo,Location,Jeremoabo,-10.076,-38.3473,2,2e-05
case:5348c18d9292,Case,Seizure · Wildlife (unspecified) · Feira de Santana,,,4,0.0023
location:feira_de_santana,Location,Feira de Santana,-12.2667,-38.9667,2,8e-05
case:ed2f05ff9b6d,Case,Seizure · Wildlife (unspecified) · Cancún,,,3,0.00102
location:cancún,Location,Cancún,21.1743,-86.8466,2,0.00034
location:quintana_roo,Location,Quintana Roo,,,1,0.0
outlet:palco_noticias,Outlet,Palco Noticias,,,1,0.0
case:f99080c50234,Case,Seizure · Rosewood & timber · Madera,,,3,0.00045
location:madera,Location,Madera,29.1927,-108.1433,3,2e-05
outlet:el_alteño,Outlet,El Alteño,,,1,0.0
case:655d59a864a0,Case,Seizure · Parrots & songbirds · location unknown,,,2,0.00058
case:41e9dbc0181b,Case,Seizure · Pangolin · 16 kg · Chhattisgarh,,,5,0.00062
outlet:the_csr_journal,Outlet,The CSR Journal,,,1,0.0
case:d780db645990,Case,Seizure · Rosewood & timber · location unknown,,,3,0.00071
outlet:el_nuevo_siglo,Outlet,El Nuevo Siglo,,,2,0.00026
outlet:caracol_radio,Outlet,Caracol Radio,,,1,0.0
case:ef4a48e7bf4f,Case,Seizure · Wildlife (unspecified) · Chennai,,,4,0.00581
case:51be5f9ef656,Case,Seizure · Turtles & tortoises · Manizales,,,3,0.00434
location:manizales,Location,Manizales,5.0668,-75.5068,2,0.00034
location:caldas_department,Location,Caldas Department,,,1,0.0
outlet:bc_noticias_manizales,Outlet,BC Noticias Manizales,,,1,0.0
case:c92034ff9533,Case,Seizure · Wildlife (unspecified) · location unknown,,,2,0.00356
case:215e74ee88fb,Case,Seizure · Wildlife (unspecified) · Pūnch,,,4,0.00267
location:pūnch,Location,Pūnch,33.7703,74.0925,2,0.00034
location:jammu_and_kashmir,Location,Jammu and Kashmir,,,1,0.0
outlet:punch_newspapers,Outlet,Punch Newspapers,,,1,0.0
case:42960f0b2b09,Case,Rescue · Primates · Picos,,,3,0.00064
location:picos,Location,Picos,-7.0769,-41.4669,2,9e-05
outlet:prefeitura_de_picos_|_página_inicial.,Outlet,PREFEITURA DE PICOS | Página inicial.,,,1,0.0
case:eed4f555f268,Case,Rescue · Wildlife (unspecified) · Manaus,,,3,0.00031
case:463b1ec3fbbf,Case,Seizure · Turtles & tortoises · Bogotá,,,3,0.00063
case:a12270e249d5,Case,Seizure · Wildlife (unspecified) · location unknown,,,2,0.0002
outlet:policia.gov.co,Outlet,policia.gov.co,,,5,0.00073
case:e901b0faa8ae,Case,Seizure · Pangolin · Nigeria,,,5,0.00151
outlet:peoples_gazette_nigeria,Outlet,Peoples Gazette Nigeria,,,1,0.0
case:c5989e8622b9,Case,Seizure · Wildlife (unspecified) · Costa Rica,,,3,0.00012
case:aa34b589a9fc,Case,Seizure · Rosewood & timber · location unknown,,,2,0.00113
case:c9369ce79b8d,Case,Seizure · Parrots & songbirds · Belém,,,3,0.00171
location:belém,Location,Belém,-1.4558,-48.5044,2,8e-05
case:19a796331f89,Case,"Seizure · Sharks, rays & sea cucumbers · La Libertad",,,4,0.00119
location:la_libertad,Location,La Libertad,-2.233,-80.9104,2,0.00017
outlet:soltv_peru,Outlet,soltv peru,,,1,0.0
outlet:rpp_noticias,Outlet,RPP Noticias,,,1,0.0
case:beb455c3b19e,Case,Seizure · Pangolin · location unknown,,,2,0.00367
outlet:viva_banten,Outlet,VIVA Banten,,,1,0.0
case:00c037f00cbf,Case,Arrest · Elephant (ivory) · 200 kilograms · Maputo,,,4,0.00078
location:maputo,Location,Maputo,-25.9655,32.5832,2,0.00034
location:maputo_city,Location,Maputo City,,,1,0.0
case:8cadc74b48b4,Case,Seizure · Wildlife (unspecified) · Itatiaia,,,3,0.00025
case:1ed9328d3dd5,Case,Seizure · Wildlife (unspecified) · Don Mueang,,,4,0.00237
location:don_mueang,Location,Don Mueang,13.9134,100.5897,2,0.0
case:0b6465ead8eb,Case,Conviction · Wildlife (unspecified) · location unknown,,,3,0.00068
outlet:wcvb,Outlet,WCVB,,,1,0.0
outlet:e&e_news_by_politico,Outlet,E&E News by POLITICO,,,1,0.0
case:73233b48ecc7,Case,Seizure · Wildlife (unspecified) · location unknown,,,3,0.00195
case:9622c853429e,Case,Conviction · Primates · location unknown,,,2,0.00034
outlet:bostonglobe.com,Outlet,bostonglobe.com,,,1,0.0
case:31ab2021fd1e,Case,Seizure · Parrots & songbirds · Mendes,,,3,0.00323
location:mendes,Location,Mendes,-22.5267,-43.7328,2,3e-05
case:4ea15cf66566,Case,Conviction · Wildlife (unspecified) · location unknown,,,2,0.00013
case:51100d7f8b4b,Case,Seizure · Wildlife (unspecified) · location unknown,,,3,0.00212
outlet:air_cargo_news,Outlet,Air Cargo News,,,1,0.0
case:dd1054316de1,Case,Conviction · Wildlife (unspecified) · location unknown,,,2,0.00034
outlet:abc7_wwsb,Outlet,ABC7 WWSB,,,1,0.0
case:80030efffe48,Case,Seizure · Turtles & tortoises · Suzano,,,3,0.00119
location:suzano,Location,Suzano,-23.5425,-46.3108,2,0.00068
outlet:o_diário_de_mogi,Outlet,O Diário de Mogi,,,1,0.0
case:982b3d63bad0,Case,Seizure · Wildlife (unspecified) · location unknown,,,2,0.00034
outlet:portal_sgc,Outlet,Portal SGC,,,1,0.0
case:ede84558202e,Case,Arrest · Turtles & tortoises · Bengkulu,,,3,0.004
location:bengkulu,Location,Bengkulu,-3.8004,102.2655,1,0.0
outlet:riaukarya.com,Outlet,riaukarya.com,,,1,0.0
case:7af2b584e8e3,Case,Seizure · Eels · location unknown,,,2,4e-05
outlet:gendarmerie.interieur.gouv.fr,Outlet,gendarmerie.interieur.gouv.fr,,,2,0.00022
case:33d8ece0ec55,Case,Rescue · Parrots & songbirds · location unknown,,,2,0.00018
case:950501b89cd5,Case,Seizure · Wildlife (unspecified) · location unknown,,,2,0.00034
outlet:fox_business,Outlet,Fox Business,,,1,0.0
case:0cc64c1dc472,Case,Seizure · Rosewood & timber · Porto Velho,,,5,0.00499
location:porto_velho,Location,Porto Velho,-8.7619,-63.9039,2,0.00014
location:rondônia,Location,Rondônia,,,3,2e-05
outlet:polícia_militar_do_estado_de_rondônia,Outlet,Polícia Militar do Estado de Rondônia,,,3,7e-05
case:09e1fb9886aa,Case,Seizure · Wildlife (unspecified) · location unknown,,,3,0.00088
outlet:estado_de_minas,Outlet,Estado de Minas,,,1,0.0
case:87ca60403bfd,Case,Seizure · Parrots & songbirds · 803 parakeets · Sītāpur,,,5,0.00477
location:sītāpur,Location,Sītāpur,27.5619,80.6826,2,0.00018
case:0430a91c9338,Case,Seizure · Pangolin · 830 kg · Indonesia,,,4,0.00074
case:4330fadbae7f,Case,"Seizure · Sharks, rays & sea cucumbers · 2 ton · Australia",,,4,0.00268
commodity:shark_ray-ton,Commodity,"Sharks, rays & sea cucumbers – ton",,,1,0.0
case:36db08f663d4,Case,Rescue · Parrots & songbirds · Pariquera-Açu,,,3,0.00074
location:pariquera-açu,Location,Pariquera-Açu,-24.715,-47.8811,2,2e-05
case:49517f1fe449,Case,Seizure · Pangolin · 830 kg · Singapore,,,7,0.00428
outlet:mustsharenews.com,Outlet,mustsharenews.com,,,1,0.0
case:7da5d697de4d,Case,Seizure · Elephant (ivory) · Zambia,,,3,0.00078
case:813785c0a4dc,Case,Seizure · Wildlife (unspecified) · Singapore,,,7,0.00587
outlet:safety4sea,Outlet,safety4sea,,,1,0.0
outlet:maritimeprofessional.com,Outlet,maritimeprofessional.com,,,1,0.0
outlet:marine_insight,Outlet,Marine Insight,,,1,0.0
case:f08332e2b173,Case,Seizure · Pangolin · 830 kg · Malay,,,4,0.00064
location:malay,Location,Malay,11.9003,121.9091,2,6e-05
outlet:malay_mail,Outlet,Malay Mail,,,1,0.0
case:3708506a648e,Case,Seizure · Wildlife (unspecified) · location unknown,,,2,0.00034
outlet:veja_rio,Outlet,VEJA RIO,,,1,0.0
case:b77cc4850062,Case,Rescue · Wildlife (unspecified) · Manaus,,,3,0.00052
outlet:portal_do_holanda,Outlet,Portal do Holanda,,,1,0.0
case:bda0efede9e1,Case,Seizure · Abalone · Cape Town,,,3,0.00023
outlet:sabc_news,Outlet,SABC News,,,2,0.0
case:7d107df2187d,Case,Seizure · Abalone · Thornton,,,3,0.00023
location:thornton,Location,Thornton,39.868,-104.9719,2,4e-05
outlet:smile_90.4fm,Outlet,Smile 90.4FM,,,8,0.00081
case:ecfbdbd766cd,Case,Seizure · Abalone · location unknown,,,2,0.00043
case:a6a34fd6da3a,Case,Seizure · Wildlife (unspecified) · location unknown,,,2,0.00034
outlet:tvperú,Outlet,TVPerú,,,1,0.0
case:616c924062b1,Case,"Seizure · Red sanders, Sandalwood · 285 kgs · location unknown",,,6,0.00293
commodity:red_sanders-kgs,Commodity,Red sanders – kgs,,,1,0.0
commodity:sandalwood-kgs,Commodity,Sandalwood – kgs,,,1,0.0
case:a50c19cd4cd1,Case,Seizure · Wildlife (unspecified) · 216 kilos · location unknown,,,3,0.00382
outlet:yvke_mundial,Outlet,Yvke Mundial,,,1,0.0
commodity:wildlife_general-kilos,Commodity,Wildlife (unspecified) – kilos,,,2,0.0
case:0193f0757a05,Case,Seizure · Wildlife (unspecified) · location unknown,,,2,0.00034
outlet:austrac,Outlet,AUSTRAC,,,1,0.0
case:9b7db4c31e47,Case,Seizure · Eels · Asia,,,3,0.00031
case:e2ef478845ca,Case,Seizure · Wildlife (unspecified) · Arequipa,,,3,0.00061
location:arequipa,Location,Arequipa,-16.399,-71.5375,2,0.0
outlet:inforegion.pe,Outlet,inforegion.pe,,,3,0.00031
case:26509d76b4a8,Case,Seizure · Tiger · Mayūrbhanj,,,7,0.00046
location:mayūrbhanj,Location,Mayūrbhanj,21.75,86.5,2,1e-05
case:24627d173ef8,Case,Seizure · Elephant (ivory) · 106 kg · location unknown,,,4,0.00166
outlet:chimpreports,Outlet,ChimpReports,,,2,0.0
case:fded2eb1f908,Case,Seizure · Wildlife (unspecified) · Cuiabá,,,3,0.00242
location:cuiabá,Location,Cuiabá,-15.5961,-56.0967,2,0.0004
location:mato_grosso,Location,Mato Grosso,,,2,0.0001
case:3734c6986ef0,Case,Seizure · Parrots & songbirds · location unknown,,,2,0.00018
case:7ebec1ce1a17,Case,Seizure · Eels · 400 kilos · location unknown,,,3,0.00068
outlet:el_mundo,Outlet,El Mundo,,,1,0.0
commodity:eels-kilos,Commodity,Eels – kilos,,,1,0.0
case:fb90b7942531,Case,Seizure · Elephant (ivory) · 450 kg · location unknown,,,3,0.00367
outlet:mznews,Outlet,MZNews,,,1,0.0
case:cfa9b38ad773,Case,Seizure · Pangolin · 3 tons · Jakarta,,,5,0.0008
commodity:pangolin-tons,Commodity,Pangolin – tons,,,3,0.0
case:e55e36b7ec44,Case,Arrest · Turtles & tortoises · 100 live · Patna,,,5,0.00244
location:patna,Location,Patna,25.59,85.14,3,0.00032
commodity:turtles-live,Commodity,Turtles & tortoises – live,,,1,0.0
case:1cd427913b37,Case,Seizure · Wildlife (unspecified) · location unknown,,,3,0.00017
case:0100edbd1803,Case,Seizure · Elephant (ivory) · Zambia,,,4,0.0004
case:cb433d4a86ba,Case,Arrest · Abalone · location unknown,,,2,0.0
case:2a8d89bec27f,Case,Seizure · Abalone · location unknown,,,2,4e-05
case:41600616ba95,Case,Seizure · Wildlife (unspecified) · location unknown,,,2,0.00367
outlet:aqui_notícias,Outlet,Aqui Notícias,,,1,0.0
case:2ab03e1a55c7,Case,Seizure · Rosewood & timber · Neiva,,,3,0.00434
location:neiva,Location,Neiva,2.93,-75.2797,2,0.00034
location:huila_department,Location,Huila Department,,,1,0.0
outlet:diario_del_huila,Outlet,Diario del Huila,,,1,0.0
case:e40114acf70b,Case,Seizure · Wildlife (unspecified) · 2000 live · Kenya,,,5,0.00589
outlet:arise_news,Outlet,Arise News,,,2,0.0
outlet:gulf_news,Outlet,Gulf News,,,1,0.0
case:5a70f0ec6f8c,Case,Seizure · Wildlife (unspecified) · Costa Rica,,,3,0.00012
case:01960fdd33d5,Case,Seizure · Wildlife (unspecified) · location unknown,,,2,0.00073
case:4acfbce1272b,Case,Seizure · Rhinoceros · South Africa,,,3,0.00038
outlet:báo_vietnamnet,Outlet,Báo VietNamNet,,,1,0.0
case:99b4df3c7ef6,Case,Seizure · Parrots & songbirds · location unknown,,,2,0.0013
case:751b37291852,Case,Seizure · Wildlife (unspecified) · Malaysia,,,5,0.00241
case:bca8a5c898e8,Case,Seizure · Turtles & tortoises · location unknown,,,2,0.00415
case:7195b2d42741,Case,Seizure · Wildlife (unspecified) · location unknown,,,2,0.00017
outlet:mpf.mp.br,Outlet,mpf.mp.br,,,2,0.0
case:935c6a707722,Case,Seizure · Abalone · location unknown,,,2,4e-05
case:5a7bd96b7799,Case,Arrest · Abalone · Cape Town,,,3,0.00051
case:a4a344acecdb,Case,Seizure · Primates · Indonesia,,,3,0.00117
case:26a8f02dcab3,Case,Seizure · Wildlife (unspecified) · location unknown,,,2,0.00034
outlet:the_morning,Outlet,The Morning,,,1,0.0
case:cdb2ef59192b,Case,Seizure · Turtles & tortoises · location unknown,,,2,0.00237
case:be7c14d5a6fe,Case,Rescue · Parrots & songbirds · Serra,,,3,0.0015
case:0296f982865b,Case,Seizure · Wildlife (unspecified) · 1 live · Polokwane,,,4,0.0023
location:polokwane,Location,Polokwane,-23.9045,29.4688,2,0.0017
outlet:arrive_alive,Outlet,Arrive Alive,,,1,0.0
case:a23af60db755,Case,Rescue · Parrots & songbirds · Casa Branca,,,3,0.00074
location:casa_branca,Location,Casa Branca,-21.7739,-47.0864,2,2e-05
case:439ff24d03db,Case,Seizure · Wildlife (unspecified) · York,,,4,0.00468
location:york,Location,York,39.9626,-76.7277,2,0.00367
location:pennsylvania,Location,Pennsylvania,,,1,0.0
outlet:pulitzer_center,Outlet,Pulitzer Center,,,1,0.0
outlet:the_new_york_times,Outlet,The New York Times,,,1,0.0
case:d30ed396474a,Case,Seizure · Wildlife (unspecified) · location unknown,,,2,0.00015
outlet:jornal_correio,Outlet,Jornal Correio,,,5,0.00041
case:c8b4ae85eb2f,Case,Seizure · Wildlife (unspecified) · location unknown,,,4,0.00102
agency:denr,Agency,DENR,,,1,0.0
agency:unodc,Agency,UNODC,,,1,0.0
outlet:denr-bmb_|_biodiversity_management_bureau,Outlet,DENR-BMB | Biodiversity Management Bureau,,,1,0.0
case:8cce8ce1a78c,Case,Seizure · Wildlife (unspecified) · Uttar Pradesh,,,4,0.00771
case:ed06527e18a0,Case,Seizure · Pangolin · Bongaigaon,,,6,0.0038
location:bongaigaon,Location,Bongaigaon,26.477,90.5581,2,0.0
case:06c764be26e5,Case,Seizure · Turtles & tortoises · Goiás,,,3,0.00391
outlet:portal_agro2,Outlet,Portal Agro2,,,1,0.0
case:4732f6482dc9,Case,Rescue · Primates · Americana,,,3,0.00232
location:americana,Location,Americana,-22.7392,-47.3314,3,0.00059
outlet:policial_padrão,Outlet,Policial Padrão,,,1,0.0
case:74398a5eb1ef,Case,Seizure · Pangolin · 3 ton · Indonesia,,,4,0.00048
case:8166d8671156,Case,Seizure · Wildlife (unspecified) · Anakan,,,3,0.00289
location:anakan,Location,Anakan,8.8478,125.1514,2,0.00041
location:northern_mindanao,Location,Northern Mindanao,,,2,0.00011
case:49cad0b00179,Case,Seizure · Wildlife (unspecified) · Windhoek,,,4,0.00391
location:windhoek,Location,Windhoek,-22.5594,17.0832,2,0.00034
location:khomas_region,Location,Khomas Region,,,1,0.0
outlet:economist.com.na,Outlet,economist.com.na,,,1,0.0
case:656a6ba2f673,Case,Seizure · Wildlife (unspecified) · location unknown,,,2,0.00367
outlet:the_namibian_-,Outlet,The Namibian -,,,1,0.0
case:d0c0d4dd2dd3,Case,Seizure · Wildlife (unspecified) · location unknown,,,2,0.0002
case:446d12864ac5,Case,Seizure · Pangolin · 15 pangolins · location unknown,,,4,0.00302
outlet:world_border_security_congress,Outlet,World Border Security Congress,,,3,0.0007
commodity:pangolin-pangolins,Commodity,Pangolin – pangolins,,,5,5e-05
case:609d516df9b2,Case,"Seizure · Sharks, rays & sea cucumbers · 1.5 tons · location unknown",,,4,0.0101
commodity:shark_ray-tons,Commodity,"Sharks, rays & sea cucumbers – tons",,,1,0.0
case:6966338b1d42,Case,"Seizure · Sharks, rays & sea cucumbers · location unknown",,,2,0.00021
case:5c787d6e9197,Case,Seizure · Wildlife (unspecified) · location unknown,,,2,0.00034
outlet:sussexworld,Outlet,SussexWorld,,,1,0.0
case:231acec8fd99,Case,Seizure · Wildlife (unspecified) · location unknown,,,2,0.00034
outlet:ministério_público_-_rs,Outlet,Ministério Público - RS,,,1,0.0
case:9b211a5714b0,Case,Seizure · Wildlife (unspecified) · location unknown,,,4,0.00224
outlet:jornal_da_paraíba,Outlet,Jornal da Paraíba,,,1,0.0
outlet:clickpb,Outlet,ClickPB,,,2,0.0
case:f85d66b7565c,Case,Rescue · Wildlife (unspecified) · Sorocaba,,,3,0.00354
location:sorocaba,Location,Sorocaba,-23.5017,-47.4581,2,0.00047
outlet:bom_dia_sorocaba,Outlet,BOM DIA SOROCABA,,,1,0.0
case:fd811bcedac1,Case,Seizure · Rosewood & timber · Madera,,,3,0.00045
outlet:expreso.ec,Outlet,expreso.ec,,,1,0.0
case:85e546a29a01,Case,Seizure · Wildlife (unspecified) · Paraguay,,,3,0.00092
outlet:abc.com.py,Outlet,abc.com.py,,,1,0.0
case:a5d978f752d7,Case,Arrest · Elephant (ivory) · location unknown,,,2,0.00034
outlet:infopublik,Outlet,InfoPublik,,,1,0.0
case:691936aec42d,Case,Seizure · Red sanders · 195 logs · Karnataka,,,5,0.00046
case:1e030b9041b9,Case,Seizure · Rosewood & timber · location unknown,,,2,7e-05
case:b6e753662c65,Case,Rescue · Parrots & songbirds · Petrolina,,,3,0.00168
location:petrolina,Location,Petrolina,-9.3986,-40.5008,2,5e-05
case:25ed4fc78719,Case,Seizure · Pangolin · 15 pangolins · Madrid,,,7,0.01066
location:madrid,Location,Madrid,40.4165,-3.7026,1,0.0
outlet:the_independent,Outlet,The Independent,,,2,0.00032
case:1de0c652a986,Case,Seizure · Wildlife (unspecified) · location unknown,,,2,0.00034
outlet:news.fiu.edu,Outlet,news.fiu.edu,,,1,0.0
case:1d070e32dcfb,Case,Seizure · Wildlife (unspecified) · location unknown,,,2,0.00011
case:c8e089639d09,Case,Seizure · Pangolin · Bauchi,,,4,0.00159
location:bauchi,Location,Bauchi,10.3103,9.8439,1,0.0
case:34fbc080968a,Case,Rescue · Parrots & songbirds · Celaya,,,3,0.00102
location:celaya,Location,Celaya,20.5218,-100.814,2,0.00034
location:guanajuato,Location,Guanajuato,,,1,0.0
outlet:proceso,Outlet,Proceso,,,1,0.0
case:27a22814a95c,Case,Seizure · Pangolin · 15 pangolins · location unknown,,,4,0.00284
outlet:sur_in_english,Outlet,Sur in English,,,1,0.0
case:f0147a6bc019,Case,Seizure · Wildlife (unspecified) · Czechia,,,3,0.00068
location:czechia,Location,Czechia,50.088,14.4208,1,0.0
outlet:tol.org,Outlet,tol.org,,,1,0.0
case:7a1be58a16c2,Case,Seizure · Rosewood & timber · location unknown,,,2,0.00034
outlet:gazeta_digital,Outlet,Gazeta Digital,,,1,0.0
case:3fce30ddd36f,Case,Seizure · Wildlife (unspecified) · location unknown,,,2,0.0006
case:08eb232859cd,Case,Seizure · Wildlife (unspecified) · Buenos Aires,,,3,0.00628
location:buenos_aires_f.d.,Location,Buenos Aires F.D.,,,1,0.0
outlet:buenos_aires_ciudad,Outlet,Buenos Aires Ciudad,,,1,0.0
case:248005e9a7df,Case,Seizure · Rhinoceros · 98 horn · Cape Town,,,6,0.00492
case:150fc87169c0,Case,Seizure · Wildlife (unspecified) · location unknown,,,2,0.001
case:99a653a2530f,Case,Seizure · Pangolin · 25.6 tonnes · Singapore,,,4,0.00121
outlet:isomer-user-content.by.gov.sg,Outlet,isomer-user-content.by.gov.sg,,,1,0.0
commodity:pangolin-tonnes,Commodity,Pangolin – tonnes,,,2,1e-05
case:0e8e3567dd8f,Case,Seizure · Red sanders · location unknown,,,3,0.00053
case:ddaa71ad3b66,Case,Seizure · Red sanders · location unknown,,,2,3e-05
case:445e9fc97e8c,Case,Seizure · Wildlife (unspecified) · Malaysia,,,4,0.00261
case:4248269aa562,Case,Seizure · Wildlife (unspecified) · Manipur,,,3,0.00045
location:manipur,Location,Manipur,24.66,93.91,1,0.0
case:745178563e2a,Case,Arrest · Parrots & songbirds · location unknown,,,2,0.00034
outlet:folha_bv,Outlet,Folha BV,,,1,0.0
case:9168ae2d3ce1,Case,Rescue · Wildlife (unspecified) · São Gonçalo,,,3,0.00047
outlet:são_gonçalo_agora,Outlet,São Gonçalo Agora,,,1,0.0
case:5fd4d2694be9,Case,Seizure · Wildlife (unspecified) · location unknown,,,3,0.0007
case:c2f15ef5e14d,Case,Arrest · Elephant (ivory) · 10 tusks · location unknown,,,3,7e-05
case:d5ba3297850a,Case,Seizure · Parrots & songbirds · Arapiraca,,,3,0.00532
location:arapiraca,Location,Arapiraca,-9.7525,-36.6611,2,0.00367
location:alagoas,Location,Alagoas,,,1,0.0
case:5f9fcabe898b,Case,Seizure · Pangolin · location unknown,,,3,0.00042
outlet:gk_today,Outlet,GK Today,,,1,0.0
case:6a80369ad55a,Case,Seizure · Parrots & songbirds · Monteiro,,,3,0.00102
location:monteiro,Location,Monteiro,-7.8894,-37.12,2,0.00034
location:paraíba,Location,Paraíba,,,1,0.0
outlet:disquedenuncia181.es.gov.br,Outlet,disquedenuncia181.es.gov.br,,,1,0.0
case:a884c16a759a,Case,"Seizure · Pangolin, Primates · 50 kg · Cameroon",,,6,0.00874
location:cameroon,Location,Cameroon,3.8667,11.5167,1,0.0
commodity:primates-kg,Commodity,Primates – kg,,,1,0.0
case:0ac35736ec84,Case,Seizure · Wildlife (unspecified) · Jomo Kenyatta,,,3,0.00049
outlet:awf.org,Outlet,awf.org,,,2,0.0
case:d733fca703ff,Case,Seizure · Pangolin · location unknown,,,2,0.00034
outlet:businessday_ng,Outlet,Businessday NG,,,1,0.0
case:9af82a32e755,Case,Seizure · Pangolin · location unknown,,,2,0.00047
case:8e633f7784ed,Case,Seizure · Parrots & songbirds · 11 parrots · Mexico,,,4,0.00055
outlet:mexico_news_daily,Outlet,Mexico News Daily,,,1,0.0
commodity:birds-parrots,Commodity,Parrots & songbirds – parrots,,,2,3e-05
case:47c7997e0e6a,Case,Seizure · Red sanders · Tirupati,,,3,7e-05
case:55287d904ed1,Case,Seizure · Wildlife (unspecified) · location unknown,,,2,0.00034
outlet:news.csudh.edu,Outlet,news.csudh.edu,,,1,0.0
case:9e7ffdf75d44,Case,Seizure · Wildlife (unspecified) · United States,,,3,0.0006
location:united_states,Location,United States,38.8951,-77.0364,1,0.0
case:6902ad1bea9f,Case,Conviction · Wildlife (unspecified) · location unknown,,,3,0.0009
case:c0b62ce5f93e,Case,Seizure · Abalone · Gqeberha,,,5,0.0041
location:gqeberha,Location,Gqeberha,-33.9611,25.6149,2,0.00034
location:eastern_cape,Location,Eastern Cape,,,1,0.0
outlet:theherald.co.za,Outlet,theherald.co.za,,,1,0.0
case:0fa6bf679e6d,Case,Seizure · Abalone · location unknown,,,2,0.00017
outlet:algoafm.co.za,Outlet,algoafm.co.za,,,2,0.0
case:da94cb345bdb,Case,Seizure · Wildlife (unspecified) · location unknown,,,2,0.00034
outlet:hürriyet_daily_news,Outlet,Hürriyet Daily News,,,1,0.0
case:e1bba5713961,Case,Arrest · Pangolin · 1.71 kg · Alipurduar,,,4,0.00342
location:alipurduar,Location,Alipurduar,26.4914,89.528,2,8e-05
case:7a96e9c9b648,Case,Seizure · Pangolin · location unknown,,,2,0.00034
outlet:born_free_usa,Outlet,Born Free USA,,,1,0.0
case:482afeb0be34,Case,Rescue · Parrots & songbirds · Americana,,,3,0.00174
case:45a63a2d1ef4,Case,Seizure · Elephant (ivory) · Atlanta,,,5,0.00343
location:atlanta,Location,Atlanta,33.749,-84.388,2,0.00034
location:georgia,Location,Georgia,,,1,0.0
outlet:95.5_wsb,Outlet,95.5 WSB,,,1,0.0
outlet:atlantanewsfirst.com,Outlet,atlantanewsfirst.com,,,1,0.0
case:4e62d7851575,Case,"Seizure · Sharks, rays & sea cucumbers · location unknown",,,2,0.00034
outlet:uol_notícias,Outlet,UOL Notícias,,,1,0.0
case:a9ad0f372c8e,Case,Seizure · Rosewood & timber · location unknown,,,2,0.00034
outlet:quadratín_guerrero,Outlet,Quadratín Guerrero,,,1,0.0
case:f23d1170e752,Case,Seizure · Parrots & songbirds · Novo Hamburgo,,,3,0.00104
location:novo_hamburgo,Location,Novo Hamburgo,-29.6783,-51.1306,3,0.00069
outlet:|_prefeitura_municipal_de_novo_hamburgo,Outlet,| Prefeitura Municipal de Novo Hamburgo,,,2,9e-05
case:4da2c32501ef,Case,Seizure · Red sanders · 72 logs · location unknown,,,3,3e-05
case:2f315e9e0257,Case,Seizure · Red sanders · 72 logs · location unknown,,,3,0.00034
case:d3df4bb01c56,Case,Seizure · Wildlife (unspecified) · location unknown,,,2,0.00034
outlet:meateater,Outlet,MeatEater,,,1,0.0
case:e806c18210c5,Case,Seizure · Parrots & songbirds · Rio das Ostras,,,3,0.00049
location:rio_das_ostras,Location,Rio das Ostras,-22.5269,-41.945,2,0.00018
outlet:prefeitura_de_rio_das_ostras,Outlet,Prefeitura de Rio das Ostras,,,1,0.0
case:a3c266a7b780,Case,Seizure · Rhinoceros · Bangkok,,,3,0.00024
outlet:nationthailand.com,Outlet,nationthailand.com,,,3,0.00027
case:9343dbd35e51,Case,Seizure · Wildlife (unspecified) · Liberia,,,3,0.00041
location:liberia,Location,Liberia,6.3005,-10.7969,1,0.0
case:5b8f8f6b8268,Case,Seizure · Wildlife (unspecified) · location unknown,,,2,0.00034
outlet:super.abril.com.br,Outlet,super.abril.com.br,,,1,0.0
case:c78eb3758f57,Case,Seizure · Rhinoceros · location unknown,,,2,0.0003
outlet:dffe.gov.za,Outlet,dffe.gov.za,,,2,0.00012
case:f553dc83d601,Case,Seizure · Rhinoceros · Thailand,,,3,0.00048
case:de5a4234cf63,Case,Seizure · Monitor lizard · Indonesia,,,3,0.00146
case:b5a50ea4f086,Case,Seizure · Tiger · Kannur,,,4,0.00122
location:kannur,Location,Kannur,11.8675,75.3576,2,0.00022
case:9725ae486312,Case,Seizure · Abalone · location unknown,,,2,0.00024
case:f5e12a8155e3,Case,Seizure · Elephant (ivory) · Soro,,,3,0.00304
location:soro,Location,Soro,21.2785,86.6883,2,1e-05
case:3db844d236e2,Case,Seizure · Turtles & tortoises · 13 tortoises · Bundi,,,4,0.00104
location:bundi,Location,Bundi,25.4844,75.7937,2,0.00015
case:3971e1fdce32,Case,Seizure · Sandalwood · location unknown,,,2,0.00048
case:f17e302abab9,Case,Seizure · Wildlife (unspecified) · location unknown,,,2,0.00034
outlet:the_conversation,Outlet,The Conversation,,,1,0.0
case:d07e8e376e94,Case,Seizure · Elephant (ivory) · location unknown,,,3,0.00183
case:f3135e15ba4c,Case,Seizure · Wildlife (unspecified) · Kalimantan,,,4,0.00339
case:c2aa904e167a,Case,Rescue · Wildlife (unspecified) · location unknown,,,2,0.00168
case:f107f3923487,Case,Seizure · Wildlife (unspecified) · Suvarnabhumi,,,5,0.00292
location:suvarnabhumi,Location,Suvarnabhumi,13.69,100.75,3,0.00027
outlet:the_straits_times,Outlet,The Straits Times,,,2,0.00016
case:711a6ffbc524,Case,Seizure · Wildlife (unspecified) · Walla Walla,,,3,0.00034
case:214915662b31,Case,Rescue · Parrots & songbirds · location unknown,,,2,0.00034
outlet:comprerural,Outlet,CompreRural,,,1,0.0
case:bc0489408fbd,Case,Seizure · Wildlife (unspecified) · location unknown,,,2,0.00034
outlet:jovem_pan,Outlet,Jovem Pan,,,1,0.0
case:e9595b17854b,Case,Conviction · Red sanders · location unknown,,,2,3e-05
case:22744f7e1bfc,Case,Seizure · Turtles & tortoises · location unknown,,,2,0.00034
outlet:lampung.indozone.id,Outlet,lampung.indozone.id,,,1,0.0
case:75befe515403,Case,"Seizure · Red sanders, Sandalwood · Andhra Pradesh",,,4,0.00109
case:1c9821813bdc,Case,Seizure · Wildlife (unspecified) · Mexico,,,3,0.00068
case:5c0ec25a400d,Case,Arrest · Monitor lizard · Bekasi,,,3,0.00085
location:bekasi,Location,Bekasi,-6.2349,106.9896,2,0.00038
case:fa9b399f5698,Case,Seizure · Wildlife (unspecified) · Bengaluru,,,6,0.0162
case:7d943321a960,Case,Seizure · Elephant (ivory) · location unknown,,,2,0.0002
case:a3916f29d8d0,Case,Arrest · Turtles & tortoises · Lalitpur,,,3,0.00092
location:lalitpur,Location,Lalitpur,24.6901,78.4192,3,0.00083
outlet:ratopati,Outlet,Ratopati,,,1,0.0
case:3855861ccb51,Case,Seizure · Wildlife (unspecified) · location unknown,,,2,0.00017
outlet:kmph.com,Outlet,kmph.com,,,2,0.0
case:e3293b651970,Case,Seizure · Wildlife (unspecified) · Fresno,,,3,0.00076
location:fresno,Location,Fresno,36.7477,-119.7724,3,0.0004
case:80ff85345259,Case,Seizure · Pangolin · 4 live · location unknown,,,5,0.00222
case:3821d5173d40,Case,Seizure · Rhinoceros · Fresno,,,3,0.00047
outlet:fresno_bee,Outlet,Fresno Bee,,,1,0.0
case:9effec93e5a4,Case,Seizure · Pangolin · India,,,3,0.00077
case:7167fdd129b7,Case,Seizure · Leopard · Nabarangpur,,,3,2e-05
case:b164bed74946,Case,Arrest · Pangolin · 14 scales · location unknown,,,3,0.00076
case:7137f4fb0e0c,Case,Seizure · Wildlife (unspecified) · location unknown,,,2,0.00168
case:15febe8c3466,Case,Arrest · Wildlife (unspecified) · location unknown,,,2,0.00034
outlet:headline.co.id,Outlet,Headline.co.id,,,1,0.0
case:4037b305f534,Case,Seizure · Wildlife (unspecified) · location unknown,,,2,0.00034
outlet:cornare,Outlet,Cornare,,,1,0.0
case:63c425cd11da,Case,Rescue · Wildlife (unspecified) · location unknown,,,2,0.00034
outlet:prefeitura_municipal_de_quatis,Outlet,Prefeitura Municipal de Quatis,,,1,0.0
case:11b125d4f07f,Case,Seizure · Wildlife (unspecified) · Palāmu,,,3,0.0018
location:palāmu,Location,Palāmu,23.9167,84.0833,2,0.00061
case:38aab56eba6b,Case,Seizure · Pangolin · 4 live · Nigeria,,,5,0.00184
case:43b372088c1b,Case,Seizure · Pangolin · 4 live · location unknown,,,4,0.00121
outlet:nigerian_voice,Outlet,Nigerian Voice,,,1,0.0
case:d51551e8630b,Case,"Seizure · Tiger, Turtles & tortoises · location unknown",,,3,0.00119
outlet:litoralmania,Outlet,Litoralmania,,,1,0.0
case:94cde3088c3b,Case,Seizure · Turtles & tortoises · Rio Grande,,,4,0.0032
location:rio_grande,Location,Rio Grande,-32.035,-52.0986,2,0.00016
outlet:universidade_federal_do_rio_grande_-_furg,Outlet,Universidade Federal do Rio Grande - FURG,,,1,0.0
case:d683f4fda506,Case,"Seizure · Parrots & songbirds, Rosewood & timber · Eldorado dos Carajás",,,4,0.00589
location:eldorado_dos_carajás,Location,Eldorado dos Carajás,-6.1042,-49.3553,2,6e-05
outlet:portal_debate,Outlet,Portal Debate,,,1,0.0
case:71f21f951de4,Case,Arrest · Elephant (ivory) · Jigani,,,3,0.00053
location:jigani,Location,Jigani,12.7861,77.6385,2,4e-05
case:97929621d80d,Case,Seizure · Wildlife (unspecified) · Kuala Lumpur,,,4,0.00221
case:d378b14ce51e,Case,Rescue · Wildlife (unspecified) · Sapopemba,,,3,0.00356
location:sapopemba,Location,Sapopemba,-23.5956,-46.5247,2,0.00046
outlet:prefeitura_de_são_paulo,Outlet,Prefeitura de São Paulo,,,2,0.00013
case:cdab268acaf0,Case,Seizure · Parrots & songbirds · 100 parrots · Jamshedpur,,,5,0.01025
outlet:the_avenue_mail,Outlet,The Avenue Mail,,,2,4e-05
case:e6e9cede3910,Case,Seizure · Wildlife (unspecified) · Jamshedpur,,,4,0.00426
case:64824bb9f778,Case,Seizure · Wildlife (unspecified) · location unknown,,,2,0.00056
case:e5c27aff0d72,Case,Seizure · Parrots & songbirds · 6 parakeets · location unknown,,,3,0.00328
case:dade7d6038d1,Case,Arrest · Parrots & songbirds · 6 parakeets · Pune,,,5,0.0138
case:5e77f09f92d3,Case,Arrest · Monitor lizard · location unknown,,,3,0.0021
case:85e74bc7240f,Case,"Arrest · Red sanders, Sandalwood · location unknown",,,3,0.00015
case:454d07f2554f,Case,Rescue · Wildlife (unspecified) · location unknown,,,2,0.00212
case:523f0f7da15b,Case,Seizure · Wildlife (unspecified) · location unknown,,,2,0.00173
outlet:gov.uk,Outlet,GOV.UK,,,2,0.0
case:c4727ba70a8d,Case,Arrest · Parrots & songbirds · location unknown,,,2,0.00016
case:cea4e1ddd350,Case,Seizure · Wildlife (unspecified) · 334 parrots · Varanasi,,,5,0.00248
location:varanasi,Location,Varanasi,25.32,82.97,2,3e-05
case:588e59b123fe,Case,Seizure · Wildlife (unspecified) · location unknown,,,2,0.00034
outlet:hawkesbury_gazette,Outlet,Hawkesbury Gazette,,,1,0.0
case:aa5938cc4185,Case,Seizure · Wildlife (unspecified) · Delhi,,,3,0.00132
outlet:bhaskar_english,Outlet,Bhaskar English,,,1,0.0
case:37303d80cff1,Case,Rescue · Wildlife (unspecified) · location unknown,,,2,0.00168
case:07c7caa19910,Case,Rescue · Primates · Guadalajara,,,3,0.00136
outlet:gob_mx,Outlet,Gob MX,,,3,0.00038
case:ccf6650ff6e9,Case,Seizure · Leopard · 2 skins · Nuapada,,,4,2e-05
case:ecc9df1678c2,Case,Seizure · Wildlife (unspecified) · Honduras,,,3,0.00068
location:honduras,Location,Honduras,14.0818,-87.2068,1,0.0
outlet:canal_6_honduras,Outlet,Canal 6 Honduras,,,1,0.0
case:973d40766f93,Case,Rescue · Wildlife (unspecified) · location unknown,,,2,0.00013
outlet:canal_rural,Outlet,Canal Rural,,,2,0.0
case:41ba2f0baa10,Case,Seizure · Rhinoceros · 55.4 kg · South Africa,,,4,0.00036
commodity:rhino-kg,Commodity,Rhinoceros – kg,,,2,0.0
case:4a2e494f2b1a,Case,Seizure · Rosewood & timber · Natal,,,3,0.00128
case:1207ec6cbf2c,Case,Seizure · Red sanders · Tirupati,,,3,0.00017
case:bf6ca004deb4,Case,Seizure · Wildlife (unspecified) · Patria,,,3,0.00066
case:4a0fc0e459f4,Case,"Seizure · Sharks, rays & sea cucumbers · location unknown",,,3,0.007
outlet:myjoyonline,Outlet,MyJoyOnline,,,1,0.0
case:80e0846199f6,Case,Seizure · Wildlife (unspecified) · location unknown,,,3,0.00116
outlet:africa_defense_forum,Outlet,Africa Defense Forum,,,1,0.0
case:0d886b756e0f,Case,Seizure · Wildlife (unspecified) · China,,,4,0.00089
case:52149db679ec,Case,Rescue · Wildlife (unspecified) · location unknown,,,2,0.00168
case:2f9e92460ef2,Case,Seizure · Rosewood & timber · location unknown,,,2,6e-05
case:174785587a0f,Case,Seizure · Wildlife (unspecified) · location unknown,,,2,0.00168
case:cf08fa26a3e8,Case,"Seizure · Sharks, rays & sea cucumbers · Ecuador",,,3,0.00175
location:ecuador,Location,Ecuador,-0.2298,-78.525,1,0.0
case:b560591c66c7,Case,Seizure · Rhinoceros · South Africa,,,3,0.00012
case:701cbd399295,Case,Seizure · Wildlife (unspecified) · location unknown,,,2,0.00013
outlet:world_wildlife_fund,Outlet,World Wildlife Fund,,,2,0.0
case:f011fa6e897b,Case,Seizure · Wildlife (unspecified) · location unknown,,,2,0.00017
outlet:zme_science,Outlet,ZME Science,,,2,0.0
case:1acb7ce2770c,Case,Seizure · Parrots & songbirds · Bacabal,,,3,0.00057
location:bacabal,Location,Bacabal,-4.2325,-44.7816,2,2e-05
outlet:corpo_de_bombeiros_militar_do_maranhão,Outlet,Corpo de Bombeiros Militar do Maranhão,,,1,0.0
case:344aa741646e,Case,Seizure · Bears · Dublin,,,7,0.00403
species:bear,Species,Bears,,,2,0.00167
location:dublin,Location,Dublin,53.3331,-6.2489,2,0.00034
location:leinster,Location,Leinster,,,1,0.0
mode:post,Mode,Post,,,1,0.0
outlet:roscommonherald.ie,Outlet,roscommonherald.ie,,,1,0.0
outlet:breakingnews.ie,Outlet,BreakingNews.ie,,,1,0.0
outlet:laois-nationalist.ie,Outlet,laois-nationalist.ie,,,1,0.0
case:c894c6718f5d,Case,Seizure · Wildlife (unspecified) · location unknown,,,2,0.00013
case:1a42c91a34b7,Case,Rescue · Primates · Cassilândia,,,3,0.00061
location:cassilândia,Location,Cassilândia,-19.1133,-51.7342,2,4e-05
outlet:cassilândia_notícias,Outlet,Cassilândia Notícias,,,1,0.0
case:32f64643a8f4,Case,"Seizure · Sharks, rays & sea cucumbers · Peru",,,3,0.00081
case:e97a9a2ebbf1,Case,Seizure · Wildlife (unspecified) · location unknown,,,2,0.00034
outlet:good_news_network,Outlet,Good News Network,,,1,0.0
case:93688ceee3ae,Case,Rescue · Parrots & songbirds · location unknown,,,3,0.00157
case:3d5e6ab16728,Case,Rescue · Wildlife (unspecified) · Caxias,,,3,0.00074
case:654d2e19d417,Case,Seizure · Red sanders · Chennai,,,5,0.00064
case:957c71fc1918,Case,Seizure · Turtles & tortoises · 3101 turtles · Madurai,,,5,0.00256
location:madurai,Location,Madurai,9.93,78.12,2,0.00013
case:20b6aae5ee2c,Case,Arrest · Monitor lizard · location unknown,,,2,0.00018
case:d49613eb5496,Case,Arrest · Monitor lizard · location unknown,,,2,0.00367
outlet:liputan6.com,Outlet,Liputan6.com,,,1,0.0
case:c01602fb58ef,Case,Seizure · Pangolin · location unknown,,,2,0.00034
outlet:bbc.com,Outlet,bbc.com,,,1,0.0
case:bd370bc6093c,Case,Seizure · Wildlife (unspecified) · Bengaluru,,,4,0.00473
case:3f2be7fb4cff,Case,Seizure · Wildlife (unspecified) · location unknown,,,3,0.00216
case:1e481e6037aa,Case,Seizure · Parrots & songbirds · location unknown,,,2,0.00101
case:a9c5518d9da6,Case,Seizure · Wildlife (unspecified) · location unknown,,,3,0.00039
case:6b82cc2fa16d,Case,Seizure · Pangolin · London,,,7,0.00305
location:london,Location,London,51.5085,-0.1257,2,0.00034
location:england,Location,England,,,1,0.0
outlet:london_evening_standard,Outlet,London Evening Standard,,,1,0.0
outlet:metro.co.uk,Outlet,Metro.co.uk,,,1,0.0
outlet:my_london,Outlet,My London,,,1,0.0
case:9a7547b5e2d7,Case,Seizure · Wildlife (unspecified) · location unknown,,,2,0.00034
outlet:t7news,Outlet,T7news,,,1,0.0
case:068d7d9feede,Case,Seizure · Wildlife (unspecified) · Amarante,,,3,0.00063
location:amarante,Location,Amarante,-6.2432,-42.8454,2,0.00014
outlet:canal_121,Outlet,Canal 121,,,2,0.0
case:74847cc5a34a,Case,Seizure · Turtles & tortoises · Indonesia,,,3,0.00138
case:4bb9235b2287,Case,Seizure · Rhinoceros · South Africa,,,3,0.00038
outlet:news_ghana,Outlet,News Ghana,,,1,0.0
case:4b6a3dd69ca1,Case,Seizure · Wildlife (unspecified) · Montes Claros,,,3,0.00048
location:montes_claros,Location,Montes Claros,-16.735,-43.8617,2,5e-05
case:3ded3295d217,Case,Arrest · Monitor lizard · location unknown,,,2,0.00055
case:70e55be2ccf7,Case,Seizure · Wildlife (unspecified) · location unknown,,,3,0.00017
case:d05f61a384f7,Case,Seizure · Wildlife (unspecified) · India,,,3,0.00311
case:dc6eb93d136c,Case,"Seizure · Rhinoceros, Tiger · location unknown",,,3,0.00082
case:60e1d3946d90,Case,Seizure · Red sanders · Karnataka,,,3,0.00031
case:1a78057e383f,Case,"Seizure · Lion (bone & parts), Rhinoceros, Tiger · 17 horns · location unknown",,,7,0.0015
species:lion,Species,Lion (bone & parts),,,1,0.0
commodity:lion-horns,Commodity,Lion (bone & parts) – horns,,,1,0.0
commodity:tiger-horns,Commodity,Tiger – horns,,,1,0.0
case:1582bce68e1b,Case,Seizure · Rhinoceros · location unknown,,,3,0.00051
outlet:protectionweb,Outlet,ProtectionWeb,,,1,0.0
outlet:south_african_government_news_agency,Outlet,South African Government News Agency,,,2,0.0
case:db7102b481bb,Case,Seizure · Rosewood & timber · Mazagão,,,3,0.00148
location:mazagão,Location,Mazagão,-0.115,-51.2894,3,0.00034
location:amapá,Location,Amapá,,,1,0.0
case:661a9b2cfca6,Case,Arrest · Wildlife (unspecified) · location unknown,,,4,0.00147
case:31b0fa1badd9,Case,Seizure · Elephant (ivory) · 2 tusks · location unknown,,,3,0.00083
case:eae0ede4f436,Case,"Seizure · Red sanders, Sandalwood · Bengaluru",,,5,0.00258
case:f2d9a749ba86,Case,Rescue · Primates · Alexandra,,,3,0.00072
location:alexandra,Location,Alexandra,-26.1053,28.0988,2,0.00016
location:gauteng,Location,Gauteng,,,3,0.00022
outlet:folha_do_litoral,Outlet,Folha do Litoral,,,1,0.0
case:cffef27e726d,Case,Seizure · Wildlife (unspecified) · location unknown,,,2,0.00381
outlet:gov.za,Outlet,gov.za,,,2,0.00053
case:e24992fde838,Case,Seizure · Rhinoceros · Limerick,,,3,0.00102
location:limerick,Location,Limerick,52.6647,-8.6231,2,0.00034
location:munster,Location,Munster,,,1,0.0
outlet:rte.ie,Outlet,rte.ie,,,1,0.0
case:5054c82694ab,Case,Arrest · Abalone · Sacramento,,,4,0.0042
outlet:the_mendocino_voice,Outlet,The Mendocino Voice,,,1,0.0
outlet:the_press_democrat,Outlet,The Press Democrat,,,1,0.0
case:b6a7f53b27c1,Case,Seizure · Parrots & songbirds · Barra do Garças,,,3,0.00062
location:barra_do_garças,Location,Barra do Garças,-15.89,-52.2567,2,4e-05
outlet:araguaia_notícia,Outlet,Araguaia Notícia,,,1,0.0
case:174369b93845,Case,Seizure · Wildlife (unspecified) · location unknown,,,3,0.00056
outlet:pethelpful,Outlet,PetHelpful,,,1,0.0
case:840dd881c81b,Case,Seizure · Turtles & tortoises · Brasília,,,3,0.00125
location:brasília,Location,Brasília,-15.7797,-47.9297,2,0.00074
case:4470294bc1ca,Case,Rescue · Primates · São Bento,,,3,0.00065
location:são_bento,Location,São Bento,-2.6958,-44.8214,2,0.00011
outlet:prefeitura_municipal_de_ribeirão_preto,Outlet,Prefeitura Municipal de Ribeirão Preto,,,1,0.0
case:ff63b2ed018e,Case,Rescue · Primates · Ribeirão Preto,,,3,0.00079
location:ribeirão_preto,Location,Ribeirão Preto,-21.1775,-47.8103,2,0.00033
outlet:revide,Outlet,Revide,,,1,0.0
case:f3a97e621f7d,Case,Seizure · Wildlife (unspecified) · location unknown,,,2,0.00017
case:84992be6fb70,Case,Seizure · Sand boa · location unknown,,,2,0.00029
case:7d6b587616da,Case,Seizure · Pangolin · location unknown,,,2,0.00368
outlet:world_animal_protection,Outlet,World Animal Protection,,,1,0.0
case:31e166071957,Case,Seizure · Agarwood (oud) · Philippines,,,3,0.00025
species:agarwood,Species,Agarwood (oud),,,5,0.00529
case:8b5d98457306,Case,Seizure · Wildlife (unspecified) · location unknown,,,2,0.00053
outlet:pcdf,Outlet,PCDF,,,3,0.0008
case:4ec4a4e42224,Case,Arrest · Wildlife (unspecified) · location unknown,,,2,0.00093
case:ebf282fa0648,Case,Seizure · Abalone · location unknown,,,2,4e-05
case:8c6566faa0ad,Case,Seizure · Wildlife (unspecified) · Vietnam,,,3,0.0024
outlet:vietnamnews.vn,Outlet,vietnamnews.vn,,,1,0.0
case:04db1046835b,Case,Seizure · Wildlife (unspecified) · location unknown,,,2,0.00159
case:88d3454d5d10,Case,Rescue · Wildlife (unspecified) · Diadema,,,3,0.00437
location:diadema,Location,Diadema,-23.6861,-46.6228,2,0.00066
outlet:diário_do_grande_abc,Outlet,Diário do Grande ABC,,,1,0.0
case:74357109fe2a,Case,Seizure · Pangolin · location unknown,,,2,0.00034
outlet:mike_bolhuis_specialised_security_services,Outlet,Mike Bolhuis Specialised Security Services,,,1,0.0
case:1badcacc0078,Case,Seizure · Wildlife (unspecified) · location unknown,,,2,0.00034
outlet:ksdae.kehutanan.go.id,Outlet,ksdae.kehutanan.go.id,,,1,0.0
case:33c2c74d2141,Case,Seizure · Wildlife (unspecified) · location unknown,,,2,0.00017
case:231aeb43104d,Case,Seizure · Wildlife (unspecified) · location unknown,,,2,0.00168
case:1ae991b29f04,Case,"Seizure · Sharks, rays & sea cucumbers · Peru",,,4,0.00153
outlet:cbs_news,Outlet,CBS News,,,2,0.00068
outlet:usatoday.com,Outlet,usatoday.com,,,1,0.0
case:1a05f9c7fafa,Case,Arrest · Pangolin · 2 pangolins · location unknown,,,3,0.00051
case:c5bab2a0b3a4,Case,Seizure · Pangolin · Nigeria,,,3,0.00048
outlet:occrp,Outlet,OCCRP,,,1,0.0
case:2b8c06e88cd1,Case,Arrest · Pangolin · location unknown,,,3,0.00176
case:d7542ff93e5c,Case,Seizure · Pangolin · Pretoria,,,3,0.00089
location:pretoria,Location,Pretoria,-25.7449,28.1878,2,0.00011
case:a8ab2861191a,Case,Seizure · Wildlife (unspecified) · location unknown,,,2,0.00034
outlet:mpce,Outlet,MPCE,,,1,0.0
case:ab03a26619f5,Case,"Seizure · Sharks, rays & sea cucumbers · Unidos",,,4,0.00079
location:unidos,Location,Unidos,8.5942,123.668,2,5e-05
outlet:u.s._embassy_in_peru_(.gov),Outlet,U.S. Embassy in Peru (.gov),,,1,0.0
case:7118e00983cf,Case,Seizure · Rhinoceros · Changi,,,4,0.00212
location:changi,Location,Changi,1.36,103.99,1,0.0
outlet:mothership,Outlet,Mothership,,,1,0.0
case:6b6c5d760276,Case,Seizure · Wildlife (unspecified) · Vitória da Conquista,,,3,0.00091
case:e9f7f10989c1,Case,Seizure · Wildlife (unspecified) · location unknown,,,2,0.00034
outlet:foxnews.com,Outlet,foxnews.com,,,1,0.0
case:21442814a1f7,Case,Seizure · Wildlife (unspecified) · location unknown,,,3,0.00201
case:453029b44c77,Case,Seizure · Wildlife (unspecified) · Arequipa,,,3,0.00133
case:03b217f84b4f,Case,Seizure · Elephant (ivory) · 18 kg · location unknown,,,4,0.00159
outlet:the_eastleigh_voice,Outlet,The Eastleigh Voice,,,3,0.00012
case:fe7bc7510f94,Case,Seizure · Wildlife (unspecified) · location unknown,,,2,0.00034
outlet:ctv_news,Outlet,CTV News,,,1,0.0
case:e7d7ca17b4b2,Case,Rescue · Primates · Sa Kaeo,,,3,0.00046
location:sa_kaeo,Location,Sa Kaeo,13.8141,102.0722,1,0.0
case:15b1508fba54,Case,Arrest · Primates · Thailand,,,3,0.00053
case:67ab150c20dc,Case,Seizure · Parrots & songbirds · Jardim,,,3,0.00026
case:da09fdb174bc,Case,Rescue · Turtles & tortoises · Garanhuns,,,3,0.00289
location:garanhuns,Location,Garanhuns,-8.882,-36.5022,2,0.00018
case:b8bdff8a0a02,Case,Seizure · Red sanders · location unknown,,,2,0.00011
case:df04bab573ca,Case,Seizure · Wildlife (unspecified) · location unknown,,,2,0.00159
case:3babee964cea,Case,Seizure · Turtles & tortoises · Mexico,,,3,0.00088
case:7683957e95a2,Case,Seizure · Wildlife (unspecified) · location unknown,,,2,0.00169
case:28f1f1730e2d,Case,Arrest · Pangolin · 13 kilogram · Medan,,,5,0.00167
case:50486d561b3e,Case,Arrest · Wildlife (unspecified) · location unknown,,,2,0.00237
case:2b3a4318c1c4,Case,Seizure · Wildlife (unspecified) · location unknown,,,3,0.00202
outlet:midiamax,Outlet,Midiamax,,,1,0.0
case:39340cda051f,Case,"Seizure · Hornbills, Primates · Bengaluru",,,5,0.00609
case:46e15ba8dc57,Case,Seizure · Wildlife (unspecified) · 30000 live · location unknown,,,3,0.00022
outlet:euronews.com,Outlet,Euronews.com,,,2,0.0
case:112118b70434,Case,"Seizure · Sharks, rays & sea cucumbers · Callao",,,9,0.0058
location:callao,Location,Callao,-12.0516,-77.1345,1,0.0
outlet:diario_libre,Outlet,Diario Libre,,,1,0.0
outlet:la_república,Outlet,La República,,,1,0.0
outlet:actualidad_ambiental,Outlet,Actualidad Ambiental,,,2,2e-05
outlet:canal_n,Outlet,Canal N,,,1,0.0
outlet:atv.pe,Outlet,ATV.pe,,,1,0.0
outlet:perú_21,Outlet,Perú 21,,,1,0.0
case:5497da3654ee,Case,Seizure · Abalone · George,,,4,0.00097
location:george,Location,George,-33.963,22.4617,2,1e-05
case:0d8b5eab1b81,Case,"Seizure · Red sanders, Sandalwood · Kalyān",,,4,0.00084
case:4d5fd1f125bf,Case,Seizure · Abalone · Cape Town,,,3,4e-05
case:b346066382e4,Case,Seizure · Parrots & songbirds · Franca,,,3,0.00205
location:franca,Location,Franca,-20.5386,-47.4008,2,1e-05
outlet:verdadeon.com.br,Outlet,verdadeon.com.br,,,1,0.0
case:45e758efd8d9,Case,Seizure · Red sanders · 20 logs · Tirupati,,,5,0.00012
case:c5a6bec8d26a,Case,Seizure · Wildlife (unspecified) · Hong Kong,,,4,0.00376
case:da9817238eb7,Case,Seizure · Wildlife (unspecified) · Malawi,,,3,0.00081
case:42a46cf7211b,Case,Seizure · Wildlife (unspecified) · Malawi,,,3,0.00094
case:f6f817e899cd,Case,Seizure · Wildlife (unspecified) · location unknown,,,2,0.00034
outlet:congresso_em_foco,Outlet,Congresso em Foco,,,1,0.0
case:7421de7afddd,Case,"Seizure · Elephant (ivory), Rhinoceros · location unknown",,,3,0.00081
outlet:popular_science,Outlet,Popular Science,,,1,0.0
case:2ca0905abdac,Case,Seizure · Leopard · Bhubaneswar,,,5,0.00091
location:bhubaneswar,Location,Bhubaneswar,20.3,85.82,2,2e-05
case:dc870be8a575,Case,Rescue · Primates · Chhatrapati Shivaji,,,5,0.00336
case:54592211ec25,Case,Arrest · Leopard · Lalitpur,,,3,0.00043
outlet:myrepublica.nagariknetwork.com,Outlet,myrepublica.nagariknetwork.com,,,1,0.0
case:e3057e833bb8,Case,Seizure · Rosewood & timber · location unknown,,,2,0.00034
outlet:parlamentopiaui.com.br,Outlet,parlamentopiaui.com.br,,,1,0.0
case:1f155b26a25b,Case,Seizure · Rosewood & timber · location unknown,,,2,0.00113
case:3c3617156443,Case,Seizure · Rosewood & timber · Presidente Médici,,,3,0.00153
location:presidente_médici,Location,Presidente Médici,-11.1753,-61.9014,3,0.00019
case:5bfa680012d7,Case,Arrest · Pangolin · 30 kg · location unknown,,,3,0.00025
case:d27ff8e34118,Case,Seizure · Wildlife (unspecified) · Vista,,,3,0.00055
location:vista,Location,Vista,33.2,-117.2425,2,0.00012
outlet:portal_de_revistas_del_poder_judicial,Outlet,PORTAL DE REVISTAS DEL PODER JUDICIAL,,,2,0.0
case:53ec71f5f327,Case,Seizure · Wildlife (unspecified) · Salvador,,,3,0.00061
case:a3bda54277df,Case,Seizure · Wildlife (unspecified) · location unknown,,,3,0.00017
case:70d1199801ae,Case,Seizure · Wildlife (unspecified) · Waterloo,,,3,0.00434
location:waterloo,Location,Waterloo,43.4668,-80.5164,2,0.00367
location:ontario,Location,Ontario,,,1,0.0
outlet:university_of_waterloo,Outlet,University of Waterloo,,,1,0.0
case:dd0feac69440,Case,Seizure · Wildlife (unspecified) · Juiz de Fora,,,4,0.00559
outlet:divinews,Outlet,DiviNews,,,1,0.0
case:bf84786f5ecc,Case,Seizure · Wildlife (unspecified) · location unknown,,,2,0.00068
case:d2eff58fcd98,Case,Rescue · Parrots & songbirds · São Luís,,,3,0.00057
location:são_luís,Location,São Luís,-2.5297,-44.3028,2,2e-05
outlet:ministério_público_do_estado_do_maranhão,Outlet,Ministério Público do Estado do Maranhão,,,1,0.0
case:f2598dd58225,Case,Arrest · Elephant (ivory) · Mozambique,,,3,0.00138
location:mozambique,Location,Mozambique,-18.67,35.53,2,4e-05
case:49d9b50d0913,Case,Rescue · Turtles & tortoises · location unknown,,,2,0.00019
outlet:folha_de_s.paulo,Outlet,Folha de S.Paulo,,,2,0.0009
case:0291bee370c7,Case,Seizure · Parrots & songbirds · location unknown,,,2,0.00091
case:8aa965c398b9,Case,Seizure · Pangolin · Rājkot,,,3,0.00056
location:rājkot,Location,Rājkot,22.2916,70.7932,2,5e-05
outlet:gujaratsamachar_english,Outlet,GujaratSamachar English,,,1,0.0
case:e5b15c70bdb5,Case,Seizure · Pangolin · location unknown,,,3,0.00191
case:b20b5e2b160f,Case,Arrest · Monitor lizard · location unknown,,,2,0.00088
case:01cea3f88d96,Case,Seizure · Wildlife (unspecified) · location unknown,,,2,0.00017
case:2a6e8120b2d1,Case,Seizure · Wildlife (unspecified) · Chhatrapati Shivaji,,,4,0.00418
case:401af2df980d,Case,Rescue · Turtles & tortoises · location unknown,,,2,0.00011
outlet:cnn_brasil,Outlet,CNN Brasil,,,4,0.00025
case:3aa165c0eb21,Case,Seizure · Hornbills · Batam,,,3,0.00047
location:batam,Location,Batam,1.1494,104.0249,2,0.00013
case:a40080136a84,Case,"Seizure · Elephant (ivory), Rhinoceros · Los Angeles",,,7,0.00214
outlet:california_department_of_fish_and_wildlife_(.gov),Outlet,California Department of Fish and Wildlife (.gov),,,1,0.0
outlet:nbc_los_angeles,Outlet,NBC Los Angeles,,,1,0.0
outlet:krcr,Outlet,KRCR,,,1,0.0
case:f2a62961e0cf,Case,Seizure · Primates · Camaçari,,,3,0.00046
location:camaçari,Location,Camaçari,-12.6975,-38.3242,2,5e-05
case:333bb92573e1,Case,Seizure · Turtles & tortoises · Molina de Segura,,,3,0.00102
location:molina_de_segura,Location,Molina de Segura,38.0546,-1.2076,2,0.00034
location:murcia,Location,Murcia,,,1,0.0
outlet:laverdad.es,Outlet,laverdad.es,,,1,0.0
case:6fb94bfbb99e,Case,Conviction · Elephant (ivory) · Kenya,,,4,0.00637
outlet:kenya_news_agency,Outlet,Kenya News Agency,,,1,0.0
case:98994072beb5,Case,Seizure · Wildlife (unspecified) · Tanzania,,,4,0.00079
outlet:thecitizen.co.tz,Outlet,thecitizen.co.tz,,,1,0.0
case:6fcece29205d,Case,Rescue · Parrots & songbirds · Tocantins,,,3,0.00047
outlet:jornalprimeirapaginato.com,Outlet,jornalprimeirapaginato.com,,,1,0.0
case:19b16ac387da,Case,Rescue · Parrots & songbirds · Nova Friburgo,,,3,0.00035
location:nova_friburgo,Location,Nova Friburgo,-22.2819,-42.5311,2,2e-05
case:7a4d3287695e,Case,Seizure · Wildlife (unspecified) · Guarulhos,,,3,0.00125
location:guarulhos,Location,Guarulhos,-23.43,-46.47,3,0.00071
outlet:o_livre,Outlet,O Livre,,,1,0.0
case:cb8217259824,Case,Seizure · Elephant (ivory) · location unknown,,,2,0.00017
outlet:courthouse_news,Outlet,Courthouse News,,,2,0.0
case:45a2b15821e8,Case,Seizure · Wildlife (unspecified) · India,,,3,0.00199
outlet:india_data_map,Outlet,India Data Map,,,1,0.0
case:20f45b74a5cf,Case,"Seizure · Sharks, rays & sea cucumbers · 59 kg · Ubatuba",,,5,0.00208
location:ubatuba,Location,Ubatuba,-23.4339,-45.0711,2,0.00093
outlet:tamoios_news,Outlet,Tamoios News,,,1,0.0
commodity:shark_ray-kg,Commodity,"Sharks, rays & sea cucumbers – kg",,,9,0.0005
case:a78bd83dac2e,Case,Seizure · Parrots & songbirds · Areia Branca,,,3,0.00059
location:areia_branca,Location,Areia Branca,-4.9561,-37.1369,2,2e-05
outlet:prefeitura_de_belford_roxo,Outlet,Prefeitura de Belford Roxo,,,1,0.0
case:1c95d9cd8edf,Case,Seizure · Abalone · location unknown,,,2,0.00034
outlet:daily_dispatch,Outlet,Daily Dispatch,,,1,0.0
case:f66c154bca71,Case,Seizure · Wildlife (unspecified) · location unknown,,,3,0.00103
case:ef60531ec15f,Case,Seizure · Pangolin · 224.74 kg · location unknown,,,4,0.00057
agency:ssb,Agency,SSB,,,1,0.0
case:48556d7c4c47,Case,Arrest · Tiger · location unknown,,,2,4e-05
case:cbc972ac601a,Case,Seizure · Wildlife (unspecified) · location unknown,,,2,0.00168
case:5f676631449c,Case,Seizure · Wildlife (unspecified) · location unknown,,,2,0.00168
case:28f52b199372,Case,"Seizure · Red sanders, Sandalwood · 10 tonnes · Delhi",,,9,0.00529
commodity:red_sanders-tonnes,Commodity,Red sanders – tonnes,,,3,1e-05
commodity:sandalwood-tonnes,Commodity,Sandalwood – tonnes,,,3,1e-05
case:ca056d978827,Case,"Seizure · Red sanders, Sandalwood · 10 tonnes · Tirupati",,,6,0.00028
case:125cdc16485f,Case,Seizure · Wildlife (unspecified) · location unknown,,,2,0.00034
outlet:ipam_amazônia,Outlet,IPAM Amazônia,,,1,0.0
case:f699be0d563b,Case,Seizure · Rosewood & timber · location unknown,,,2,0.00034
outlet:agência_marinha_de_notícias,Outlet,Agência Marinha de Notícias,,,1,0.0
case:c7ce3049d62b,Case,Arrest · Wildlife (unspecified) · location unknown,,,3,0.00884
outlet:department_of_community_safety_and_transport_management,Outlet,Department of Community Safety and Transport Management,,,1,0.0
case:754fa85be77a,Case,Seizure · Pangolin · 6.5 kg · Hanamkonda,,,7,0.00352
location:hanamkonda,Location,Hanamkonda,17.9995,79.5813,2,0.00011
case:3f98404c8827,Case,Seizure · Elephant (ivory) · Malawi,,,3,0.00027
case:71b09668df36,Case,Seizure · Wildlife (unspecified) · Bogotá,,,3,0.00063
outlet:bogota.gov.co,Outlet,Bogota.gov.co,,,2,5e-05
case:0f3dcb97d98c,Case,Rescue · Turtles & tortoises · location unknown,,,2,0.00237
case:7ec05264bb66,Case,Seizure · Wildlife (unspecified) · location unknown,,,2,0.00015
case:d9e47bc83a24,Case,Rescue · Parrots & songbirds · Bānda,,,3,0.00117
case:6fec62d8929a,Case,Rescue · Cheetah · location unknown,,,2,0.00034
species:cheetah,Species,Cheetah,,,1,0.0
case:b33926a80d49,Case,Seizure · Wildlife (unspecified) · location unknown,,,3,0.00355
case:2c104568434f,Case,Seizure · Wildlife (unspecified) · Philippines,,,5,0.00552
case:ce31ab00d4e7,Case,Seizure · Hornbills · Sarangani,,,3,0.00102
location:sarangani,Location,Sarangani,5.4033,125.4636,2,0.00034
location:davao_region,Location,Davao Region,,,1,0.0
outlet:mindanews,Outlet,MindaNews,,,1,0.0
case:2587d37f1648,Case,Arrest · Wildlife (unspecified) · location unknown,,,2,0.00168
case:eb3f49e077d3,Case,Seizure · Wildlife (unspecified) · location unknown,,,3,0.00225
case:73542fda5f4a,Case,Seizure · Wildlife (unspecified) · Regeneração,,,3,0.00063
location:regeneração,Location,Regeneração,-6.2312,-42.6869,2,0.00014
case:0eca4c3e0ee0,Case,Seizure · Monitor lizard · Hyderabad,,,5,0.00445
location:hyderabad,Location,Hyderabad,17.39,78.49,2,0.00014
case:979288531821,Case,Seizure · Tiger · Guwahati,,,3,0.0001
case:6102d0caba47,Case,Seizure · Parrots & songbirds · Itapira,,,3,0.00049
location:itapira,Location,Itapira,-22.4361,-46.8217,2,1e-05
outlet:prefeitura_municipal_de_itapira-sp,Outlet,Prefeitura Municipal de Itapira-SP,,,1,0.0
case:feb7e84d23ab,Case,Seizure · Eels · location unknown,,,3,0.00039
outlet:europol,Outlet,Europol,,,2,1e-05
case:c54694b669f8,Case,"Seizure · Sharks, rays & sea cucumbers · location unknown",,,2,0.00629
case:3227f3f1203e,Case,Seizure · Red sanders · location unknown,,,2,3e-05
case:89b7d3809163,Case,Seizure · Wildlife (unspecified) · Ceilândia,,,3,0.00224
location:ceilândia,Location,Ceilândia,-15.8091,-48.131,3,0.00148
case:ee6ed15d4df6,Case,Rescue · Wildlife (unspecified) · Cárdenas,,,3,0.00221
location:cárdenas,Location,Cárdenas,18.0013,-93.3756,2,0.00034
location:tabasco,Location,Tabasco,,,1,0.0
case:ee83b5e86a4a,Case,Seizure · Wildlife (unspecified) · Kuala Lumpur,,,4,0.00221
case:cd2ae3f5242c,Case,Seizure · Wildlife (unspecified) · location unknown,,,2,4e-05
case:ded487436f34,Case,Seizure · Leopard · Mumbai,,,3,6e-05
case:4abbbacd73c4,Case,Seizure · Sandalwood · 5 tonnes · location unknown,,,4,0.0013
case:7cbed3890e8a,Case,"Seizure · Red sanders, Sandalwood · 4000 kg · Maharashtra",,,7,0.00191
case:86c6f371b330,Case,Seizure · Wildlife (unspecified) · Patna,,,4,0.00408
case:edc3da156591,Case,Seizure · Wildlife (unspecified) · Brazil,,,3,0.00055
outlet:wild_beim_wild,Outlet,Wild beim Wild,,,1,0.0
case:d8627664a9b4,Case,Seizure · Primates · Gama,,,3,0.00179
case:5197f2cd80be,Case,Seizure · Turtles & tortoises · Brazil,,,3,0.00077
outlet:asharq_al-awsat_english,Outlet,ASHARQ AL-AWSAT English,,,1,0.0
case:bcba2a5f36a2,Case,Rescue · Turtles & tortoises · location unknown,,,2,0.00029
case:540d8a82ccad,Case,Seizure · Wildlife (unspecified) · location unknown,,,2,0.00367
outlet:meio_news,Outlet,Meio News,,,1,0.0
case:4df47a4f549f,Case,Arrest · Pangolin · 1.18 kilogram · location unknown,,,4,0.00495
case:754d6815487b,Case,Seizure · Turtles & tortoises · location unknown,,,2,0.00017
case:94e4a1de4953,Case,Seizure · Bears · Washington,,,4,0.00069
location:district_of_columbia,Location,District of Columbia,,,1,0.0
outlet:washington_state_standard,Outlet,Washington State Standard,,,1,0.0
outlet:krem,Outlet,KREM,,,1,0.0
case:e6b7db65c15e,Case,"Conviction · Elephant (ivory), Rhinoceros · Kenya",,,5,0.00537
outlet:reuters.com,Outlet,reuters.com,,,1,0.0
outlet:citizen_digital,Outlet,Citizen Digital,,,1,0.0
case:dee1faa8c792,Case,Seizure · Wildlife (unspecified) · Rio de Janeiro,,,13,0.01209
outlet:cnnbrasil.com.br,Outlet,cnnbrasil.com.br,,,2,0.0003
outlet:portal_multiplix,Outlet,Portal Multiplix,,,1,0.0
outlet:nova_friburgo_em_foco,Outlet,Nova Friburgo em Foco,,,1,0.0
outlet:jornaldaregiao.com,Outlet,jornaldaregiao.com,,,1,0.0
outlet:contilnet,Outlet,ContilNet,,,1,0.0
outlet:crmv-rj,Outlet,CRMV-RJ,,,1,0.0
case:01fbdb4231ce,Case,Conviction · Wildlife (unspecified) · Washington,,,3,0.00363
outlet:washington_department_of_fish_and_wildlife_(.gov),Outlet,Washington Department of Fish and Wildlife (.gov),,,1,0.0
case:a64a49a75386,Case,Arrest · Abalone · Worcester,,,3,0.00064
location:worcester,Location,Worcester,42.2626,-71.8023,3,0.00034
location:massachusetts,Location,Massachusetts,,,1,0.0
case:883ad05c78de,Case,Seizure · Wildlife (unspecified) · Tehran,,,3,0.00068
location:tehran,Location,Tehran,35.6944,51.4215,1,0.0
outlet:tehran_times,Outlet,Tehran Times,,,1,0.0
case:96a2ed904028,Case,Rescue · Turtles & tortoises · Jundiaí,,,3,0.00336
location:jundiaí,Location,Jundiaí,-23.1864,-46.8842,2,0.00072
case:76927b9c4853,Case,Seizure · Turtles & tortoises · 187 tortoises · Suvarnabhumi,,,5,0.00265
case:cd766eb26a3f,Case,Arrest · Pangolin · Mozambique,,,3,0.00253
case:0f4a873f43ed,Case,Rescue · Parrots & songbirds · São Paulo,,,3,0.0019
case:4ad1fba94c11,Case,Arrest · Wildlife (unspecified) · location unknown,,,2,0.00034
outlet:gazeta_do_cerrado,Outlet,Gazeta do Cerrado,,,1,0.0
case:bbd81201e924,Case,Seizure · Red sanders · 36 logs · location unknown,,,3,3e-05
case:490efbf83f91,Case,Seizure · Wildlife (unspecified) · location unknown,,,2,0.001
case:2c87ea783ad1,Case,Arrest · Pangolin · location unknown,,,3,0.00068
agency:gakkum,Agency,Gakkum,,,1,0.0
outlet:gakkum_kehutanan,Outlet,Gakkum Kehutanan,,,1,0.0
case:1fb3b277f299,Case,Seizure · Rhinoceros · Bangkok,,,4,0.00176
case:050e106a6c77,Case,Seizure · Turtles & tortoises · location unknown,,,2,0.00017
outlet:ica,Outlet,ICA,,,2,0.00011
case:ebf1537af2c1,Case,"Seizure · Elephant (ivory), Pangolin · 12.7 tonnes · Singapore",,,7,0.00778
case:600913930821,Case,Seizure · Primates · location unknown,,,2,0.00034
outlet:universitas_gadjah_mada,Outlet,Universitas Gadjah Mada,,,1,0.0
case:a3720171b60f,Case,Arrest · Wildlife (unspecified) · Salvador,,,7,0.00448
outlet:instagram.com,Outlet,instagram.com,,,1,0.0
case:18dcd57d495c,Case,Seizure · Wildlife (unspecified) · Calabar,,,4,0.00599
location:calabar,Location,Calabar,4.9589,8.327,2,0.00034
location:cross_river_state,Location,Cross River State,,,1,0.0
outlet:ripples_nigeria,Outlet,Ripples Nigeria,,,1,0.0
case:bea249fc4d99,Case,Seizure · Wildlife (unspecified) · location unknown,,,3,0.00017
case:c3fe672d2014,Case,Seizure · Wildlife (unspecified) · location unknown,,,2,0.00034
outlet:ketv,Outlet,KETV,,,1,0.0
case:252d239ccad9,Case,Seizure · Red sanders · Tamil Nadu,,,3,0.00017
case:2586cb37dac8,Case,Arrest · Elephant (ivory) · location unknown,,,2,0.00012
case:511b96869dc4,Case,Seizure · Rosewood & timber · location unknown,,,4,0.00181
outlet:jamildo,Outlet,Jamildo,,,1,0.0
outlet:studio.tv.br,Outlet,studio.tv.br,,,1,0.0
case:4d849dbc58b4,Case,Rescue · Wildlife (unspecified) · location unknown,,,2,0.00034
outlet:portalunico.com,Outlet,portalunico.com,,,1,0.0
case:95a6e03c26b0,Case,Seizure · Jaguar · Buenos Aires,,,3,0.00609
outlet:h2foz.com.br,Outlet,h2foz.com.br,,,1,0.0
case:c2b3e3f5757a,Case,"Seizure · Parrots & songbirds, Turtles & tortoises · Vila Velha",,,4,0.01103
case:ff03fda1c5aa,Case,"Conviction · Elephant (ivory), Rhinoceros · location unknown",,,3,0.00081
outlet:daily_nation,Outlet,Daily Nation,,,1,0.0
case:2a989f48270e,Case,Seizure · Leopard · Nuapada,,,3,1e-05
case:e2bece9c3513,Case,Arrest · Abalone · Worcester,,,3,0.00063
outlet:cape_times,Outlet,Cape Times,,,1,0.0
case:7f553e8a18f7,Case,Seizure · Pangolin · Nigeria,,,3,0.00042
case:8d013f2249d2,Case,"Seizure · Sharks, rays & sea cucumbers · 24 kg · location unknown",,,4,0.00693
case:1c7126c6158e,Case,"Seizure · Sharks, rays & sea cucumbers · location unknown",,,3,0.00819
case:719dfb93e1ff,Case,Seizure · Rosewood & timber · location unknown,,,2,0.00113
case:b8657ef2c8ab,Case,Seizure · Turtles & tortoises · location unknown,,,2,0.00034
outlet:mi_diario,Outlet,Mi Diario,,,1,0.0
case:0e706cb2b2d2,Case,Seizure · Rhinoceros · location unknown,,,2,0.00034
outlet:save_the_rhino_international,Outlet,Save the Rhino International,,,1,0.0
case:14525d032f56,Case,Seizure · Primates · location unknown,,,2,0.00018
case:0531f9b51143,Case,Seizure · Rhinoceros · location unknown,,,2,0.00017
case:8e0cb03e2123,Case,"Seizure · Sharks, rays & sea cucumbers · 8000 kg · location unknown",,,4,0.00516
case:956b5fec3b87,Case,Seizure · Turtles & tortoises · location unknown,,,2,0.00034
outlet:revistacenarium.com.br,Outlet,revistacenarium.com.br,,,1,0.0
case:de8acc730d6d,Case,Seizure · Elephant (ivory) · Porto,,,3,0.0005
location:porto,Location,Porto,41.1485,-8.611,1,0.0
outlet:integrity_magazine,Outlet,Integrity Magazine,,,2,0.0
case:93857dd965a6,Case,"Arrest · Red sanders, Sandalwood · Kadapa",,,4,0.00019
case:c142850a205d,Case,Rescue · Parrots & songbirds · Ceilândia,,,3,0.00016
case:b603e115d258,Case,Rescue · Wildlife (unspecified) · 150 nos · Novo Hamburgo,,,4,0.00411
commodity:wildlife_general-nos,Commodity,Wildlife (unspecified) – nos,,,1,0.0
case:8187b22a6172,Case,Seizure · Turtles & tortoises · location unknown,,,2,0.00017
outlet:douanes,Outlet,Douanes,,,2,0.00011
case:ff36f0c03391,Case,Seizure · Turtles & tortoises · 30 tortoises · location unknown,,,4,0.00282
case:e375e4b6d87a,Case,Seizure · Elephant (ivory) · Valencia,,,3,0.00434
location:valencia,Location,Valencia,10.1615,-68.0004,2,0.00367
location:carabobo,Location,Carabobo,,,1,0.0
outlet:elperiodic.com,Outlet,elperiodic.com,,,1,0.0
case:285d87797f93,Case,"Seizure · Sharks, rays & sea cucumbers · location unknown",,,3,0.00086
outlet:cw+,Outlet,CW+,,,1,0.0
case:3cf470bbc276,Case,"Seizure · Sharks, rays & sea cucumbers · location unknown",,,2,0.00367
outlet:elpais.com.co,Outlet,elpais.com.co,,,1,0.0
case:887fa5a9365b,Case,Seizure · Wildlife (unspecified) · location unknown,,,2,0.00013
case:cf0eb7fd0bf8,Case,Seizure · Leopard · 3 skins · Odisha,,,4,7e-05
case:0c9967ead6e8,Case,Rescue · Parrots & songbirds · Itapoã,,,3,0.00157
case:0e136c162e1c,Case,Rescue · Wildlife (unspecified) · Oriximiná,,,3,0.00118
location:oriximiná,Location,Oriximiná,-1.7656,-55.8661,2,0.00052
outlet:prefeitura_municipal_oriximiná,Outlet,Prefeitura Municipal Oriximiná,,,1,0.0
case:0cddb044adef,Case,"Seizure · Red sanders, Sandalwood · location unknown",,,3,0.0005
case:efbe0abe046a,Case,Arrest · Parrots & songbirds · location unknown,,,2,0.00013
case:0c90f7e55834,Case,Rescue · Wildlife (unspecified) · Fortaleza,,,3,0.00216
outlet:prefeitura_de_fortaleza,Outlet,Prefeitura de Fortaleza,,,2,0.0
case:7b9498e3930c,Case,Rescue · Parrots & songbirds · Campo Grande,,,3,0.00054
outlet:diariodigital.com.br,Outlet,diariodigital.com.br,,,1,0.0
case:6289ee664837,Case,Seizure · Abalone · location unknown,,,2,0.00039
case:5c39455ff96d,Case,Seizure · Wildlife (unspecified) · location unknown,,,2,0.00017
case:c7ffc342ff0c,Case,Arrest · Pangolin · Indonesia,,,4,0.00085
outlet:media_indonesia,Outlet,Media Indonesia,,,1,0.0
case:f7b5e65d12be,Case,Seizure · Elephant (ivory) · location unknown,,,3,0.00183
case:d3474bdb2898,Case,Seizure · Pangolin · 2.8 tonne · Asia,,,4,0.00071
commodity:pangolin-tonne,Commodity,Pangolin – tonne,,,1,0.0
case:e04b5f0bc73e,Case,Seizure · Eels · location unknown,,,2,0.00068
case:324ad1c75588,Case,Seizure · Rosewood & timber · Anapu,,,3,0.00151
location:anapu,Location,Anapu,-3.4722,-51.1978,2,4e-05
case:b5a19d5a9fd8,Case,"Seizure · Sharks, rays & sea cucumbers · Ensenada",,,3,0.00057
location:ensenada,Location,Ensenada,31.8715,-116.6007,3,0.00068
location:baja_california,Location,Baja California,,,1,0.0
outlet:bigfish.mx,Outlet,bigfish.mx,,,1,0.0
case:ea110d8b1513,Case,Seizure · Wildlife (unspecified) · Chennai,,,4,0.00413
case:4ed59f24a6e8,Case,Arrest · Elephant (ivory) · location unknown,,,2,0.00069
case:684ff913921a,Case,"Seizure · Elephant (ivory), Pangolin · location unknown",,,3,0.00194
case:f137a4cff407,Case,Rescue · Turtles & tortoises · Cabo Frio,,,3,0.00076
location:cabo_frio,Location,Cabo Frio,-22.8872,-42.0262,2,0.00035
outlet:prefeitura_de_cabo_frio,Outlet,Prefeitura de Cabo Frio,,,1,0.0
case:64116f7388cb,Case,"Seizure · Sharks, rays & sea cucumbers · 2433 kilos · Shanghai",,,4,0.00072
location:shanghai,Location,Shanghai,31.2222,121.4581,1,0.0
outlet:vértigo_político,Outlet,Vértigo Político,,,1,0.0
case:95e2a1200384,Case,Rescue · Parrots & songbirds · location unknown,,,2,0.00017
case:30c770e33b71,Case,Seizure · Wildlife (unspecified) · location unknown,,,3,0.004
agency:wildlife_justice_commission,Agency,Wildlife Justice Commission,,,1,0.0
outlet:กรมสอบสวนคดีพิเศษ,Outlet,กรมสอบสวนคดีพิเศษ,,,1,0.0
case:3c5f3b8b5043,Case,Rescue · Parrots & songbirds · Machadinho d'Oeste,,,3,0.00044
location:machadinho_d'oeste,Location,Machadinho d'Oeste,-9.4439,-61.9814,2,4e-05
case:060c77d264a4,Case,Seizure · Red sanders · Dubai,,,3,0.0003
case:b0f888e82b44,Case,Seizure · Red sanders · Chennai,,,3,0.00011
case:01aa22b36311,Case,Seizure · Red sanders · location unknown,,,2,0.00029
case:2cca1910b622,Case,Seizure · Rosewood & timber · location unknown,,,2,0.00034
outlet:aquinoticias.mx,Outlet,Aquinoticias.mx,,,1,0.0
case:19702415b86e,Case,Seizure · Rosewood & timber · Mazagão,,,4,0.00181
outlet:a_gazeta_do_amapá,Outlet,A Gazeta do Amapá,,,1,0.0
case:103fc297f09d,Case,Seizure · Primates · Thailand,,,3,0.00081
case:6970f177789e,Case,Seizure · Pangolin · location unknown,,,3,0.00141
case:3a71263176bf,Case,Seizure · Elephant (ivory) · location unknown,,,2,0.00034
outlet:voronoi_by_visual_capitalist,Outlet,Voronoi by Visual Capitalist,,,1,0.0
case:b9415d92e219,Case,"Seizure · Sharks, rays & sea cucumbers · Suvarnabhumi",,,4,0.00441
case:255323776025,Case,Seizure · Wildlife (unspecified) · location unknown,,,2,0.00034
outlet:latribuna.hn,Outlet,latribuna.hn,,,1,0.0
case:7f88595ae7aa,Case,"Seizure · Elephant (ivory), Leopard · 2 skins · Nagpur",,,7,0.00268
commodity:elephant-skins,Commodity,Elephant (ivory) – skins,,,1,0.0
case:857b4df00642,Case,Seizure · Agarwood (oud) · Limbang,,,4,0.00468
location:limbang,Location,Limbang,4.7548,115.0101,2,0.00034
location:sarawak,Location,Sarawak,,,1,0.0
outlet:sarawak_tribune,Outlet,Sarawak Tribune,,,1,0.0
outlet:dayakdaily,Outlet,DayakDaily,,,1,0.0
case:3e6a7bd6ba97,Case,"Seizure · Sharks, rays & sea cucumbers · Kalimantan",,,3,0.00053
case:2c31f620e68c,Case,"Seizure · Sharks, rays & sea cucumbers · Thailand",,,3,0.00417
outlet:bangkokpost.com,Outlet,bangkokpost.com,,,1,0.0
case:19c078e9cfa3,Case,"Seizure · Elephant (ivory), Pangolin · location unknown",,,3,0.00168
case:5e9fbc536765,Case,Seizure · Parrots & songbirds · location unknown,,,2,0.00367
outlet:the_mercury_news,Outlet,The Mercury News,,,1,0.0
case:4dd6aaf2c61a,Case,Arrest · Parrots & songbirds · 34 parakeets · Roorkee,,,4,0.00071
location:roorkee,Location,Roorkee,29.8663,77.8912,2,0.0002
outlet:petaindia.com,Outlet,petaindia.com,,,1,0.0
case:d7dfd19567f3,Case,Seizure · Rosewood & timber · location unknown,,,2,0.00034
outlet:romanews.com.br,Outlet,romanews.com.br,,,1,0.0
case:690d07a3ba25,Case,Seizure · Pangolin · 4 tons · location unknown,,,3,0.00026
case:2ea84501921e,Case,"Arrest · Pangolin, Rhinoceros · Badak",,,5,0.00646
location:badak,Location,Badak,6.8472,124.7206,3,0.00038
location:autonomous_region_in_muslim_mindanao,Location,Autonomous Region in Muslim Mindanao,,,1,0.0
outlet:ungkap.co.id,Outlet,ungkap.co.id,,,1,0.0
case:92f72693f46b,Case,Seizure · Tokay gecko · 11 geckos · Dibrugarh,,,5,0.00044
location:dibrugarh,Location,Dibrugarh,27.4799,94.9084,2,1e-05
case:ef6a94a71e9c,Case,Seizure · Wildlife (unspecified) · Caldas,,,3,0.00088
location:caldas,Location,Caldas,6.0911,-75.6357,2,0.00034
location:antioquia,Location,Antioquia,,,1,0.0
case:533619e4e7ce,Case,Seizure · Pangolin · location unknown,,,2,0.00016
case:b2751149b85a,Case,Seizure · Wildlife (unspecified) · location unknown,,,2,0.00367
outlet:cali.gov.co,Outlet,cali.gov.co,,,1,0.0
case:8f3905e62d10,Case,Seizure · Wildlife (unspecified) · Cali,,,3,0.00102
location:cali,Location,Cali,3.4305,-76.5199,2,0.00034
location:valle_del_cauca_department,Location,Valle del Cauca Department,,,1,0.0
outlet:diario_occidente,Outlet,Diario Occidente,,,1,0.0
case:a1439e6eba49,Case,Rescue · Parrots & songbirds · Presidente Médici,,,3,0.0002
case:5089ebf31be8,Case,Rescue · Wildlife (unspecified) · Fortaleza,,,3,0.00216
case:02a209780e2c,Case,Seizure · Wildlife (unspecified) · location unknown,,,2,0.00066
case:9f0e0886ef74,Case,"Seizure · Sharks, rays & sea cucumbers · location unknown",,,2,0.00027
case:32bddb509dd1,Case,Seizure · Parrots & songbirds · Guarulhos,,,3,0.00044
outlet:click_guarulhos,Outlet,Click Guarulhos,,,1,0.0
case:af6b8b475756,Case,Seizure · Hornbills · Sukabumi,,,3,0.00073
location:sukabumi,Location,Sukabumi,-6.9181,106.9267,2,0.00012
outlet:antara_news_jawa_barat,Outlet,ANTARA News Jawa Barat,,,1,0.0
case:55190d54f00e,Case,Seizure · Wildlife (unspecified) · location unknown,,,2,0.00034
outlet:detsi.qld.gov.au,Outlet,detsi.qld.gov.au,,,1,0.0
case:661ea9b423c3,Case,Seizure · Totoaba (swim bladder) · location unknown,,,2,0.00034
outlet:sea_shepherd_conservation_society,Outlet,Sea Shepherd Conservation Society,,,1,0.0
case:5f14f2abe12a,Case,Seizure · Abalone · location unknown,,,2,5e-05
case:3f32b70aed54,Case,Rescue · Parrots & songbirds · Volta Redonda,,,3,0.00049
location:volta_redonda,Location,Volta Redonda,-22.5231,-44.1042,2,0.00018
outlet:prefeitura_de_volta_redonda,Outlet,Prefeitura de Volta Redonda,,,1,0.0
case:16f024ae970e,Case,"Seizure · Sharks, rays & sea cucumbers · location unknown",,,2,0.00627
case:6f2790778b8a,Case,Seizure · Wildlife (unspecified) · location unknown,,,2,0.0002
case:6f566e1454ed,Case,Seizure · Rosewood & timber · Puebla,,,3,0.00026
case:10006de7bc7c,Case,Seizure · Wildlife (unspecified) · location unknown,,,2,0.00034
outlet:noticias_625,Outlet,Noticias 625,,,1,0.0
case:a98d32cb5303,Case,Seizure · Wildlife (unspecified) · location unknown,,,2,0.00031
case:6d4fa2c94b02,Case,Seizure · Turtles & tortoises · Bogotá,,,3,0.00038
case:e9c2ec0ce443,Case,Seizure · Wildlife (unspecified) · location unknown,,,2,0.00154
case:ddc8b6665d91,Case,Rescue · Parrots & songbirds · location unknown,,,2,0.00034
outlet:cidadeverde.com,Outlet,CidadeVerde.com,,,1,0.0
case:6042cd92d641,Case,Seizure · Pangolin · China,,,3,0.00054
case:1457e5301cb6,Case,Rescue · Parrots & songbirds · Guaratinguetá,,,3,0.00074
location:guaratinguetá,Location,Guaratinguetá,-22.8164,-45.1925,2,2e-05
case:d1367c4b3b6a,Case,"Seizure · Red sanders, Sandalwood · Kalyān",,,5,0.00137
case:456b594051bd,Case,Seizure · Red sanders · Annamayya,,,3,0.0004
location:annamayya,Location,Annamayya,13.9095,78.6482,2,0.0
case:25c782864a3e,Case,"Seizure · Red sanders, Sandalwood · India",,,4,0.00067
case:6483ae50a15e,Case,Seizure · Parrots & songbirds · Conselheiro Lafaiete,,,3,0.00056
location:conselheiro_lafaiete,Location,Conselheiro Lafaiete,-20.6603,-43.7861,2,3e-05
outlet:prefeitura_municipal_de_conselheiro_lafaiete,Outlet,Prefeitura Municipal de Conselheiro Lafaiete,,,1,0.0
case:47abde080be7,Case,Seizure · Agarwood (oud) · location unknown,,,4,0.00153
case:2adf6928d8d8,Case,Arrest · Abalone · location unknown,,,2,5e-05
case:05d9226826f4,Case,Seizure · Red sanders · Dubai,,,3,0.00021
case:b195882b04b6,Case,"Seizure · Elephant (ivory), Rhinoceros · Doha",,,4,0.00149
location:doha,Location,Doha,25.2855,51.531,2,0.00034
location:baladiyat_ad_dawhah,Location,Baladiyat ad Dawhah,,,1,0.0
outlet:doha_news,Outlet,Doha News,,,1,0.0
case:18c3e55ac1b1,Case,"Seizure · Elephant (ivory), Rhinoceros · location unknown",,,3,0.00081
outlet:gulf_times,Outlet,Gulf Times,,,1,0.0
case:565584b8acc2,Case,"Seizure · Elephant (ivory), Rhinoceros · 120 horns · Qatar",,,7,0.00864
outlet:the_peninsula_qatar,Outlet,The Peninsula Qatar,,,1,0.0
commodity:elephant-horns,Commodity,Elephant (ivory) – horns,,,1,0.0
case:e1990464d5ed,Case,"Rescue · Parrots & songbirds, Owls · Santiago del Estero",,,4,0.00425
location:santiago_del_estero,Location,Santiago del Estero,-27.8005,-64.2629,1,0.0
outlet:gobierno_de_la_provincia_de_santiago_del_estero,Outlet,Gobierno de la Provincia de Santiago del Estero,,,1,0.0
case:171e3ee778cf,Case,Seizure · Leopard · location unknown,,,3,0.00013
case:b98967549b0e,Case,Seizure · Rosewood & timber · Rorainópolis,,,3,0.00081
location:rorainópolis,Location,Rorainópolis,0.9461,-60.4181,2,0.00014
outlet:roraima1.com.br,Outlet,roraima1.com.br,,,1,0.0
case:faaa7c734883,Case,Seizure · Turtles & tortoises · El Dorado,,,3,0.00102
location:el_dorado,Location,El Dorado,33.2076,-92.6663,2,0.00034
location:arkansas,Location,Arkansas,,,1,0.0
outlet:elespectador.com,Outlet,elespectador.com,,,1,0.0
case:4ff474cdacd8,Case,"Seizure · Sharks, rays & sea cucumbers · 80 kg · Ambon",,,4,0.00125
location:ambon,Location,Ambon,-3.6958,128.1833,2,0.00034
location:maluku,Location,Maluku,,,1,0.0
case:36e39a307e8a,Case,Seizure · Elephant (ivory) · Miami,,,3,0.00085
location:miami,Location,Miami,25.7743,-80.1937,2,0.00034
location:florida,Location,Florida,,,1,0.0
case:7efb5310e99a,Case,Seizure · Rhinoceros · 2 horns · Delhi,,,5,0.00303
case:678c40f5ea49,Case,"Seizure · Sharks, rays & sea cucumbers · 200 kg · location unknown",,,3,0.00024
case:676817645bfb,Case,Seizure · Wildlife (unspecified) · Curitiba,,,3,0.00111
location:curitiba,Location,Curitiba,-25.4278,-49.2731,2,0.00057
outlet:prefeitura_de_curitiba,Outlet,Prefeitura de Curitiba,,,1,0.0
case:cbbefb2474e0,Case,Seizure · Red sanders · Tirumala,,,3,0.0002
location:tirumala,Location,Tirumala,13.6833,79.35,2,0.0
case:6172cf556549,Case,Seizure · Abalone · location unknown,,,2,0.00043
case:982d991d5779,Case,Seizure · Rhinoceros · Homa Bay,,,4,0.0008
location:homa_bay,Location,Homa Bay,-0.5273,34.4571,2,0.00034
location:homa_bay_county,Location,Homa Bay County,,,1,0.0
outlet:dci.go.ke,Outlet,dci.go.ke,,,3,2e-05
case:091f0481ab21,Case,Seizure · Pangolin · 2 tons · location unknown,,,3,0.00026
case:93731dd59003,Case,Seizure · Tiger · Odisha,,,3,0.00011
case:de39bda3a654,Case,Arrest · Pangolin · 30 kilogram · location unknown,,,3,0.00067
outlet:mongabay.co.id,Outlet,Mongabay.co.id,,,2,0.0
case:5f7fd6030129,Case,Seizure · Red sanders · 151 logs · Gujarat,,,5,0.00075
case:f3e7c0b59754,Case,Seizure · Wildlife (unspecified) · location unknown,,,2,0.00013
case:ffae3b149ae7,Case,Seizure · Tiger · Guwahati,,,3,7e-05
case:9f84b7555e5c,Case,Seizure · Red sanders · location unknown,,,2,9e-05
case:b3a59c249390,Case,Rescue · Turtles & tortoises · location unknown,,,2,0.00034
outlet:news.un.org,Outlet,news.un.org,,,1,0.0
case:4c32070c2c62,Case,Seizure · Red sanders · location unknown,,,2,0.00029
case:4abc5e2e5f95,Case,Seizure · Red sanders · location unknown,,,2,0.00034
outlet:indianexpress.com,Outlet,indianexpress.com,,,1,0.0
case:e7c92be8f169,Case,Arrest · Pangolin · location unknown,,,3,0.00035
agency:klhk,Agency,KLHK,,,2,2e-05
case:b3de436a2b68,Case,Seizure · Pangolin · location unknown,,,3,0.00249
case:1784b86947f9,Case,Arrest · Abalone · location unknown,,,2,0.00043
case:9d98deecf985,Case,Arrest · Elephant (ivory) · Vellore,,,3,0.001
case:ccd9cd071fb4,Case,Seizure · Wildlife (unspecified) · location unknown,,,2,0.00056
case:6da236517e3d,Case,Arrest · Abalone · location unknown,,,2,0.0
case:79573c1bb63b,Case,Seizure · Elephant (ivory) · location unknown,,,2,0.00014
case:01bf0daf80ae,Case,Seizure · Turtles & tortoises · 12 turtles · Chhatrapati Shivaji,,,6,0.00475
case:e87d81be0993,Case,Seizure · Wildlife (unspecified) · Vitória da Conquista,,,3,0.00091
case:bae59f803640,Case,Seizure · Wildlife (unspecified) · 131 kilos · Bogotá,,,4,0.0009
outlet:wradio.com.co,Outlet,wradio.com.co,,,1,0.0
case:56c8063b2a1c,Case,Arrest · Hornbills · Ganja,,,3,0.00406
location:ganja,Location,Ganja,40.6816,46.3613,2,0.00367
location:gǝncǝ,Location,Gǝncǝ,,,1,0.0
case:e475b69e234f,Case,Seizure · Abalone · location unknown,,,2,0.00017
case:9460c72a9650,Case,Arrest · Wildlife (unspecified) · location unknown,,,2,0.00034
outlet:les_services_de_l'état_dans_l'oise,Outlet,Les services de l'État dans l'Oise,,,1,0.0
case:4efb555e9009,Case,Seizure · Leopard · Nuapada,,,3,3e-05
case:c5f018828add,Case,Seizure · Pangolin · 9493 kg · Lagos,,,5,0.00178
location:lagos,Location,Lagos,6.52,3.38,1,0.0
case:a314f9829f30,Case,Seizure · Elephant (ivory) · location unknown,,,2,0.00014
case:2da3646a8654,Case,Rescue · Wildlife (unspecified) · Japeri,,,3,0.0006
location:japeri,Location,Japeri,-22.6431,-43.6533,2,2e-05
outlet:prefeitura_municipal_de_japeri,Outlet,Prefeitura Municipal de Japeri,,,1,0.0
case:c8c4851c02e0,Case,Seizure · Parrots & songbirds · Sapiranga,,,3,0.00056
location:sapiranga,Location,Sapiranga,-29.6381,-51.0069,2,1e-05
outlet:prefeitura_de_sapiranga,Outlet,Prefeitura de Sapiranga,,,1,0.0
case:ee3f2387b558,Case,Seizure · Rosewood & timber · Marabá,,,3,0.00056
location:marabá,Location,Marabá,-5.3815,-49.1323,2,1e-05
outlet:dol,Outlet,DOL,,,1,0.0
case:87823c8b13bb,Case,Seizure · Agarwood (oud) · 1 ton · location unknown,,,4,0.00192
outlet:chinadailyhk,Outlet,chinadailyhk,,,1,0.0
commodity:agarwood-ton,Commodity,Agarwood (oud) – ton,,,1,0.0
case:fae8e224c9a7,Case,"Arrest · Sharks, rays & sea cucumbers · location unknown",,,2,0.00034
outlet:revista_caretas,Outlet,Revista Caretas,,,1,0.0
case:6cb7b5717287,Case,Seizure · Eels · 5 tonnes · location unknown,,,3,0.00038
commodity:eels-tonnes,Commodity,Eels – tonnes,,,1,0.0
case:1c6bade6ebe6,Case,"Seizure · Sharks, rays & sea cucumbers · 185 kg · location unknown",,,3,0.00648
case:7f3fa9345435,Case,"Seizure · Sharks, rays & sea cucumbers · location unknown",,,2,0.00034
outlet:mais.opovo.com.br,Outlet,mais.opovo.com.br,,,1,0.0
case:fe75927ad4fc,Case,"Seizure · Sharks, rays & sea cucumbers · 96 kg · Fortaleza",,,4,0.00081
outlet:opovo.com.br,Outlet,opovo.com.br,,,1,0.0
case:51aa18df16c3,Case,"Seizure · Sharks, rays & sea cucumbers · location unknown",,,2,0.00016
case:567c3c366e89,Case,Seizure · Abalone · location unknown,,,3,0.00308
case:82fe0fcb0b8b,Case,Seizure · Abalone · location unknown,,,2,0.00014
case:bf827becece0,Case,Seizure · Abalone · Athlone,,,4,0.00401
location:athlone,Location,Athlone,-33.9672,18.5021,2,0.00012
case:82186d312d7d,Case,"Seizure · Sharks, rays & sea cucumbers · location unknown",,,2,0.00034
outlet:rc_noticias,Outlet,RC Noticias,,,1,0.0
case:73d4efb00095,Case,Seizure · Abalone · location unknown,,,2,0.0
case:36dcc76f1571,Case,Seizure · Red sanders · location unknown,,,2,3e-05
case:b3a37625bad4,Case,Seizure · Wildlife (unspecified) · location unknown,,,2,0.00066
case:8298f9c719f9,Case,"Seizure · Red sanders, Sandalwood · India",,,5,0.00119
case:6de98d18dc8d,Case,"Seizure · Sharks, rays & sea cucumbers · location unknown",,,2,0.00034
outlet:la_jornada,Outlet,La Jornada,,,1,0.0
case:96d687c3f940,Case,Arrest · Rhinoceros · Palembang,,,5,0.00369
location:palembang,Location,Palembang,-2.9167,104.7458,2,0.00034
location:south_sumatra,Location,South Sumatra,,,1,0.0
case:0bf9b07d6edc,Case,Seizure · Wildlife (unspecified) · location unknown,,,2,0.00117
case:73f1bb2a829e,Case,Seizure · Turtles & tortoises · 778 tortoises · Chennai,,,7,0.00786
case:54314db21eb6,Case,Seizure · Leopard · Jamshedpur,,,3,0.00019
case:6f631f99ea08,Case,Seizure · Primates · location unknown,,,2,0.00013
case:efa69479c665,Case,Arrest · Pangolin · Mojokerto,,,3,0.00453
location:mojokerto,Location,Mojokerto,-7.4664,112.4338,2,0.00064
outlet:viva_jatim,Outlet,VIVA Jatim,,,1,0.0
case:71477729ed2b,Case,Seizure · Primates · location unknown,,,2,0.00114
outlet:fauna_news,Outlet,Fauna News,,,2,5e-05
case:15715af7595b,Case,Seizure · Agarwood (oud) · Chennai,,,5,0.00683
outlet:ada_derana,Outlet,Ada Derana,,,1,0.0
case:596647c3bd4b,Case,Seizure · Tiger · Jalgaon,,,3,0.00018
location:jalgaon,Location,Jalgaon,21.0029,75.566,2,2e-05
case:75d28f743773,Case,Seizure · Primates · Medan,,,3,0.00038
outlet:sindonews_daerah,Outlet,SINDOnews Daerah,,,2,0.00025
case:58c9989d9ba6,Case,Conviction · Rhinoceros · OR Tambo,,,3,0.00125
location:or_tambo,Location,OR Tambo,-26.14,28.25,3,0.0003
case:c1f23c833b45,Case,Seizure · Elephant (ivory) · 30 kg · Pemba,,,4,0.00086
location:pemba,Location,Pemba,-12.974,40.5177,2,0.00034
location:cabo_delgado_province,Location,Cabo Delgado Province,,,1,0.0
case:fdebf0b48b56,Case,Seizure · Red sanders · 8 tonnes · Mumbai,,,6,0.00088
case:db49100e76b4,Case,Seizure · Turtles & tortoises · Juruá,,,5,0.00349
location:juruá,Location,Juruá,-3.4811,-66.0689,2,0.0001
case:7c391ecd906c,Case,Seizure · Abalone · location unknown,,,3,0.00314
case:78ed5dd28de1,Case,Seizure · Pangolin · 2 pangolins · location unknown,,,3,0.00079
case:a669722aafa2,Case,Rescue · Turtles & tortoises · Matinhos,,,3,0.00057
location:matinhos,Location,Matinhos,-25.8322,-48.5397,2,0.0
outlet:jblitoral.com.br,Outlet,jblitoral.com.br,,,1,0.0
case:a66568c0b994,Case,Seizure · Sea fan & corals · Vijayawada,,,3,0.0008
location:vijayawada,Location,Vijayawada,16.51,80.65,2,0.0
case:8223017ee010,Case,Seizure · Elephant (ivory) · Salem,,,4,0.00139
location:salem,Location,Salem,11.6538,78.1554,2,3e-05
case:6ac01b617ce2,Case,Seizure · Wildlife (unspecified) · Belo Horizonte,,,3,0.00038
case:52d741c7f9d3,Case,Arrest · Monitor lizard · Banjarsari,,,3,0.00072
location:banjarsari,Location,Banjarsari,-7.4819,108.5998,2,0.00033
case:8c9759b82b7d,Case,Seizure · Abalone · location unknown,,,3,0.00047
case:c22d2c37836e,Case,Seizure · Abalone · location unknown,,,2,0.0
case:e7e9ee71a3c1,Case,"Arrest · Red sanders, Sandalwood · Delhi",,,5,0.004
case:6dea1ca73729,Case,"Seizure · Sharks, rays & sea cucumbers · Piura",,,4,0.00243
case:7e3394142540,Case,Seizure · Pangolin · Nigeria,,,3,0.00073
case:1219e4c88dca,Case,"Arrest · Elephant (ivory), Rhinoceros · location unknown",,,3,0.00081
outlet:legifrance,Outlet,Legifrance,,,1,0.0
case:a38cb51e5885,Case,Seizure · Wildlife (unspecified) · Argentina,,,3,0.00217
outlet:argentina.gob.ar,Outlet,Argentina.gob.ar,,,1,0.0
case:61670c9758db,Case,Seizure · Elephant (ivory) · location unknown,,,2,0.00075
case:f2dac81ae568,Case,Seizure · Elephant (ivory) · Assam,,,4,0.00249
case:2901ff9c6529,Case,Arrest · Elephant (ivory) · location unknown,,,2,0.00034
outlet:newzimbabwe.com,Outlet,newzimbabwe.com,,,1,0.0
case:3d3d8b430ade,Case,"Seizure · Sharks, rays & sea cucumbers · 203 kilos · Mérida",,,4,0.00106
location:mérida,Location,Mérida,20.967,-89.6232,2,0.00034
location:yucatán,Location,Yucatán,,,1,0.0
outlet:diario_de_yucatán,Outlet,Diario de Yucatán,,,1,0.0
case:05e0b87ddea8,Case,Arrest · Rhinoceros · Badak,,,3,0.00043
outlet:kabar24.bisnis.com,Outlet,kabar24.bisnis.com,,,1,0.0
case:d81d0c3dd768,Case,Seizure · Wildlife (unspecified) · location unknown,,,2,0.00034
outlet:office_français_de_la_biodiversité_(ofb),Outlet,Office français de la biodiversité (OFB),,,1,0.0
case:f1bd5be40280,Case,Seizure · Jaguar · Santa Cruz de la Sierra,,,3,0.00434
location:santa_cruz_de_la_sierra,Location,Santa Cruz de la Sierra,-17.78,-63.18,2,0.00034
location:santa_cruz,Location,Santa Cruz,,,1,0.0
outlet:anf_agencia_de_noticias_fides_bolivia,Outlet,ANF Agencia de Noticias Fides Bolivia,,,1,0.0
case:47509bee0fa4,Case,Seizure · Parrots & songbirds · Gama,,,3,0.00035
case:5a0b70897aa6,Case,Rescue · Parrots & songbirds · Planaltina,,,3,0.00283
location:planaltina,Location,Planaltina,-15.6179,-47.6487,2,1e-05
case:1a5651785948,Case,Rescue · Wildlife (unspecified) · location unknown,,,2,0.00034
outlet:comunicación_tucumán,Outlet,Comunicación Tucumán,,,1,0.0
case:e3e38930a4f5,Case,Seizure · Rosewood & timber · location unknown,,,2,0.00034
outlet:conecta_piauí,Outlet,Conecta Piauí,,,1,0.0
case:4696d45ff6f2,Case,Rescue · Parrots & songbirds · Natal,,,3,0.00044
outlet:prefeitura_municipal_do_natal,Outlet,Prefeitura Municipal do Natal,,,1,0.0
case:edda27c6d83a,Case,Conviction · Abalone · location unknown,,,2,0.00043
case:337804f8dfc1,Case,Conviction · Abalone · location unknown,,,2,0.00024
case:b73f05c07605,Case,Seizure · Wildlife (unspecified) · location unknown,,,2,0.00034
outlet:eurojust,Outlet,Eurojust,,,1,0.0
case:a7f6c6bd9e76,Case,Arrest · Elephant (ivory) · location unknown,,,2,0.00012
case:924ab7906603,Case,Arrest · Pangolin · location unknown,,,2,0.00017
case:dbcb79c65cba,Case,Seizure · Wildlife (unspecified) · location unknown,,,2,0.00034
outlet:saps.gov.za,Outlet,saps.gov.za,,,1,0.0
case:45f56f7fb881,Case,Seizure · Wildlife (unspecified) · Opportunity,,,3,0.00052
location:opportunity,Location,Opportunity,47.6499,-117.2399,2,5e-05
case:8c2b31829624,Case,"Seizure · Sharks, rays & sea cucumbers · 16000 kg · India",,,4,0.00203
case:d415f487d80b,Case,Seizure · Turtles & tortoises · location unknown,,,2,0.00034
outlet:uniminuto_radio,Outlet,UNIMINUTO Radio,,,1,0.0
case:22c192157dfc,Case,Seizure · Turtles & tortoises · location unknown,,,2,0.0002
case:e86236121764,Case,Seizure · Leopard · location unknown,,,3,0.00021
case:ed7de45944fd,Case,Arrest · Elephant (ivory) · Bengaluru,,,5,0.00193
outlet:directorate_of_revenue_intelligence_(dri),Outlet,Directorate of Revenue Intelligence (DRI),,,1,0.0
case:ccab4c2c9329,Case,"Seizure · Sharks, rays & sea cucumbers · 20 kg · location unknown",,,3,0.00038
case:36b743e86595,Case,Seizure · Abalone · Cape Town,,,3,0.00046
case:0c4bce59fcb2,Case,Seizure · Wildlife (unspecified) · Cusco,,,3,0.00102
location:cusco,Location,Cusco,-13.5319,-71.967,2,0.00034
location:cuzco_department,Location,Cuzco Department,,,1,0.0
outlet:agroperú_informa,Outlet,AGROPERÚ Informa,,,1,0.0
case:7b97d277fd9e,Case,Seizure · Pangolin · 10954 kg · location unknown,,,3,0.00034
outlet:betahita,Outlet,Betahita,,,1,0.0
case:94a248c21a46,Case,Seizure · Wildlife (unspecified) · location unknown,,,2,0.00034
outlet:european_commission,Outlet,European Commission,,,1,0.0
case:6ac331504eb6,Case,Conviction · Pangolin · Limpopo,,,3,0.00176
case:ee5ee2e83bfd,Case,Seizure · Turtles & tortoises · location unknown,,,2,0.00048
case:5524dc03e9a5,Case,Conviction · Rhinoceros · 34.7 kg · location unknown,,,3,0.00045
outlet:national_parks_board_(nparks),Outlet,National Parks Board (NParks),,,1,0.0
case:3cb9025ad663,Case,Seizure · Elephant (ivory) · 2 tusks · location unknown,,,3,0.00083
case:d63eeaaa21fa,Case,Rescue · Turtles & tortoises · location unknown,,,2,0.00259
case:1a9cc351ae8a,Case,Seizure · Rosewood & timber · Matagalpa,,,3,0.00102
location:matagalpa,Location,Matagalpa,12.9279,-85.9191,2,0.00034
location:matagalpa_department,Location,Matagalpa Department,,,1,0.0
outlet:radio_corporacion,Outlet,Radio Corporacion,,,1,0.0
case:ea4e5b150377,Case,Seizure · Wildlife (unspecified) · location unknown,,,2,0.00367
outlet:câmara_legislativa_do_distrito_federal_-_cldf,Outlet,Câmara Legislativa do Distrito Federal - CLDF,,,1,0.0
case:28621faded00,Case,Seizure · Rosewood & timber · Ghana,,,3,0.00038
location:ghana,Location,Ghana,5.556,-0.1969,1,0.0
