source,target,type,weight,first,last
case:34db7d32cd5d,species:leopard,involves,1,2026-09-28,2026-09-28
case:34db7d32cd5d,location:nepal,occurred_at,1,2026-09-28,2026-09-28
outlet:the_indian_express,case:34db7d32cd5d,reported,1,2026-09-28,2026-09-28
outlet:the_indian_express,case:258ece6e1381,reported,1,2026-09-21,2026-09-21
outlet:the_indian_express,case:7c581ec027d5,reported,1,2026-09-08,2026-09-08
outlet:the_indian_express,case:0ed61f152cc5,reported,1,2026-08-19,2026-08-19
outlet:the_indian_express,case:20a00f60fc51,reported,1,2026-08-17,2026-08-17
outlet:the_indian_express,case:6fe16d5f27e0,reported,1,2026-07-24,2026-07-24
outlet:the_indian_express,case:b75641cf74a4,reported,1,2026-07-23,2026-07-23
outlet:the_indian_express,case:92d711866c8e,reported,1,2026-06-21,2026-06-21
outlet:the_indian_express,case:b53dd982efe4,reported,1,2026-06-05,2026-06-05
outlet:the_indian_express,case:3514948b01dc,reported,1,2026-05-27,2026-05-27
outlet:the_indian_express,case:cf86f7e6d871,reported,1,2026-05-21,2026-05-21
outlet:the_indian_express,case:e5c27aff0d72,reported,1,2026-01-11,2026-01-11
outlet:the_indian_express,case:5e77f09f92d3,reported,1,2026-01-10,2026-01-10
outlet:the_indian_express,case:d05f61a384f7,reported,1,2025-12-06,2025-12-06
outlet:the_indian_express,case:39139813e120,reported,1,2025-11-13,2025-11-13
outlet:the_indian_express,case:af36b586669c,reported,1,2025-10-27,2025-10-27
outlet:the_indian_express,case:e0bbbdc95b57,reported,1,2025-10-07,2025-10-07
outlet:the_indian_express,case:8e0cb03e2123,reported,1,2025-08-18,2025-08-18
case:2588f6d0cfba,species:pangolin,involves,1,2026-09-28,2026-09-28
outlet:news18_hindi,case:2588f6d0cfba,reported,1,2026-09-28,2026-09-28
outlet:news18_hindi,case:8294e19948b2,reported,1,2026-08-21,2026-08-21
outlet:news18_hindi,case:d8bbbb778efa,reported,1,2026-08-18,2026-08-18
outlet:news18_hindi,case:ce81191eb94a,reported,1,2026-04-16,2026-04-16
outlet:news18_hindi,case:8dd0e4258317,reported,1,2026-02-04,2026-02-04
case:74becff05e92,species:wildlife_general,involves,1,2026-09-28,2026-09-28
outlet:cgmp.co.in,case:74becff05e92,reported,1,2026-09-28,2026-09-28
case:729125754369,species:sandalwood,involves,1,2026-09-28,2026-09-28
case:729125754369,location:gīdam,occurred_at,1,2026-09-28,2026-09-28
location:gīdam,location:chhattisgarh,within,1,2026-09-28,2026-09-28
outlet:bhaskar.com,case:729125754369,reported,1,2026-09-28,2026-09-28
case:45b73e63ca0c,species:pangolin,involves,1,2026-09-28,2026-09-28
case:45b73e63ca0c,species:tiger,involves,1,2026-09-28,2026-09-28
case:45b73e63ca0c,location:india,occurred_at,1,2026-09-28,2026-09-28
outlet:the_times_of_india,case:45b73e63ca0c,reported,2,2026-09-28,2026-09-28
outlet:the_times_of_india,case:447171292235,reported,1,2026-09-28,2026-09-28
outlet:the_times_of_india,case:267fa4724fb9,reported,3,2026-09-23,2026-09-23
outlet:the_times_of_india,case:2a1295707eac,reported,1,2026-09-23,2026-09-23
outlet:the_times_of_india,case:c79ffdfb61fe,reported,2,2026-09-20,2026-09-20
outlet:the_times_of_india,case:e8add7a1fe77,reported,1,2026-09-14,2026-09-14
outlet:the_times_of_india,case:ba78fb309412,reported,2,2026-09-13,2026-09-13
outlet:the_times_of_india,case:df33183e55ca,reported,1,2026-09-11,2026-09-11
outlet:the_times_of_india,case:e4390ffa6eca,reported,1,2026-09-09,2026-09-09
outlet:the_times_of_india,case:7c581ec027d5,reported,8,2026-09-08,2026-09-08
outlet:the_times_of_india,case:79baf9a0b601,reported,2,2026-09-08,2026-09-08
outlet:the_times_of_india,case:59ed8df2efdc,reported,3,2026-09-05,2026-09-05
outlet:the_times_of_india,case:52fd05f92132,reported,1,2026-09-05,2026-09-05
outlet:the_times_of_india,case:72f9ebe1dce2,reported,1,2026-09-04,2026-09-04
outlet:the_times_of_india,case:7c2edb84ce53,reported,1,2026-09-03,2026-09-03
outlet:the_times_of_india,case:cd474874ff08,reported,1,2026-09-01,2026-09-01
outlet:the_times_of_india,case:8af70a535b32,reported,1,2026-08-27,2026-08-27
outlet:the_times_of_india,case:ff4d629d2103,reported,1,2026-08-27,2026-08-27
outlet:the_times_of_india,case:5641330d79f7,reported,1,2026-08-24,2026-08-24
outlet:the_times_of_india,case:147441db97a9,reported,1,2026-08-20,2026-08-20
outlet:the_times_of_india,case:3c0069e8edd1,reported,1,2026-07-25,2026-07-25
outlet:the_times_of_india,case:71d44b2b4987,reported,1,2026-07-22,2026-07-22
outlet:the_times_of_india,case:3dcf01b2e633,reported,1,2026-07-21,2026-07-21
outlet:the_times_of_india,case:c08067d7d2ea,reported,1,2026-07-14,2026-07-14
outlet:the_times_of_india,case:17aef856c939,reported,2,2026-07-01,2026-07-01
outlet:the_times_of_india,case:1db9b92e7717,reported,1,2026-06-20,2026-06-20
outlet:the_times_of_india,case:12178cfcfb66,reported,1,2026-06-12,2026-06-12
outlet:the_times_of_india,case:22dd25ad7c58,reported,1,2026-06-10,2026-06-10
outlet:the_times_of_india,case:df8c3c0fe1e7,reported,1,2026-06-07,2026-06-07
outlet:the_times_of_india,case:4b7f80c94c31,reported,1,2026-06-03,2026-06-03
outlet:the_times_of_india,case:0d41c6514bc9,reported,1,2026-05-25,2026-05-25
outlet:the_times_of_india,case:92984681d8a6,reported,1,2026-05-02,2026-05-02
outlet:the_times_of_india,case:6d3c8a2fa03d,reported,1,2026-04-24,2026-04-24
outlet:the_times_of_india,case:e5e78658d160,reported,1,2026-03-18,2026-03-18
outlet:the_times_of_india,case:aa359cbbecbe,reported,1,2026-02-20,2026-02-20
outlet:the_times_of_india,case:3f6e7ff364e8,reported,1,2026-01-12,2026-01-12
outlet:the_times_of_india,case:5f99f7776d18,reported,1,2025-12-26,2025-12-26
outlet:the_times_of_india,case:22b18fbfadf8,reported,1,2025-11-09,2025-11-09
outlet:the_times_of_india,case:4f13d41cd5db,reported,1,2025-10-07,2025-10-07
outlet:the_times_of_india,case:47e7db32d911,reported,1,2025-09-24,2025-09-24
outlet:the_times_of_india,case:05d9226826f4,reported,1,2025-02-03,2025-02-03
outlet:the_times_of_india,case:8298f9c719f9,reported,1,2024-09-03,2024-09-03
case:447171292235,species:wildlife_general,involves,1,2026-09-28,2026-09-28
case:447171292235,location:india,occurred_at,1,2026-09-28,2026-09-28
case:8be9f752af27,species:pangolin,involves,1,2026-09-28,2026-09-28
outlet:navabharat.news,case:8be9f752af27,reported,1,2026-09-28,2026-09-28
case:941fc0a9ec14,species:wildlife_general,involves,1,2026-09-28,2026-09-28
case:941fc0a9ec14,location:australia,occurred_at,1,2026-09-28,2026-09-28
outlet:ippmedia.co.tz,case:941fc0a9ec14,reported,1,2026-09-28,2026-09-28
case:632cb412fa30,species:wildlife_general,involves,1,2026-09-28,2026-09-28
case:632cb412fa30,location:salvador,occurred_at,1,2026-09-28,2026-09-28
location:salvador,location:bahia,within,6,2025-09-05,2026-09-28
outlet:alô_alô_bahia,case:632cb412fa30,reported,1,2026-09-28,2026-09-28
case:2db61600476b,species:elephant,involves,1,2026-09-28,2026-09-28
case:2db61600476b,location:matara,occurred_at,1,2026-09-28,2026-09-28
location:matara,location:southern_province,within,1,2026-09-28,2026-09-28
outlet:newswire,case:2db61600476b,reported,1,2026-09-28,2026-09-28
outlet:newswire,case:cd2ebdce9ded,reported,1,2026-09-25,2026-09-25
outlet:newswire,case:f12655d28c55,reported,1,2026-07-05,2026-07-05
outlet:newswire,case:74bf8ec9f241,reported,1,2026-03-02,2026-03-02
case:cfb65d4ec1fc,species:wildlife_general,involves,1,2026-09-27,2026-09-27
case:cfb65d4ec1fc,mode:online,via,1,2026-09-27,2026-09-27
outlet:theprint,case:cfb65d4ec1fc,reported,1,2026-09-27,2026-09-27
outlet:theprint,case:e7049df08e69,reported,1,2026-09-26,2026-09-26
outlet:theprint,case:24053f285e17,reported,1,2026-09-10,2026-09-10
outlet:theprint,case:8762ab197fae,reported,1,2026-09-09,2026-09-09
outlet:theprint,case:59ed8df2efdc,reported,1,2026-09-05,2026-09-05
outlet:theprint,case:11f00a598ecc,reported,1,2026-08-23,2026-08-23
outlet:theprint,case:e46d00e3b9d4,reported,1,2026-08-08,2026-08-08
outlet:theprint,case:b1d3170d70c0,reported,1,2026-07-28,2026-07-28
outlet:theprint,case:64e4208014f1,reported,1,2026-07-16,2026-07-16
outlet:theprint,case:5d3a8a0998c8,reported,1,2026-07-09,2026-07-09
outlet:theprint,case:b787577cb1bf,reported,1,2026-07-09,2026-07-09
outlet:theprint,case:17aef856c939,reported,2,2026-07-01,2026-07-01
outlet:theprint,case:54004b559dc0,reported,1,2026-06-20,2026-06-20
outlet:theprint,case:4888b712b3fb,reported,1,2026-06-16,2026-06-16
outlet:theprint,case:3d74d28a553b,reported,1,2026-06-11,2026-06-11
outlet:theprint,case:87fdced47209,reported,1,2026-05-13,2026-05-13
outlet:theprint,case:f7cc0f393c7c,reported,1,2026-04-30,2026-04-30
outlet:theprint,case:9f84b7555e5c,reported,1,2024-12-09,2024-12-09
case:34dcf8064362,species:wildlife_general,involves,1,2026-09-27,2026-09-27
case:34dcf8064362,location:maharashtra,occurred_at,1,2026-09-27,2026-09-27
outlet:news_riveting,case:34dcf8064362,reported,1,2026-09-27,2026-09-27
outlet:news_riveting,case:25ecfa6ac278,reported,1,2026-07-02,2026-07-02
case:ddd4e39f04cb,species:rhino,involves,1,2026-09-27,2026-09-27
case:ddd4e39f04cb,commodity:rhino-horns,seized,1,2026-09-27,2026-09-27
outlet:mid-day,case:ddd4e39f04cb,reported,2,2026-09-27,2026-09-27
outlet:mid-day,case:c79ffdfb61fe,reported,1,2026-09-20,2026-09-20
outlet:mid-day,case:11f00a598ecc,reported,1,2026-08-23,2026-08-23
outlet:mid-day,case:1e9e731e8170,reported,1,2026-08-10,2026-08-10
outlet:mid-day,case:5d3a8a0998c8,reported,1,2026-07-09,2026-07-09
outlet:mid-day,case:4c8a1d439f69,reported,1,2026-06-25,2026-06-25
outlet:mid-day,case:87fdced47209,reported,1,2026-05-13,2026-05-13
case:7187e57a1028,species:pythons_reptiles,involves,1,2026-09-27,2026-09-27
outlet:herald.co.zw,case:7187e57a1028,reported,1,2026-09-27,2026-09-27
outlet:herald.co.zw,case:a822ea621a4e,reported,1,2026-07-22,2026-07-22
outlet:herald.co.zw,case:3e5539e5de92,reported,1,2026-06-05,2026-06-05
outlet:herald.co.zw,case:689757846ba6,reported,1,2026-05-20,2026-05-20
outlet:herald.co.zw,case:f1a618b6bd3d,reported,1,2026-03-13,2026-03-13
outlet:herald.co.zw,case:d23bfe7f29da,reported,1,2026-01-27,2026-01-27
outlet:herald.co.zw,case:1a78057e383f,reported,1,2025-12-05,2025-12-05
outlet:herald.co.zw,case:1a05f9c7fafa,reported,1,2025-11-20,2025-11-20
outlet:herald.co.zw,case:c5a91d8b5855,reported,1,2025-09-22,2025-09-22
outlet:herald.co.zw,case:2586cb37dac8,reported,1,2025-09-01,2025-09-01
outlet:herald.co.zw,case:f29819feda3e,reported,1,2025-05-22,2025-05-22
outlet:herald.co.zw,case:de2f889ef520,reported,1,2024-12-19,2024-12-19
outlet:herald.co.zw,case:4043c8a17ed5,reported,1,2024-07-18,2024-07-18
outlet:herald.co.zw,case:337804f8dfc1,reported,1,2024-04-12,2024-04-12
outlet:herald.co.zw,case:a7f6c6bd9e76,reported,1,2024-04-08,2024-04-08
outlet:herald.co.zw,case:859c7a69439e,reported,1,2024-02-27,2024-02-27
case:7bb7aec07692,species:pangolin,involves,1,2026-09-27,2026-09-27
outlet:nai_dunia,case:7bb7aec07692,reported,1,2026-09-27,2026-09-27
outlet:nai_dunia,case:83ae012bc6cf,reported,1,2026-08-11,2026-08-11
outlet:nai_dunia,case:01227850bc6e,reported,1,2026-08-09,2026-08-09
outlet:nai_dunia,case:0f6c452c20ab,reported,1,2026-07-27,2026-07-27
outlet:nai_dunia,case:5c4cd6f33f2b,reported,1,2026-07-20,2026-07-20
outlet:nai_dunia,case:e65dde2a954a,reported,1,2026-04-22,2026-04-22
case:34bb9e48caa8,species:pangolin,involves,1,2026-09-27,2026-09-27
case:34bb9e48caa8,location:maharashtra,occurred_at,1,2026-09-27,2026-09-27
outlet:chhattisgarhcrimes.in,case:34bb9e48caa8,reported,2,2026-09-27,2026-09-27
outlet:grandnews.in,case:34bb9e48caa8,reported,1,2026-09-27,2026-09-27
outlet:cgprayagnews.com,case:34bb9e48caa8,reported,1,2026-09-27,2026-09-27
outlet:cgprayagnews.com,case:4e9b2989621d,reported,1,2026-08-21,2026-08-21
outlet:lokswar.in,case:34bb9e48caa8,reported,1,2026-09-27,2026-09-27
case:00d3e87bd0f3,species:birds,involves,1,2026-09-27,2026-09-27
case:00d3e87bd0f3,location:san_juan,occurred_at,1,2026-09-27,2026-09-27
outlet:noticias_ambientales,case:00d3e87bd0f3,reported,1,2026-09-27,2026-09-27
outlet:noticias_ambientales,case:36dd81aa9ff4,reported,1,2026-09-23,2026-09-23
outlet:noticias_ambientales,case:3b3e5e171463,reported,1,2026-09-23,2026-09-23
outlet:noticias_ambientales,case:d0ea519ffe1c,reported,1,2026-09-23,2026-09-23
outlet:noticias_ambientales,case:acc0a607751d,reported,1,2026-07-24,2026-07-24
outlet:noticias_ambientales,case:81c55402425f,reported,1,2026-07-22,2026-07-22
outlet:noticias_ambientales,case:d68632256d7e,reported,1,2026-05-19,2026-05-19
outlet:noticias_ambientales,case:01960fdd33d5,reported,1,2026-03-16,2026-03-16
outlet:noticias_ambientales,case:25ed4fc78719,reported,1,2026-02-27,2026-02-27
outlet:noticias_ambientales,case:0291bee370c7,reported,1,2025-10-27,2025-10-27
case:e5d75d96f078,species:birds,involves,1,2026-09-27,2026-09-27
outlet:reporterbetoribeiro.com.br,case:e5d75d96f078,reported,1,2026-09-27,2026-09-27
case:70d866dffa43,species:birds,involves,1,2026-09-26,2026-09-26
outlet:prensa_mercosur,case:70d866dffa43,reported,1,2026-09-26,2026-09-26
case:e7049df08e69,species:musk_deer,involves,1,2026-09-26,2026-09-26
case:e7049df08e69,location:sonapur,occurred_at,1,2026-09-26,2026-09-26
case:e7049df08e69,commodity:musk_deer-pods,seized,1,2026-09-26,2026-09-26
location:sonapur,location:assam,within,3,2026-06-29,2026-09-26
agency:police,case:e7049df08e69,acted_in,1,2026-09-26,2026-09-26
agency:police,case:d17c559cbed2,acted_in,1,2026-09-25,2026-09-25
agency:police,case:149894a1699f,acted_in,1,2026-09-24,2026-09-24
agency:police,case:267fa4724fb9,acted_in,1,2026-09-23,2026-09-23
agency:police,case:d124df6a689e,acted_in,1,2026-09-22,2026-09-22
agency:police,case:6f8d39b596aa,acted_in,1,2026-09-22,2026-09-22
agency:police,case:26f6e09f4de1,acted_in,1,2026-09-22,2026-09-22
agency:police,case:970c09bde09f,acted_in,1,2026-09-21,2026-09-21
agency:police,case:0bbb1dc2a946,acted_in,1,2026-09-17,2026-09-17
agency:police,case:a687444fdb7b,acted_in,1,2026-09-09,2026-09-09
agency:police,case:7c581ec027d5,acted_in,1,2026-09-08,2026-09-08
agency:police,case:c69b0c6e888d,acted_in,1,2026-08-31,2026-08-31
agency:police,case:8510d66ad722,acted_in,1,2026-08-29,2026-08-29
agency:police,case:694398508595,acted_in,1,2026-08-28,2026-08-28
agency:police,case:592fc9576920,acted_in,1,2026-08-21,2026-08-21
agency:police,case:147441db97a9,acted_in,1,2026-08-20,2026-08-20
agency:police,case:4d5d173efcb5,acted_in,1,2026-08-14,2026-08-14
agency:police,case:1e9e731e8170,acted_in,1,2026-08-10,2026-08-10
agency:police,case:e46d00e3b9d4,acted_in,1,2026-08-08,2026-08-08
agency:police,case:7df01885cdfe,acted_in,1,2026-08-06,2026-08-06
agency:police,case:bf6f0103bf98,acted_in,1,2026-08-03,2026-08-03
agency:police,case:fcd6c0867123,acted_in,1,2026-07-30,2026-07-30
agency:police,case:b510ee561261,acted_in,1,2026-07-29,2026-07-29
agency:police,case:6fe16d5f27e0,acted_in,1,2026-07-24,2026-07-24
agency:police,case:90a2c6fb6ac3,acted_in,1,2026-07-21,2026-07-21
agency:police,case:e2a9c82ac5fd,acted_in,1,2026-07-20,2026-07-20
agency:police,case:207e7d4d1de5,acted_in,1,2026-07-20,2026-07-20
agency:police,case:97f7b261d9e6,acted_in,1,2026-07-19,2026-07-19
agency:police,case:27c2d5fa1073,acted_in,1,2026-07-16,2026-07-16
agency:police,case:b481ab5fc5d7,acted_in,1,2026-07-09,2026-07-09
agency:police,case:17aef856c939,acted_in,1,2026-07-01,2026-07-01
agency:police,case:711a62f14e36,acted_in,1,2026-06-26,2026-06-26
agency:police,case:54004b559dc0,acted_in,1,2026-06-20,2026-06-20
agency:police,case:12178cfcfb66,acted_in,1,2026-06-12,2026-06-12
agency:police,case:037210fde725,acted_in,1,2026-06-11,2026-06-11
agency:police,case:df8c3c0fe1e7,acted_in,1,2026-06-07,2026-06-07
agency:police,case:3e5539e5de92,acted_in,1,2026-06-05,2026-06-05
agency:police,case:7ec989c5f1dd,acted_in,1,2026-06-02,2026-06-02
agency:police,case:d24bfc34cd93,acted_in,1,2026-05-27,2026-05-27
agency:police,case:2930415eb79b,acted_in,1,2026-05-24,2026-05-24
agency:police,case:f40a8a1ba5db,acted_in,1,2026-05-23,2026-05-23
agency:police,case:257a18c99e71,acted_in,1,2026-05-16,2026-05-16
agency:police,case:4ccfa84e2cbc,acted_in,1,2026-05-11,2026-05-11
agency:police,case:52e31496388d,acted_in,1,2026-05-11,2026-05-11
agency:police,case:1261dd65ecda,acted_in,1,2026-05-05,2026-05-05
agency:police,case:d73e9b3624a9,acted_in,1,2026-05-01,2026-05-01
agency:police,case:f9349f33d4ea,acted_in,1,2026-04-13,2026-04-13
agency:police,case:615212908a89,acted_in,1,2026-03-24,2026-03-24
agency:police,case:826c720c9e96,acted_in,1,2026-03-24,2026-03-24
agency:police,case:24627d173ef8,acted_in,1,2026-03-23,2026-03-23
agency:police,case:609d516df9b2,acted_in,1,2026-03-03,2026-03-03
agency:police,case:25ed4fc78719,acted_in,1,2026-02-27,2026-02-27
agency:police,case:c0b62ce5f93e,acted_in,1,2026-02-17,2026-02-17
agency:police,case:d3dc1b1ce011,acted_in,1,2026-01-25,2026-01-25
agency:police,case:6b82cc2fa16d,acted_in,1,2025-12-11,2025-12-11
agency:police,case:f382f12c2459,acted_in,1,2025-12-06,2025-12-06
agency:police,case:97107646e759,acted_in,1,2025-12-04,2025-12-04
agency:police,case:2b8c06e88cd1,acted_in,1,2025-11-19,2025-11-19
agency:police,case:03b217f84b4f,acted_in,1,2025-11-16,2025-11-16
agency:police,case:39139813e120,acted_in,1,2025-11-13,2025-11-13
agency:police,case:e7c4736adc20,acted_in,1,2025-11-05,2025-11-05
agency:police,case:2ca0905abdac,acted_in,1,2025-11-03,2025-11-03
agency:police,case:e5b15c70bdb5,acted_in,1,2025-10-26,2025-10-26
agency:police,case:a5e8558207c1,acted_in,1,2025-10-26,2025-10-26
agency:police,case:6fb94bfbb99e,acted_in,1,2025-10-23,2025-10-23
agency:police,case:e0bbbdc95b57,acted_in,1,2025-10-07,2025-10-07
agency:police,case:c7ce3049d62b,acted_in,1,2025-10-06,2025-10-06
agency:police,case:4abbbacd73c4,acted_in,1,2025-09-20,2025-09-20
agency:police,case:f7b5e65d12be,acted_in,1,2025-06-25,2025-06-25
agency:police,case:6970f177789e,acted_in,1,2025-05-14,2025-05-14
agency:police,case:7efb5310e99a,acted_in,1,2025-01-11,2025-01-11
agency:police,case:567c3c366e89,acted_in,1,2024-09-16,2024-09-16
agency:police,case:bf827becece0,acted_in,1,2024-09-16,2024-09-16
agency:police,case:7c391ecd906c,acted_in,1,2024-07-03,2024-07-03
outlet:india_today_ne,case:e7049df08e69,reported,1,2026-09-26,2026-09-26
outlet:india_today_ne,case:c79ffdfb61fe,reported,2,2026-09-20,2026-09-20
outlet:india_today_ne,case:59ed8df2efdc,reported,3,2026-09-05,2026-09-05
outlet:india_today_ne,case:e46d00e3b9d4,reported,1,2026-08-08,2026-08-08
outlet:india_today_ne,case:fc5980c88a39,reported,1,2026-08-06,2026-08-06
outlet:india_today_ne,case:2e3622319027,reported,1,2026-07-18,2026-07-18
outlet:india_today_ne,case:3ad11ab3a7f9,reported,1,2026-07-06,2026-07-06
outlet:india_today_ne,case:1b5c3635c6a6,reported,1,2026-06-29,2026-06-29
outlet:india_today_ne,case:51ec92a966f7,reported,1,2026-06-27,2026-06-27
outlet:india_today_ne,case:54004b559dc0,reported,1,2026-06-20,2026-06-20
outlet:india_today_ne,case:17b397116714,reported,1,2026-06-17,2026-06-17
outlet:india_today_ne,case:f40a8a1ba5db,reported,1,2026-05-23,2026-05-23
outlet:india_today_ne,case:87fdced47209,reported,1,2026-05-13,2026-05-13
outlet:india_today_ne,case:ed06527e18a0,reported,1,2026-03-08,2026-03-08
outlet:india_today_ne,case:503d8c7af5c2,reported,1,2025-10-14,2025-10-14
outlet:india_today_ne,case:f2dac81ae568,reported,1,2024-05-30,2024-05-30
outlet:hub_news,case:e7049df08e69,reported,1,2026-09-26,2026-09-26
outlet:hub_news,case:c79ffdfb61fe,reported,1,2026-09-20,2026-09-20
outlet:hub_news,case:59ed8df2efdc,reported,1,2026-09-05,2026-09-05
outlet:ne_now,case:e7049df08e69,reported,2,2026-09-26,2026-09-26
outlet:thehindu.com,case:e7049df08e69,reported,1,2026-09-26,2026-09-26
outlet:thehindu.com,case:267fa4724fb9,reported,1,2026-09-23,2026-09-23
outlet:thehindu.com,case:fe354cd25193,reported,1,2026-08-24,2026-08-24
outlet:thehindu.com,case:616ba5d910eb,reported,1,2026-07-30,2026-07-30
outlet:thehindu.com,case:0fe606b958be,reported,1,2026-07-26,2026-07-26
outlet:thehindu.com,case:3c0069e8edd1,reported,1,2026-07-25,2026-07-25
outlet:thehindu.com,case:1508e2f09958,reported,1,2026-07-23,2026-07-23
outlet:thehindu.com,case:3dcf01b2e633,reported,1,2026-07-21,2026-07-21
outlet:thehindu.com,case:c08067d7d2ea,reported,1,2026-07-14,2026-07-14
outlet:free_press_journal,case:e7049df08e69,reported,1,2026-09-26,2026-09-26
outlet:free_press_journal,case:7c581ec027d5,reported,1,2026-09-08,2026-09-08
outlet:free_press_journal,case:694398508595,reported,1,2026-08-28,2026-08-28
outlet:free_press_journal,case:364afffe65e7,reported,1,2026-08-05,2026-08-05
outlet:free_press_journal,case:bf6f0103bf98,reported,1,2026-08-03,2026-08-03
outlet:free_press_journal,case:5d3a8a0998c8,reported,1,2026-07-09,2026-07-09
outlet:free_press_journal,case:5e268904589b,reported,1,2026-06-26,2026-06-26
outlet:free_press_journal,case:cf86f7e6d871,reported,1,2026-05-21,2026-05-21
outlet:free_press_journal,case:09cd586bcdf6,reported,1,2026-04-13,2026-04-13
outlet:free_press_journal,case:dc870be8a575,reported,1,2025-11-01,2025-11-01
outlet:the_hindu,case:e7049df08e69,reported,1,2026-09-26,2026-09-26
outlet:the_hindu,case:267fa4724fb9,reported,4,2026-09-23,2026-09-23
outlet:the_hindu,case:fedca65c19c3,reported,2,2026-09-23,2026-09-23
outlet:the_hindu,case:f68dfea49205,reported,1,2026-09-22,2026-09-22
outlet:the_hindu,case:d124df6a689e,reported,2,2026-09-22,2026-09-22
outlet:the_hindu,case:6f8d39b596aa,reported,1,2026-09-22,2026-09-22
outlet:the_hindu,case:021a3dc2bb69,reported,1,2026-09-11,2026-09-11
outlet:the_hindu,case:e4390ffa6eca,reported,1,2026-09-09,2026-09-09
outlet:the_hindu,case:7c581ec027d5,reported,1,2026-09-08,2026-09-08
outlet:the_hindu,case:fe354cd25193,reported,1,2026-08-24,2026-08-24
outlet:the_hindu,case:db84ce63523d,reported,1,2026-08-24,2026-08-24
outlet:the_hindu,case:616ba5d910eb,reported,1,2026-07-30,2026-07-30
outlet:the_hindu,case:4ac5e43581d6,reported,1,2026-07-30,2026-07-30
outlet:the_hindu,case:0fe606b958be,reported,1,2026-07-26,2026-07-26
outlet:the_hindu,case:1508e2f09958,reported,1,2026-07-23,2026-07-23
outlet:the_hindu,case:3dcf01b2e633,reported,1,2026-07-21,2026-07-21
outlet:the_hindu,case:c08067d7d2ea,reported,3,2026-07-14,2026-07-14
outlet:the_hindu,case:b244a1d77366,reported,1,2026-06-25,2026-06-25
outlet:the_hindu,case:dd4652a14c50,reported,1,2026-06-17,2026-06-17
outlet:the_hindu,case:12178cfcfb66,reported,1,2026-06-12,2026-06-12
outlet:the_hindu,case:0af4d2082a61,reported,1,2026-06-10,2026-06-10
outlet:the_hindu,case:59600fb8f6c3,reported,1,2026-06-04,2026-06-04
outlet:the_hindu,case:36f387730280,reported,1,2026-06-04,2026-06-04
outlet:the_hindu,case:2aec2e5029e8,reported,1,2026-05-27,2026-05-27
outlet:the_hindu,case:c3fdf1687d0b,reported,1,2026-05-24,2026-05-24
outlet:the_hindu,case:05795709817d,reported,1,2026-05-19,2026-05-19
outlet:the_hindu,case:1261dd65ecda,reported,1,2026-05-05,2026-05-05
outlet:the_hindu,case:0e739bb8815c,reported,1,2026-05-04,2026-05-04
outlet:the_hindu,case:615212908a89,reported,1,2026-03-24,2026-03-24
outlet:the_hindu,case:fd7fd5619dac,reported,1,2026-03-18,2026-03-18
outlet:the_hindu,case:affdfa7c8ef5,reported,1,2026-03-15,2026-03-15
outlet:the_hindu,case:80f9b4549108,reported,1,2026-03-02,2026-03-02
outlet:the_hindu,case:47cb2ba5a783,reported,1,2026-02-11,2026-02-11
outlet:the_hindu,case:1e9b7b72b4b9,reported,1,2026-01-29,2026-01-29
outlet:the_hindu,case:1207ec6cbf2c,reported,1,2025-12-28,2025-12-28
outlet:the_hindu,case:bd370bc6093c,reported,1,2025-12-11,2025-12-11
outlet:the_hindu,case:3ded3295d217,reported,1,2025-12-08,2025-12-08
outlet:the_hindu,case:2a77d4ed2160,reported,1,2025-12-05,2025-12-05
outlet:the_hindu,case:f11bd04ef6e1,reported,2,2025-11-17,2025-11-17
outlet:the_hindu,case:e7c4736adc20,reported,1,2025-11-05,2025-11-05
outlet:the_hindu,case:b083344a5079,reported,1,2025-11-05,2025-11-05
outlet:the_hindu,case:af0688e26242,reported,1,2025-10-27,2025-10-27
outlet:the_hindu,case:a5e8558207c1,reported,1,2025-10-26,2025-10-26
outlet:the_hindu,case:fe93cacf2ff6,reported,1,2025-10-09,2025-10-09
outlet:the_hindu,case:e0bbbdc95b57,reported,1,2025-10-07,2025-10-07
outlet:the_hindu,case:4c1d509fcc43,reported,1,2025-10-05,2025-10-05
outlet:the_hindu,case:86c6f371b330,reported,1,2025-09-19,2025-09-19
outlet:the_hindu,case:f7b5e65d12be,reported,1,2025-06-25,2025-06-25
outlet:the_hindu,case:456b594051bd,reported,1,2025-02-06,2025-02-06
outlet:the_hindu,case:73f1bb2a829e,reported,1,2024-08-19,2024-08-19
outlet:the_hindu,case:a66568c0b994,reported,1,2024-06-24,2024-06-24
outlet:the_hindu,case:8223017ee010,reported,1,2024-06-22,2024-06-22
outlet:nenews.in,case:e7049df08e69,reported,1,2026-09-26,2026-09-26
outlet:nenews.in,case:3ad11ab3a7f9,reported,1,2026-07-06,2026-07-06
outlet:nenews.in,case:1b5c3635c6a6,reported,1,2026-06-29,2026-06-29
case:5aed941a5d4b,species:leopard,involves,1,2026-09-26,2026-09-26
case:5aed941a5d4b,location:mumbai,occurred_at,1,2026-09-26,2026-09-26
location:mumbai,location:maharashtra,within,10,2024-07-06,2026-09-26
outlet:hindustantimes.com,case:5aed941a5d4b,reported,1,2026-09-26,2026-09-26
outlet:hindustantimes.com,case:7c581ec027d5,reported,1,2026-09-08,2026-09-08
case:f5ebdd3448fc,species:red_sanders,involves,1,2026-09-26,2026-09-26
case:f5ebdd3448fc,species:sandalwood,involves,1,2026-09-26,2026-09-26
case:f5ebdd3448fc,location:mathura,occurred_at,1,2026-09-26,2026-09-26
location:mathura,location:uttar_pradesh,within,1,2026-09-26,2026-09-26
outlet:हिन्दुस्थान_समाचार,case:f5ebdd3448fc,reported,1,2026-09-26,2026-09-26
outlet:हिन्दुस्थान_समाचार,case:7d0c7b4c6c9e,reported,1,2026-09-23,2026-09-23
case:20fb2f1a9ed5,species:turtles,involves,1,2026-09-26,2026-09-26
case:20fb2f1a9ed5,location:camaquã,occurred_at,1,2026-09-26,2026-09-26
location:camaquã,location:rio_grande_do_sul,within,1,2026-09-26,2026-09-26
outlet:portal_de_camaquã,case:20fb2f1a9ed5,reported,1,2026-09-26,2026-09-26
case:fc3680c6c82a,species:birds,involves,1,2026-09-26,2026-09-26
outlet:repórter_beto_ribeiro,case:fc3680c6c82a,reported,1,2026-09-26,2026-09-26
outlet:repórter_beto_ribeiro,case:e3d7fc147549,reported,1,2026-09-25,2026-09-25
outlet:repórter_beto_ribeiro,case:34b0e9231bf3,reported,1,2026-09-18,2026-09-18
outlet:repórter_beto_ribeiro,case:f1fd10087674,reported,1,2026-09-13,2026-09-13
outlet:repórter_beto_ribeiro,case:e32f00890986,reported,4,2026-08-25,2026-08-25
outlet:repórter_beto_ribeiro,case:cac4de8d4c40,reported,1,2026-07-28,2026-07-28
outlet:repórter_beto_ribeiro,case:08a01b82e246,reported,3,2026-04-21,2026-04-21
case:bd009d846c56,species:abalone,involves,1,2026-09-25,2026-09-25
outlet:novanews.co.za,case:bd009d846c56,reported,1,2026-09-25,2026-09-25
outlet:novanews.co.za,case:1ad7121b6d26,reported,1,2026-09-10,2026-09-10
outlet:novanews.co.za,case:0e64ff1cb7b7,reported,1,2026-08-30,2026-08-30
outlet:novanews.co.za,case:8afa4af31b29,reported,1,2026-08-12,2026-08-12
outlet:novanews.co.za,case:21ec4222ac8c,reported,1,2026-07-24,2026-07-24
outlet:novanews.co.za,case:6a61e609ac7d,reported,1,2026-07-13,2026-07-13
outlet:novanews.co.za,case:56b3fc272367,reported,1,2026-07-01,2026-07-01
outlet:novanews.co.za,case:f1f24046dfb6,reported,1,2026-06-26,2026-06-26
outlet:novanews.co.za,case:9e68842aef48,reported,1,2026-06-25,2026-06-25
outlet:novanews.co.za,case:c004d4a9226f,reported,1,2026-06-05,2026-06-05
outlet:novanews.co.za,case:ff7b47ac9ac2,reported,3,2026-05-23,2026-05-23
outlet:novanews.co.za,case:e58c02973f75,reported,1,2026-04-14,2026-04-14
outlet:novanews.co.za,case:2a8d89bec27f,reported,1,2026-03-18,2026-03-18
outlet:novanews.co.za,case:935c6a707722,reported,1,2026-03-12,2026-03-12
outlet:novanews.co.za,case:ebf282fa0648,reported,1,2025-11-26,2025-11-26
case:84bd14c937c3,species:wildlife_general,involves,1,2026-09-25,2026-09-25
outlet:castellonaldia.elmundo.es,case:84bd14c937c3,reported,1,2026-09-25,2026-09-25
outlet:la_razón,case:84bd14c937c3,reported,1,2026-09-25,2026-09-25
outlet:castellondiario.com,case:84bd14c937c3,reported,1,2026-09-25,2026-09-25
outlet:comarcalcv,case:84bd14c937c3,reported,1,2026-09-25,2026-09-25
outlet:mil21,case:84bd14c937c3,reported,1,2026-09-25,2026-09-25
case:cd2ebdce9ded,species:sea_fan,involves,1,2026-09-25,2026-09-25
case:d17c559cbed2,species:elephant,involves,1,2026-09-25,2026-09-25
case:d17c559cbed2,commodity:elephant-tusks,seized,1,2026-09-25,2026-09-25
outlet:people_daily,case:d17c559cbed2,reported,1,2026-09-25,2026-09-25
outlet:people_daily,case:6c1fb2c4a11a,reported,1,2026-06-24,2026-06-24
case:66663965a23e,species:wildlife_general,involves,1,2026-09-25,2026-09-25
case:66663965a23e,location:newcastle,occurred_at,1,2026-09-25,2026-09-25
location:newcastle,location:new_south_wales,within,1,2026-09-25,2026-09-25
outlet:newsgram,case:66663965a23e,reported,1,2026-09-25,2026-09-25
outlet:newsgram,case:833dc878d50a,reported,1,2026-05-08,2026-05-08
case:da749fab0a4e,species:pangolin,involves,1,2026-09-25,2026-09-25
case:da749fab0a4e,species:tiger,involves,1,2026-09-25,2026-09-25
outlet:dainik_bhaskar,case:da749fab0a4e,reported,1,2026-09-25,2026-09-25
outlet:dainik_bhaskar,case:94ce3a788d9f,reported,1,2026-09-23,2026-09-23
outlet:dainik_bhaskar,case:f2a8969e67a3,reported,1,2026-09-14,2026-09-14
outlet:dainik_bhaskar,case:d5239a8c2b58,reported,1,2026-09-14,2026-09-14
outlet:dainik_bhaskar,case:7b818ffea6dc,reported,1,2026-09-13,2026-09-13
outlet:dainik_bhaskar,case:87fa54aada29,reported,1,2026-09-05,2026-09-05
outlet:dainik_bhaskar,case:de9db9b69f27,reported,1,2026-09-03,2026-09-03
outlet:dainik_bhaskar,case:42c20b134c70,reported,2,2026-09-03,2026-09-03
outlet:dainik_bhaskar,case:d2b5a415883b,reported,1,2026-08-29,2026-08-29
outlet:dainik_bhaskar,case:43c313088957,reported,1,2026-08-27,2026-08-27
outlet:dainik_bhaskar,case:cc20efee94bb,reported,1,2026-08-21,2026-08-21
outlet:dainik_bhaskar,case:181d32a02a0a,reported,10,2026-08-16,2026-08-16
outlet:dainik_bhaskar,case:adb739138567,reported,1,2026-07-26,2026-07-26
outlet:dainik_bhaskar,case:570cbe2e7a96,reported,1,2026-07-23,2026-07-23
outlet:dainik_bhaskar,case:89dde5cca151,reported,1,2026-06-29,2026-06-29
outlet:dainik_bhaskar,case:4888b712b3fb,reported,2,2026-06-16,2026-06-16
outlet:dainik_bhaskar,case:2765e27e82a8,reported,1,2026-06-13,2026-06-13
outlet:dainik_bhaskar,case:302b76082897,reported,1,2026-05-22,2026-05-22
outlet:dainik_bhaskar,case:31ee20b89c67,reported,1,2026-05-06,2026-05-06
outlet:dainik_bhaskar,case:e65dde2a954a,reported,1,2026-04-22,2026-04-22
outlet:dainik_bhaskar,case:2079aeca2094,reported,1,2026-04-06,2026-04-06
outlet:dainik_bhaskar,case:3492dbb838f5,reported,1,2026-04-01,2026-04-01
outlet:dainik_bhaskar,case:fce31d48aa8f,reported,1,2026-03-27,2026-03-27
outlet:dainik_bhaskar,case:37d136d82229,reported,1,2026-03-04,2026-03-04
outlet:dainik_bhaskar,case:646f57fadf85,reported,1,2026-02-21,2026-02-21
outlet:dainik_bhaskar,case:b1344f21acda,reported,1,2026-02-15,2026-02-15
outlet:dainik_bhaskar,case:27c80d4d59f4,reported,1,2026-01-21,2026-01-21
outlet:dainik_bhaskar,case:a9e01c2e3b82,reported,1,2026-01-18,2026-01-18
outlet:dainik_bhaskar,case:837dc62eb9cf,reported,1,2025-12-22,2025-12-22
outlet:dainik_bhaskar,case:d6af9d1ebe96,reported,1,2025-12-15,2025-12-15
outlet:dainik_bhaskar,case:4cabf7a871a1,reported,1,2025-11-21,2025-11-21
outlet:dainik_bhaskar,case:357962547070,reported,1,2025-11-20,2025-11-20
outlet:dainik_bhaskar,case:4d4bb3985230,reported,1,2025-11-12,2025-11-12
outlet:dainik_bhaskar,case:c4c9dd0ef184,reported,1,2025-11-09,2025-11-09
outlet:dainik_bhaskar,case:e1999ce6c5d7,reported,1,2025-10-08,2025-10-08
case:75721e9c9910,species:leopard,involves,1,2026-09-25,2026-09-25
outlet:journal_de_brazza,case:75721e9c9910,reported,1,2026-09-25,2026-09-25
outlet:journal_de_brazza,case:690590373d15,reported,1,2026-07-28,2026-07-28
outlet:journal_de_brazza,case:fe08b3799cb6,reported,1,2025-10-07,2025-10-07
case:a30cef703209,species:birds,involves,1,2026-09-25,2026-09-25
case:a30cef703209,location:recanto_das_emas,occurred_at,1,2026-09-25,2026-09-25
location:recanto_das_emas,location:federal_district,within,1,2026-09-25,2026-09-25
outlet:correio_braziliense,case:a30cef703209,reported,1,2026-09-25,2026-09-25
outlet:correio_braziliense,case:0b7bdd8b980f,reported,1,2026-09-17,2026-09-17
outlet:correio_braziliense,case:a8771da106b6,reported,1,2026-08-19,2026-08-19
outlet:correio_braziliense,case:61197dfad31d,reported,1,2026-08-05,2026-08-05
outlet:correio_braziliense,case:5e0ccaaeb49a,reported,1,2026-07-24,2026-07-24
outlet:correio_braziliense,case:1a0fe2c50820,reported,1,2026-07-13,2026-07-13
outlet:correio_braziliense,case:854cef93baee,reported,1,2026-06-06,2026-06-06
outlet:correio_braziliense,case:12e287152504,reported,2,2026-06-04,2026-06-04
outlet:correio_braziliense,case:09e1fb9886aa,reported,1,2026-03-30,2026-03-30
case:e3d7fc147549,species:birds,involves,1,2026-09-25,2026-09-25
case:8cfc298e5b33,species:birds,involves,1,2026-09-25,2026-09-25
case:8cfc298e5b33,location:paraguay,occurred_at,1,2026-09-25,2026-09-25
outlet:adndigital.com.py,case:8cfc298e5b33,reported,1,2026-09-25,2026-09-25
outlet:diario_hoy_–_en_paraguay_y_el_mundo,case:8cfc298e5b33,reported,1,2026-09-25,2026-09-25
outlet:diario_hoy_–_en_paraguay_y_el_mundo,case:e191f619456d,reported,1,2026-07-21,2026-07-21
case:a109bd18ed8c,species:wildlife_general,involves,1,2026-09-25,2026-09-25
case:a109bd18ed8c,mode:online,via,1,2026-09-25,2026-09-25
outlet:facebook.com,case:a109bd18ed8c,reported,1,2026-09-25,2026-09-25
outlet:facebook.com,case:6edab15ee1b4,reported,1,2026-07-25,2026-07-25
outlet:facebook.com,case:db830af6794b,reported,1,2026-07-16,2026-07-16
outlet:facebook.com,case:09aabad356e1,reported,1,2026-06-14,2026-06-14
outlet:facebook.com,case:a793eda613cb,reported,1,2026-05-02,2026-05-02
outlet:facebook.com,case:9f9c392bc16c,reported,1,2026-02-23,2026-02-23
outlet:facebook.com,case:c4c9dd0ef184,reported,1,2025-11-09,2025-11-09
outlet:facebook.com,case:ff7f7c8408a6,reported,1,2025-10-07,2025-10-07
outlet:facebook.com,case:4df47a4f549f,reported,1,2025-09-17,2025-09-17
case:fe7db810fac8,species:sandalwood,involves,1,2026-09-24,2026-09-24
case:fe7db810fac8,location:dhānbād,occurred_at,1,2026-09-24,2026-09-24
location:dhānbād,location:jharkhand,within,1,2026-09-24,2026-09-24
outlet:navbharattimes.indiatimes.com,case:fe7db810fac8,reported,1,2026-09-24,2026-09-24
outlet:navbharattimes.indiatimes.com,case:7894e7c94138,reported,1,2026-08-13,2026-08-13
case:6ed9d5785a4c,species:sandalwood,involves,1,2026-09-24,2026-09-24
outlet:loktantra19.com,case:6ed9d5785a4c,reported,1,2026-09-24,2026-09-24
case:35e6febf7cce,species:turtles,involves,1,2026-09-24,2026-09-24
case:35e6febf7cce,location:madagascar,occurred_at,1,2026-09-24,2026-09-24
outlet:l'express_de_madagascar,case:35e6febf7cce,reported,1,2026-09-24,2026-09-24
outlet:l'express_de_madagascar,case:d536ff827a3a,reported,1,2026-09-09,2026-09-09
outlet:l'express_de_madagascar,case:a8f5bb53bbcf,reported,1,2026-03-31,2026-03-31
outlet:l'express_de_madagascar,case:047f7bdb3984,reported,1,2026-02-15,2026-02-15
outlet:l'express_de_madagascar,case:e920e79b1c24,reported,1,2025-11-10,2025-11-10
case:a0cac17e4a7d,species:wildlife_general,involves,1,2026-09-24,2026-09-24
outlet:daily_maverick,case:a0cac17e4a7d,reported,1,2026-09-24,2026-09-24
outlet:daily_maverick,case:150fc87169c0,reported,1,2026-02-25,2026-02-25
outlet:daily_maverick,case:490efbf83f91,reported,1,2025-09-08,2025-09-08
outlet:daily_maverick,case:6289ee664837,reported,1,2025-07-01,2025-07-01
outlet:daily_maverick,case:36b743e86595,reported,1,2024-03-04,2024-03-04
case:9d32022a43f9,species:rhino,involves,1,2026-09-24,2026-09-24
case:9d32022a43f9,location:south_africa,occurred_at,1,2026-09-24,2026-09-24
case:9d32022a43f9,commodity:rhino-horns,seized,1,2026-09-24,2026-09-24
outlet:ua.news,case:9d32022a43f9,reported,1,2026-09-24,2026-09-24
outlet:ua.news,case:0bbb1dc2a946,reported,1,2026-09-17,2026-09-17
case:003db529184e,species:wildlife_general,involves,1,2026-09-24,2026-09-24
outlet:the_business_standard,case:003db529184e,reported,1,2026-09-24,2026-09-24
case:111d1ec34b21,species:eels,involves,1,2026-09-24,2026-09-24
agency:customs,case:111d1ec34b21,acted_in,1,2026-09-24,2026-09-24
agency:customs,case:c79ffdfb61fe,acted_in,1,2026-09-20,2026-09-20
agency:customs,case:9ff185a50c58,acted_in,1,2026-08-28,2026-08-28
agency:customs,case:9e87b5560889,acted_in,1,2026-08-05,2026-08-05
agency:customs,case:35f62b561767,acted_in,1,2026-08-05,2026-08-05
agency:customs,case:ca250bc83b95,acted_in,1,2026-07-28,2026-07-28
agency:customs,case:8853e032393c,acted_in,1,2026-07-26,2026-07-26
agency:customs,case:d1d5ae324544,acted_in,1,2026-07-23,2026-07-23
agency:customs,case:b75641cf74a4,acted_in,1,2026-07-23,2026-07-23
agency:customs,case:2aa91773b2dd,acted_in,1,2026-07-16,2026-07-16
agency:customs,case:933488da3498,acted_in,1,2026-07-10,2026-07-10
agency:customs,case:24f2414720e7,acted_in,1,2026-07-08,2026-07-08
agency:customs,case:2a2c3b09a40f,acted_in,1,2026-06-30,2026-06-30
agency:customs,case:ae162fc35873,acted_in,1,2026-06-24,2026-06-24
agency:customs,case:b816e2cbc841,acted_in,1,2026-06-15,2026-06-15
agency:customs,case:3732d7adb24b,acted_in,1,2026-06-15,2026-06-15
agency:customs,case:aa3947272646,acted_in,1,2026-06-15,2026-06-15
agency:customs,case:004f7475434f,acted_in,1,2026-06-15,2026-06-15
agency:customs,case:09aabad356e1,acted_in,1,2026-06-14,2026-06-14
agency:customs,case:f7a0be869418,acted_in,1,2026-06-12,2026-06-12
agency:customs,case:0b4e3815ae6a,acted_in,1,2026-06-11,2026-06-11
agency:customs,case:a353344d8ee9,acted_in,1,2026-06-02,2026-06-02
agency:customs,case:b1544a1400a5,acted_in,1,2026-05-14,2026-05-14
agency:customs,case:b427243188ec,acted_in,1,2026-04-13,2026-04-13
agency:customs,case:215e74ee88fb,acted_in,1,2026-04-10,2026-04-10
agency:customs,case:e901b0faa8ae,acted_in,1,2026-04-09,2026-04-09
agency:customs,case:69a8ba302f46,acted_in,1,2026-04-03,2026-04-03
agency:customs,case:c8e089639d09,acted_in,1,2026-02-27,2026-02-27
agency:customs,case:d07e8e376e94,acted_in,1,2026-02-05,2026-02-05
agency:customs,case:fa9b399f5698,acted_in,1,2026-01-28,2026-01-28
agency:customs,case:80ff85345259,acted_in,1,2026-01-26,2026-01-26
agency:customs,case:38aab56eba6b,acted_in,1,2026-01-20,2026-01-20
agency:customs,case:43b372088c1b,acted_in,1,2026-01-19,2026-01-19
agency:customs,case:957c71fc1918,acted_in,1,2025-12-14,2025-12-14
agency:customs,case:bd370bc6093c,acted_in,1,2025-12-11,2025-12-11
agency:customs,case:21442814a1f7,acted_in,1,2025-11-17,2025-11-17
agency:customs,case:39340cda051f,acted_in,1,2025-11-12,2025-11-12
agency:customs,case:c5a6bec8d26a,acted_in,1,2025-11-05,2025-11-05
agency:customs,case:dc870be8a575,acted_in,1,2025-11-01,2025-11-01
agency:customs,case:b33926a80d49,acted_in,1,2025-10-03,2025-10-03
agency:customs,case:0eca4c3e0ee0,acted_in,1,2025-09-28,2025-09-28
agency:customs,case:ebf1537af2c1,acted_in,1,2025-09-06,2025-09-06
agency:customs,case:18dcd57d495c,acted_in,1,2025-09-04,2025-09-04
agency:customs,case:ea110d8b1513,acted_in,1,2025-06-19,2025-06-19
agency:customs,case:47abde080be7,acted_in,1,2025-02-06,2025-02-06
agency:customs,case:01bf0daf80ae,acted_in,1,2024-11-05,2024-11-05
agency:customs,case:c5f018828add,acted_in,1,2024-10-18,2024-10-18
agency:customs,case:87823c8b13bb,acted_in,1,2024-10-10,2024-10-10
agency:customs,case:73f1bb2a829e,acted_in,1,2024-08-19,2024-08-19
agency:customs,case:f2dac81ae568,acted_in,1,2024-05-30,2024-05-30
outlet:favorflav.com,case:111d1ec34b21,reported,1,2026-09-24,2026-09-24
case:ad17a4b810aa,species:abalone,involves,1,2026-09-24,2026-09-24
case:ad17a4b810aa,location:cape_town,occurred_at,1,2026-09-24,2026-09-24
location:cape_town,location:western_cape,within,8,2024-03-04,2026-09-24
outlet:iol,case:ad17a4b810aa,reported,1,2026-09-24,2026-09-24
outlet:iol,case:149894a1699f,reported,1,2026-09-24,2026-09-24
outlet:iol,case:5fe6f830c62a,reported,1,2026-08-25,2026-08-25
outlet:iol,case:994119527d2e,reported,1,2026-08-24,2026-08-24
outlet:iol,case:00194d0baf59,reported,1,2026-08-21,2026-08-21
outlet:iol,case:308f7b7cfb1c,reported,1,2026-07-27,2026-07-27
outlet:iol,case:8668604e3a97,reported,1,2026-07-24,2026-07-24
outlet:iol,case:575f154046b9,reported,1,2026-07-21,2026-07-21
outlet:iol,case:27c2d5fa1073,reported,2,2026-07-16,2026-07-16
outlet:iol,case:79700796799b,reported,1,2026-06-25,2026-06-25
outlet:iol,case:a4e9fc6f49e5,reported,1,2026-06-17,2026-06-17
outlet:iol,case:914aaf6df1d7,reported,3,2026-06-11,2026-06-11
outlet:iol,case:9e827163d6f2,reported,1,2026-06-05,2026-06-05
outlet:iol,case:723b6b741969,reported,1,2026-05-29,2026-05-29
outlet:iol,case:f0a1a7c655ff,reported,1,2026-05-24,2026-05-24
outlet:iol,case:20a25cc6259f,reported,1,2026-05-07,2026-05-07
outlet:iol,case:ecfbdbd766cd,reported,1,2026-03-26,2026-03-26
outlet:iol,case:bca8a5c898e8,reported,1,2026-03-13,2026-03-13
outlet:iol,case:5a7bd96b7799,reported,1,2026-03-12,2026-03-12
outlet:iol,case:b63cbabd36a9,reported,1,2026-02-25,2026-02-25
outlet:iol,case:ab33ed0ba86f,reported,1,2026-02-12,2026-02-12
outlet:iol,case:dc6eb93d136c,reported,1,2025-12-05,2025-12-05
outlet:iol,case:2b8c06e88cd1,reported,1,2025-11-19,2025-11-19
outlet:iol,case:d7542ff93e5c,reported,1,2025-11-19,2025-11-19
outlet:iol,case:6172cf556549,reported,1,2025-01-03,2025-01-03
outlet:iol,case:1784b86947f9,reported,1,2024-11-21,2024-11-21
outlet:iol,case:58c9989d9ba6,reported,1,2024-07-15,2024-07-15
outlet:iol,case:7c391ecd906c,reported,1,2024-07-03,2024-07-03
outlet:iol,case:78ed5dd28de1,reported,1,2024-07-02,2024-07-02
outlet:iol,case:8c9759b82b7d,reported,1,2024-06-13,2024-06-13
outlet:iol,case:edda27c6d83a,reported,1,2024-04-16,2024-04-16
outlet:iol,case:6ac331504eb6,reported,1,2024-02-15,2024-02-15
outlet:iol.co.za,case:ad17a4b810aa,reported,1,2026-09-24,2026-09-24
case:149894a1699f,species:abalone,involves,1,2026-09-24,2026-09-24
case:149894a1699f,location:metro,occurred_at,1,2026-09-24,2026-09-24
location:metro,location:lampung,within,1,2026-09-24,2026-09-24
outlet:cape_argus,case:149894a1699f,reported,1,2026-09-24,2026-09-24
outlet:cape_argus,case:914aaf6df1d7,reported,1,2026-06-11,2026-06-11
outlet:cape_argus,case:8c9759b82b7d,reported,1,2024-06-13,2024-06-13
case:7080643d0ed5,species:sandalwood,involves,1,2026-09-24,2026-09-24
outlet:asianet_newsable,case:7080643d0ed5,reported,1,2026-09-24,2026-09-24
outlet:menafn.com,case:7080643d0ed5,reported,1,2026-09-24,2026-09-24
case:308eeb4b62e4,species:red_sanders,involves,1,2026-09-24,2026-09-24
case:308eeb4b62e4,species:sandalwood,involves,1,2026-09-24,2026-09-24
outlet:jagran,case:308eeb4b62e4,reported,1,2026-09-24,2026-09-24
outlet:jagran,case:fd5bb0301ba8,reported,1,2026-09-22,2026-09-22
outlet:jagran,case:353fb627c8f3,reported,1,2026-09-09,2026-09-09
outlet:jagran,case:42c20b134c70,reported,1,2026-09-03,2026-09-03
outlet:jagran,case:0ed61f152cc5,reported,1,2026-08-19,2026-08-19
outlet:jagran,case:181d32a02a0a,reported,2,2026-08-16,2026-08-16
outlet:jagran,case:bcc9a8c24dba,reported,1,2026-08-15,2026-08-15
outlet:jagran,case:d1ed2cf97eb1,reported,1,2026-08-09,2026-08-09
outlet:jagran,case:a4066d9e66e4,reported,1,2026-08-08,2026-08-08
outlet:jagran,case:38e11cdf864f,reported,1,2026-07-25,2026-07-25
outlet:jagran,case:e9e82462def5,reported,1,2026-07-18,2026-07-18
outlet:jagran,case:cac8bd2c3fd0,reported,1,2026-07-16,2026-07-16
outlet:jagran,case:58dcb917e3bc,reported,1,2026-07-15,2026-07-15
outlet:jagran,case:14590032adcf,reported,1,2026-06-27,2026-06-27
outlet:jagran,case:33a1e7cfb7bc,reported,1,2026-06-06,2026-06-06
outlet:jagran,case:ffa2a53a7bb5,reported,1,2026-05-23,2026-05-23
outlet:jagran,case:6dac92977443,reported,1,2026-05-15,2026-05-15
outlet:jagran,case:0d177c895024,reported,1,2026-05-12,2026-05-12
outlet:jagran,case:3e3a3f4939fe,reported,1,2026-05-05,2026-05-05
outlet:jagran,case:b335e36276e2,reported,1,2026-02-28,2026-02-28
outlet:jagran,case:d5df5928f518,reported,1,2026-02-20,2026-02-20
outlet:jagran,case:8dd0e4258317,reported,1,2026-02-04,2026-02-04
outlet:jagran,case:9588fa7aa82a,reported,2,2026-01-18,2026-01-18
outlet:jagran,case:158afd9375e2,reported,1,2026-01-15,2026-01-15
outlet:jagran,case:74d5016e4406,reported,1,2026-01-12,2026-01-12
outlet:jagran,case:5247729da6c6,reported,1,2025-12-15,2025-12-15
outlet:jagran,case:4d4bb3985230,reported,1,2025-11-12,2025-11-12
outlet:jagran,case:9d4861fb8031,reported,1,2025-11-12,2025-11-12
outlet:jagran,case:e1999ce6c5d7,reported,1,2025-10-08,2025-10-08
case:84aa60d0b0f9,species:sandalwood,involves,1,2026-09-24,2026-09-24
case:84aa60d0b0f9,location:tiruchirappalli,occurred_at,1,2026-09-24,2026-09-24
location:tiruchirappalli,location:tamil_nadu,within,2,2026-09-23,2026-09-24
outlet:hindustan,case:84aa60d0b0f9,reported,2,2026-09-24,2026-09-24
outlet:hindustan,case:ba78fb309412,reported,1,2026-09-13,2026-09-13
outlet:hindustan,case:4eaf4c30d218,reported,1,2026-09-11,2026-09-11
outlet:hindustan,case:0c40e8672f24,reported,1,2026-09-08,2026-09-08
outlet:hindustan,case:20db2f7d62c3,reported,1,2026-08-29,2026-08-29
outlet:hindustan,case:1dc2f5d8bd07,reported,1,2026-08-22,2026-08-22
outlet:hindustan,case:181d32a02a0a,reported,2,2026-08-16,2026-08-16
outlet:hindustan,case:bb88f51bc31e,reported,1,2026-07-13,2026-07-13
outlet:hindustan,case:ddd2359cabb7,reported,1,2026-07-01,2026-07-01
outlet:hindustan,case:c28fd1fac6f1,reported,1,2025-12-15,2025-12-15
outlet:hindustan,case:e0bbbdc95b57,reported,1,2025-10-07,2025-10-07
outlet:janta_se_rishta,case:84aa60d0b0f9,reported,1,2026-09-24,2026-09-24
case:b32a6fda0f13,species:sandalwood,involves,1,2026-09-24,2026-09-24
outlet:mirrormedia.co.in,case:b32a6fda0f13,reported,1,2026-09-24,2026-09-24
case:4623c9ddb8f9,species:turtles,involves,1,2026-09-24,2026-09-24
outlet:sctododia,case:4623c9ddb8f9,reported,1,2026-09-24,2026-09-24
outlet:sctododia,case:70295f8017f7,reported,1,2026-09-19,2026-09-19
outlet:camboriu.news,case:4623c9ddb8f9,reported,2,2026-09-24,2026-09-24
case:1117a34c58ba,species:birds,involves,1,2026-09-24,2026-09-24
outlet:g1,case:1117a34c58ba,reported,1,2026-09-24,2026-09-24
outlet:g1,case:5ea150076835,reported,3,2026-09-24,2026-09-24
outlet:g1,case:644b4cce09ce,reported,2,2026-09-23,2026-09-23
outlet:g1,case:569b97902266,reported,2,2026-09-23,2026-09-23
outlet:g1,case:70295f8017f7,reported,3,2026-09-19,2026-09-19
outlet:g1,case:76c70fb062a4,reported,1,2026-09-16,2026-09-16
outlet:g1,case:8940e93f30c4,reported,2,2026-09-11,2026-09-11
outlet:g1,case:31f3fcf54054,reported,1,2026-09-10,2026-09-10
outlet:g1,case:5210eac1c5f2,reported,1,2026-09-09,2026-09-09
outlet:g1,case:e5229ea652af,reported,1,2026-09-05,2026-09-05
outlet:g1,case:a68f8c298daf,reported,1,2026-08-20,2026-08-20
outlet:g1,case:02e84ae2075d,reported,2,2026-08-19,2026-08-19
outlet:g1,case:b3482df13ade,reported,1,2026-08-19,2026-08-19
outlet:g1,case:a8771da106b6,reported,1,2026-08-19,2026-08-19
outlet:g1,case:295d7ec12e04,reported,2,2026-08-17,2026-08-17
outlet:g1,case:4f162f4ddf4e,reported,2,2026-08-15,2026-08-15
outlet:g1,case:dd6aa9720b9d,reported,1,2026-08-10,2026-08-10
outlet:g1,case:93a5d0fe5e81,reported,1,2026-08-07,2026-08-07
outlet:g1,case:224c05cf6d28,reported,1,2026-07-30,2026-07-30
outlet:g1,case:4f36679214d8,reported,1,2026-07-22,2026-07-22
outlet:g1,case:fe30ec651a6d,reported,1,2026-07-15,2026-07-15
outlet:g1,case:04cd0bd7aee4,reported,1,2026-07-15,2026-07-15
outlet:g1,case:98502745bc7a,reported,1,2026-07-13,2026-07-13
outlet:g1,case:50d40e616f5b,reported,1,2026-07-13,2026-07-13
outlet:g1,case:55415676f360,reported,1,2026-07-11,2026-07-11
outlet:g1,case:851196d484e7,reported,1,2026-07-02,2026-07-02
outlet:g1,case:3488640a5c65,reported,1,2026-07-01,2026-07-01
outlet:g1,case:988524970793,reported,3,2026-06-17,2026-06-17
outlet:g1,case:e7110dc1c64f,reported,1,2026-06-11,2026-06-11
outlet:g1,case:c603dd920a7d,reported,1,2026-06-10,2026-06-10
outlet:g1,case:973e957dfaa1,reported,1,2026-06-03,2026-06-03
outlet:g1,case:1c95d102979b,reported,1,2026-05-19,2026-05-19
outlet:g1,case:4697e5e45eaa,reported,1,2026-05-07,2026-05-07
outlet:g1,case:1beb8cbd005b,reported,1,2026-05-05,2026-05-05
outlet:g1,case:040c7374d479,reported,1,2026-05-04,2026-05-04
outlet:g1,case:c1fece380d1f,reported,1,2026-04-17,2026-04-17
outlet:g1,case:4c7d66893b20,reported,1,2026-04-15,2026-04-15
outlet:g1,case:88635a058cc0,reported,1,2026-04-15,2026-04-15
outlet:g1,case:5348c18d9292,reported,1,2026-04-13,2026-04-13
outlet:g1,case:aa34b589a9fc,reported,1,2026-04-08,2026-04-08
outlet:g1,case:c9369ce79b8d,reported,1,2026-04-08,2026-04-08
outlet:g1,case:31ab2021fd1e,reported,1,2026-04-02,2026-04-02
outlet:g1,case:0cc64c1dc472,reported,1,2026-03-30,2026-03-30
outlet:g1,case:fded2eb1f908,reported,1,2026-03-23,2026-03-23
outlet:g1,case:99b4df3c7ef6,reported,1,2026-03-16,2026-03-16
outlet:g1,case:7215550f314e,reported,1,2026-03-16,2026-03-16
outlet:g1,case:cdb2ef59192b,reported,1,2026-03-12,2026-03-12
outlet:g1,case:e9f8672d23b3,reported,2,2026-03-03,2026-03-03
outlet:g1,case:b6e753662c65,reported,1,2026-02-28,2026-02-28
outlet:g1,case:d5ba3297850a,reported,1,2026-02-23,2026-02-23
outlet:g1,case:217044dd07c9,reported,1,2026-02-13,2026-02-13
outlet:g1,case:e94ded54e8ce,reported,1,2026-02-12,2026-02-12
outlet:g1,case:c2aa904e167a,reported,1,2026-02-05,2026-02-05
outlet:g1,case:7137f4fb0e0c,reported,1,2026-01-22,2026-01-22
outlet:g1,case:94cde3088c3b,reported,1,2026-01-16,2026-01-16
outlet:g1,case:37303d80cff1,reported,1,2026-01-03,2026-01-03
outlet:g1,case:4a2e494f2b1a,reported,1,2025-12-29,2025-12-29
outlet:g1,case:52149db679ec,reported,1,2025-12-23,2025-12-23
outlet:g1,case:174785587a0f,reported,1,2025-12-20,2025-12-20
outlet:g1,case:93688ceee3ae,reported,1,2025-12-15,2025-12-15
outlet:g1,case:db7102b481bb,reported,1,2025-12-05,2025-12-05
outlet:g1,case:231aeb43104d,reported,1,2025-11-21,2025-11-21
outlet:g1,case:da09fdb174bc,reported,1,2025-11-15,2025-11-15
outlet:g1,case:7683957e95a2,reported,1,2025-11-14,2025-11-14
outlet:g1,case:2b3a4318c1c4,reported,1,2025-11-13,2025-11-13
outlet:g1,case:1f155b26a25b,reported,1,2025-10-31,2025-10-31
outlet:g1,case:3c3617156443,reported,1,2025-10-31,2025-10-31
outlet:g1,case:dd0feac69440,reported,2,2025-10-29,2025-10-29
outlet:g1,case:cbc972ac601a,reported,1,2025-10-09,2025-10-09
outlet:g1,case:5f676631449c,reported,1,2025-10-08,2025-10-08
outlet:g1,case:0f3dcb97d98c,reported,1,2025-10-04,2025-10-04
outlet:g1,case:2587d37f1648,reported,1,2025-09-30,2025-09-30
outlet:g1,case:c54694b669f8,reported,1,2025-09-25,2025-09-25
outlet:g1,case:dee1faa8c792,reported,5,2025-09-16,2025-09-16
outlet:g1,case:96a2ed904028,reported,1,2025-09-14,2025-09-14
outlet:g1,case:a3720171b60f,reported,1,2025-09-05,2025-09-05
outlet:g1,case:511b96869dc4,reported,1,2025-09-01,2025-09-01
outlet:g1,case:719dfb93e1ff,reported,1,2025-08-21,2025-08-21
outlet:g1,case:324ad1c75588,reported,1,2025-06-23,2025-06-23
outlet:g1,case:19702415b86e,reported,1,2025-05-21,2025-05-21
outlet:g1,case:16f024ae970e,reported,1,2025-03-13,2025-03-13
outlet:g1,case:1c6bade6ebe6,reported,1,2024-09-30,2024-09-30
outlet:g1,case:db49100e76b4,reported,1,2024-07-04,2024-07-04
case:5ea150076835,species:wildlife_general,involves,1,2026-09-24,2026-09-24
case:5e2ebf695b7d,species:rosewood,involves,1,2026-09-24,2026-09-24
outlet:fordaq,case:5e2ebf695b7d,reported,1,2026-09-24,2026-09-24
case:de75a04706e4,species:wildlife_general,involves,1,2026-09-24,2026-09-24
case:de75a04706e4,location:imperatriz,occurred_at,1,2026-09-24,2026-09-24
case:de75a04706e4,mode:online,via,1,2026-09-24,2026-09-24
location:imperatriz,location:maranhão,within,1,2026-09-24,2026-09-24
outlet:imperatriz_online,case:de75a04706e4,reported,2,2026-09-24,2026-09-24
case:2ce5c78f99b8,species:turtles,involves,1,2026-09-24,2026-09-24
case:2ce5c78f99b8,location:santo_amaro_da_imperatriz,occurred_at,1,2026-09-24,2026-09-24
location:santo_amaro_da_imperatriz,location:santa_catarina,within,1,2026-09-24,2026-09-24
location:santa_catarina,location:nuevo_león,within,1,2026-05-05,2026-05-05
outlet:agora_floripa,case:2ce5c78f99b8,reported,1,2026-09-24,2026-09-24
case:88c19921a565,species:pangolin,involves,1,2026-09-23,2026-09-23
outlet:the_south_african,case:88c19921a565,reported,1,2026-09-23,2026-09-23
outlet:the_south_african,case:0e64ff1cb7b7,reported,1,2026-08-30,2026-08-30
outlet:the_south_african,case:2c361c4b5adb,reported,1,2026-08-29,2026-08-29
case:b4418474a61c,species:rhino,involves,1,2026-09-23,2026-09-23
case:b4418474a61c,location:west_bengal,occurred_at,1,2026-09-23,2026-09-23
case:b4418474a61c,commodity:rhino-horns,seized,1,2026-09-23,2026-09-23
outlet:moneycontrol.com,case:b4418474a61c,reported,2,2026-09-23,2026-09-23
outlet:moneycontrol.com,case:7c581ec027d5,reported,1,2026-09-08,2026-09-08
outlet:moneycontrol.com,case:59ed8df2efdc,reported,2,2026-09-05,2026-09-05
outlet:moneycontrol.com,case:20a00f60fc51,reported,1,2026-08-17,2026-08-17
case:3b457556a72b,species:wildlife_general,involves,1,2026-09-23,2026-09-23
case:3b457556a72b,location:australia,occurred_at,1,2026-09-23,2026-09-23
outlet:mongabay,case:3b457556a72b,reported,1,2026-09-23,2026-09-23
case:399bb84e5308,species:turtles,involves,1,2026-09-23,2026-09-23
outlet:idn_times_lampung,case:399bb84e5308,reported,1,2026-09-23,2026-09-23
outlet:idn_times_lampung,case:6f631f99ea08,reported,1,2024-08-16,2024-08-16
case:73fe4f096bc2,species:tiger,involves,1,2026-09-23,2026-09-23
case:73fe4f096bc2,commodity:tiger-skin,seized,1,2026-09-23,2026-09-23
outlet:voi.id,case:73fe4f096bc2,reported,1,2026-09-23,2026-09-23
outlet:voi.id,case:31766e0084bb,reported,1,2026-07-29,2026-07-29
outlet:voi.id,case:20b6aae5ee2c,reported,1,2025-12-13,2025-12-13
outlet:voi.id,case:4ff474cdacd8,reported,1,2025-01-20,2025-01-20
case:267fa4724fb9,species:red_sanders,involves,1,2026-09-23,2026-09-23
case:267fa4724fb9,location:kadapa,occurred_at,1,2026-09-23,2026-09-23
case:267fa4724fb9,commodity:red_sanders-tonne,seized,1,2026-09-23,2026-09-23
location:kadapa,location:andhra_pradesh,within,3,2025-08-10,2026-09-23
location:andhra_pradesh,location:bengaluru,trafficked_to,1,2025-10-27,2025-10-27
outlet:deccan_chronicle,case:267fa4724fb9,reported,1,2026-09-23,2026-09-23
outlet:deccan_chronicle,case:7c581ec027d5,reported,2,2026-09-08,2026-09-08
outlet:deccan_chronicle,case:72f9ebe1dce2,reported,1,2026-09-04,2026-09-04
outlet:deccan_chronicle,case:7c2edb84ce53,reported,1,2026-09-03,2026-09-03
outlet:deccan_chronicle,case:fa905202ee09,reported,1,2026-08-29,2026-08-29
outlet:deccan_chronicle,case:fe354cd25193,reported,1,2026-08-24,2026-08-24
outlet:deccan_chronicle,case:c08067d7d2ea,reported,2,2026-07-14,2026-07-14
outlet:deccan_chronicle,case:b244a1d77366,reported,1,2026-06-25,2026-06-25
outlet:deccan_chronicle,case:8f685eb33865,reported,1,2026-06-25,2026-06-25
outlet:deccan_chronicle,case:df8c3c0fe1e7,reported,1,2026-06-07,2026-06-07
outlet:deccan_chronicle,case:87ba1c002e0f,reported,1,2026-05-18,2026-05-18
outlet:deccan_chronicle,case:719c6664112a,reported,1,2026-04-10,2026-04-10
outlet:deccan_chronicle,case:affdfa7c8ef5,reported,2,2026-03-15,2026-03-15
outlet:deccan_chronicle,case:80f9b4549108,reported,1,2026-03-02,2026-03-02
outlet:deccan_chronicle,case:ddaa71ad3b66,reported,1,2026-02-24,2026-02-24
outlet:deccan_chronicle,case:47cb2ba5a783,reported,1,2026-02-11,2026-02-11
outlet:deccan_chronicle,case:3f7982203265,reported,1,2026-01-31,2026-01-31
outlet:deccan_chronicle,case:e9595b17854b,reported,1,2026-01-30,2026-01-30
outlet:deccan_chronicle,case:85e74bc7240f,reported,1,2026-01-10,2026-01-10
outlet:deccan_chronicle,case:b82d01209924,reported,1,2025-11-20,2025-11-20
outlet:deccan_chronicle,case:e7c4736adc20,reported,1,2025-11-05,2025-11-05
outlet:deccan_chronicle,case:e0bbbdc95b57,reported,1,2025-10-07,2025-10-07
outlet:deccan_chronicle,case:4c1d509fcc43,reported,1,2025-10-05,2025-10-05
outlet:deccan_chronicle,case:3227f3f1203e,reported,1,2025-09-24,2025-09-24
outlet:deccan_chronicle,case:bbd81201e924,reported,1,2025-09-09,2025-09-09
outlet:deccan_chronicle,case:252d239ccad9,reported,1,2025-09-01,2025-09-01
outlet:deccan_chronicle,case:93857dd965a6,reported,1,2025-08-10,2025-08-10
outlet:deccan_chronicle,case:d1367c4b3b6a,reported,1,2025-02-07,2025-02-07
outlet:deccan_chronicle,case:7efb5310e99a,reported,1,2025-01-11,2025-01-11
outlet:deccan_chronicle,case:cbbefb2474e0,reported,1,2025-01-03,2025-01-03
outlet:deccan_chronicle,case:5f7fd6030129,reported,1,2024-12-13,2024-12-13
outlet:deccan_chronicle,case:36dcc76f1571,reported,1,2024-09-13,2024-09-13
outlet:deccan_chronicle,case:fdebf0b48b56,reported,1,2024-07-06,2024-07-06
outlet:ndtv,case:267fa4724fb9,reported,1,2026-09-23,2026-09-23
outlet:ndtv,case:7c581ec027d5,reported,5,2026-09-08,2026-09-08
outlet:ndtv,case:e46d00e3b9d4,reported,1,2026-08-08,2026-08-08
outlet:ndtv,case:5d3a8a0998c8,reported,1,2026-07-09,2026-07-09
outlet:ndtv,case:2523bea4eb14,reported,1,2026-07-04,2026-07-04
outlet:ndtv,case:17aef856c939,reported,1,2026-07-01,2026-07-01
outlet:ndtv,case:51ec92a966f7,reported,1,2026-06-27,2026-06-27
outlet:ndtv,case:54004b559dc0,reported,1,2026-06-20,2026-06-20
outlet:ndtv,case:11d43a28a809,reported,1,2025-11-10,2025-11-10
outlet:ndtv,case:e7c4736adc20,reported,1,2025-11-05,2025-11-05
outlet:ndtv,case:ca056d978827,reported,1,2025-10-07,2025-10-07
outlet:ndtv,case:7cbed3890e8a,reported,1,2025-09-19,2025-09-19
outlet:ndtv,case:e7e9ee71a3c1,reported,1,2024-06-09,2024-06-09
case:fedca65c19c3,species:sandalwood,involves,1,2026-09-23,2026-09-23
case:fedca65c19c3,location:tiruchirappalli,occurred_at,1,2026-09-23,2026-09-23
case:fedca65c19c3,commodity:sandalwood-skins,seized,1,2026-09-23,2026-09-23
outlet:the_news_mill,case:fedca65c19c3,reported,1,2026-09-23,2026-09-23
outlet:the_news_mill,case:7c581ec027d5,reported,1,2026-09-08,2026-09-08
outlet:the_news_mill,case:59ed8df2efdc,reported,1,2026-09-05,2026-09-05
outlet:the_news_mill,case:3e4fae0a69dc,reported,1,2026-08-21,2026-08-21
outlet:big_news_network.com,case:fedca65c19c3,reported,1,2026-09-23,2026-09-23
case:2a1295707eac,species:sandalwood,involves,1,2026-09-23,2026-09-23
case:2a1295707eac,location:india,occurred_at,1,2026-09-23,2026-09-23
case:36dd81aa9ff4,species:turtles,involves,1,2026-09-23,2026-09-23
case:36dd81aa9ff4,location:mexico,occurred_at,1,2026-09-23,2026-09-23
case:36dd81aa9ff4,mode:road,via,1,2026-09-23,2026-09-23
case:36dd81aa9ff4,commodity:turtles-turtles,seized,1,2026-09-23,2026-09-23
case:94ce3a788d9f,species:pangolin,involves,1,2026-09-23,2026-09-23
case:94ce3a788d9f,location:rajsamand,occurred_at,1,2026-09-23,2026-09-23
location:rajsamand,location:rajasthan,within,1,2026-09-23,2026-09-23
agency:wccb,case:94ce3a788d9f,acted_in,1,2026-09-23,2026-09-23
agency:wccb,case:7c581ec027d5,acted_in,1,2026-09-08,2026-09-08
agency:wccb,case:59ed8df2efdc,acted_in,1,2026-09-05,2026-09-05
agency:wccb,case:6a3d09d40f01,acted_in,1,2026-08-19,2026-08-19
agency:wccb,case:20a00f60fc51,acted_in,1,2026-08-17,2026-08-17
agency:wccb,case:1bdf5ce11833,acted_in,1,2026-07-29,2026-07-29
agency:wccb,case:8cce8ce1a78c,acted_in,1,2026-03-09,2026-03-09
agency:wccb,case:ed06527e18a0,acted_in,1,2026-03-08,2026-03-08
agency:wccb,case:9f83b0577b62,acted_in,1,2025-12-05,2025-12-05
outlet:jaivardhannews.com,case:94ce3a788d9f,reported,1,2026-09-23,2026-09-23
case:7d0c7b4c6c9e,species:wildlife_general,involves,1,2026-09-23,2026-09-23
case:7d0c7b4c6c9e,location:nagaon,occurred_at,1,2026-09-23,2026-09-23
location:nagaon,location:assam,within,4,2025-01-30,2026-09-23
outlet:pib,case:7d0c7b4c6c9e,reported,3,2026-09-23,2026-09-23
outlet:pib,case:c79ffdfb61fe,reported,3,2026-09-20,2026-09-20
outlet:pib,case:aa20dadd1708,reported,1,2026-09-09,2026-09-09
outlet:pib,case:59ed8df2efdc,reported,3,2026-09-05,2026-09-05
outlet:pib,case:5d3a8a0998c8,reported,1,2026-07-09,2026-07-09
outlet:pib,case:7af7f82beed6,reported,2,2026-06-26,2026-06-26
outlet:pib,case:07a491d5a32b,reported,1,2026-05-27,2026-05-27
outlet:pib,case:9f83b0577b62,reported,1,2025-12-05,2025-12-05
case:3b3e5e171463,species:turtles,involves,1,2026-09-23,2026-09-23
case:3b3e5e171463,mode:road,via,1,2026-09-23,2026-09-23
case:8d688c0ed5cf,species:elephant,involves,1,2026-09-23,2026-09-23
outlet:nlto,case:8d688c0ed5cf,reported,1,2026-09-23,2026-09-23
case:1844efc4d248,species:birds,involves,1,2026-09-23,2026-09-23
outlet:gaz.com.br,case:1844efc4d248,reported,1,2026-09-23,2026-09-23
case:644b4cce09ce,species:birds,involves,1,2026-09-23,2026-09-23
case:644b4cce09ce,location:araxá,occurred_at,1,2026-09-23,2026-09-23
location:araxá,location:minas_gerais,within,1,2026-09-23,2026-09-23
outlet:jornal_araxá,case:644b4cce09ce,reported,1,2026-09-23,2026-09-23
case:b1970feb5932,species:birds,involves,1,2026-09-23,2026-09-23
outlet:portal_abc_do_abc,case:b1970feb5932,reported,1,2026-09-23,2026-09-23
case:569b97902266,species:wildlife_general,involves,1,2026-09-23,2026-09-23
case:569b97902266,location:chapecó,occurred_at,1,2026-09-23,2026-09-23
location:chapecó,location:santa_catarina,within,1,2026-09-23,2026-09-23
case:d0ea519ffe1c,species:turtles,involves,1,2026-09-23,2026-09-23
case:a1636a971523,species:wildlife_general,involves,1,2026-09-23,2026-09-23
case:a1636a971523,location:córdoba,occurred_at,1,2026-09-23,2026-09-23
location:córdoba,location:veracruz,within,1,2026-09-23,2026-09-23
outlet:oem.com.mx,case:a1636a971523,reported,1,2026-09-23,2026-09-23
case:a05285906a3e,species:eels,involves,1,2026-09-22,2026-09-22
outlet:actu.fr,case:a05285906a3e,reported,2,2026-09-22,2026-09-22
outlet:actu.fr,case:89deb6940e75,reported,1,2026-09-11,2026-09-11
case:8a20d9c303ae,species:birds,involves,1,2026-09-22,2026-09-22
case:8a20d9c303ae,location:peru,occurred_at,1,2026-09-22,2026-09-22
outlet:mix_vale,case:8a20d9c303ae,reported,1,2026-09-22,2026-09-22
case:f68dfea49205,species:elephant,involves,1,2026-09-22,2026-09-22
case:f68dfea49205,location:wayanad,occurred_at,1,2026-09-22,2026-09-22
location:wayanad,location:kerala,within,2,2026-05-17,2026-09-22
outlet:the_new_indian_express,case:f68dfea49205,reported,2,2026-09-22,2026-09-22
outlet:the_new_indian_express,case:4a88229921e8,reported,2,2026-09-18,2026-09-18
outlet:the_new_indian_express,case:d5652f0d648b,reported,1,2026-09-11,2026-09-11
outlet:the_new_indian_express,case:677f09516d1e,reported,1,2026-09-10,2026-09-10
outlet:the_new_indian_express,case:7c581ec027d5,reported,1,2026-09-08,2026-09-08
outlet:the_new_indian_express,case:d36338c0ca13,reported,1,2026-09-08,2026-09-08
outlet:the_new_indian_express,case:0097982baf54,reported,1,2026-08-28,2026-08-28
outlet:the_new_indian_express,case:c08067d7d2ea,reported,1,2026-07-14,2026-07-14
outlet:the_new_indian_express,case:b244a1d77366,reported,1,2026-06-25,2026-06-25
outlet:the_new_indian_express,case:df8c3c0fe1e7,reported,1,2026-06-07,2026-06-07
outlet:the_new_indian_express,case:39c963c6b876,reported,1,2026-05-17,2026-05-17
outlet:the_new_indian_express,case:257a18c99e71,reported,1,2026-05-16,2026-05-16
outlet:the_new_indian_express,case:5075a6e113af,reported,1,2026-05-15,2026-05-15
outlet:the_new_indian_express,case:d1dfaa98d40c,reported,1,2026-05-14,2026-05-14
outlet:the_new_indian_express,case:1260db8c7ee6,reported,1,2026-05-12,2026-05-12
outlet:the_new_indian_express,case:392d725a8e2f,reported,1,2026-04-20,2026-04-20
outlet:the_new_indian_express,case:8cce8ce1a78c,reported,1,2026-03-09,2026-03-09
outlet:the_new_indian_express,case:80f9b4549108,reported,1,2026-03-02,2026-03-02
outlet:the_new_indian_express,case:f5e12a8155e3,reported,1,2026-02-06,2026-02-06
outlet:the_new_indian_express,case:3971e1fdce32,reported,1,2026-02-06,2026-02-06
outlet:the_new_indian_express,case:1e9b7b72b4b9,reported,2,2026-01-29,2026-01-29
outlet:the_new_indian_express,case:fa9b399f5698,reported,1,2026-01-28,2026-01-28
outlet:the_new_indian_express,case:97107646e759,reported,1,2025-12-04,2025-12-04
outlet:the_new_indian_express,case:22b18fbfadf8,reported,2,2025-11-09,2025-11-09
outlet:the_new_indian_express,case:af36b586669c,reported,1,2025-10-27,2025-10-27
outlet:the_new_indian_express,case:e0bbbdc95b57,reported,2,2025-10-07,2025-10-07
outlet:the_new_indian_express,case:4c1d509fcc43,reported,1,2025-10-05,2025-10-05
outlet:the_new_indian_express,case:8d013f2249d2,reported,1,2025-08-22,2025-08-22
outlet:the_new_indian_express,case:4ed59f24a6e8,reported,1,2025-06-17,2025-06-17
outlet:the_new_indian_express,case:c6b676ab2b41,reported,1,2025-03-28,2025-03-28
outlet:the_new_indian_express,case:15715af7595b,reported,1,2024-08-07,2024-08-07
outlet:onmanorama.com,case:f68dfea49205,reported,1,2026-09-22,2026-09-22
outlet:menafn,case:f68dfea49205,reported,1,2026-09-22,2026-09-22
case:d124df6a689e,species:sandalwood,involves,1,2026-09-22,2026-09-22
case:d124df6a689e,location:bengaluru,occurred_at,1,2026-09-22,2026-09-22
case:d124df6a689e,mode:rail,via,1,2026-09-22,2026-09-22
location:bengaluru,location:karnataka,within,15,2024-03-06,2026-09-22
agency:rpf,case:d124df6a689e,acted_in,1,2026-09-22,2026-09-22
outlet:country_and_politics,case:d124df6a689e,reported,1,2026-09-22,2026-09-22
outlet:country_and_politics,case:36f387730280,reported,1,2026-06-04,2026-06-04
outlet:country_and_politics,case:615212908a89,reported,1,2026-03-24,2026-03-24
outlet:country_and_politics,case:f382f12c2459,reported,1,2025-12-06,2025-12-06
case:6f8d39b596aa,species:red_sanders,involves,1,2026-09-22,2026-09-22
case:6f8d39b596aa,location:tiruvannamalai,occurred_at,1,2026-09-22,2026-09-22
case:6f8d39b596aa,commodity:red_sanders-kg,seized,1,2026-09-22,2026-09-22
location:tiruvannamalai,location:tamil_nadu,within,1,2026-09-22,2026-09-22
case:26f6e09f4de1,species:abalone,involves,1,2026-09-22,2026-09-22
outlet:capeargus.co.za,case:26f6e09f4de1,reported,1,2026-09-22,2026-09-22
case:fd5bb0301ba8,species:wildlife_general,involves,1,2026-09-22,2026-09-22
case:fd5bb0301ba8,location:nagaon,occurred_at,1,2026-09-22,2026-09-22
case:fd5bb0301ba8,commodity:wildlife_general-kg,seized,1,2026-09-22,2026-09-22
case:39b8a2794193,species:turtles,involves,1,2026-09-22,2026-09-22
outlet:ouest-france,case:39b8a2794193,reported,1,2026-09-22,2026-09-22
outlet:ouest-france,case:247c1b7e48a9,reported,1,2026-09-15,2026-09-15
outlet:ouest-france,case:ee0ca3cff1ff,reported,1,2026-07-28,2026-07-28
outlet:ouest-france,case:87decde84bab,reported,1,2026-03-27,2026-03-27
outlet:ouest-france,case:9d98b13da3ce,reported,1,2026-03-12,2026-03-12
outlet:ouest-france,case:af5944c9f827,reported,1,2026-02-20,2026-02-20
outlet:ouest-france,case:7cf688f466fc,reported,1,2025-12-15,2025-12-15
outlet:ouest-france,case:dad8ecf6e18e,reported,1,2025-10-07,2025-10-07
case:7876bc7c94a5,species:wildlife_general,involves,1,2026-09-22,2026-09-22
outlet:diario_de_pernambuco,case:7876bc7c94a5,reported,1,2026-09-22,2026-09-22
outlet:diario_de_pernambuco,case:3426dd3ac8af,reported,1,2026-06-22,2026-06-22
outlet:diario_de_pernambuco,case:1597ec701369,reported,1,2026-04-19,2026-04-19
outlet:jc,case:7876bc7c94a5,reported,1,2026-09-22,2026-09-22
outlet:jc,case:d1f574e9271c,reported,1,2026-05-12,2026-05-12
case:818f078163bc,species:rosewood,involves,1,2026-09-22,2026-09-22
outlet:leiajá,case:818f078163bc,reported,1,2026-09-22,2026-09-22
case:9e22c81cce79,species:wildlife_general,involves,1,2026-09-22,2026-09-22
case:9e22c81cce79,mode:air,via,1,2026-09-22,2026-09-22
outlet:em.com.br,case:9e22c81cce79,reported,1,2026-09-22,2026-09-22
outlet:180graus,case:9e22c81cce79,reported,1,2026-09-22,2026-09-22
outlet:por_dentro_de_tudo,case:9e22c81cce79,reported,1,2026-09-22,2026-09-22
case:1536092f99ee,species:turtles,involves,1,2026-09-22,2026-09-22
outlet:delfino.cr,case:1536092f99ee,reported,1,2026-09-22,2026-09-22
outlet:el_observador_cr,case:1536092f99ee,reported,1,2026-09-22,2026-09-22
case:90f0d997fde2,species:birds,involves,1,2026-09-22,2026-09-22
outlet:farol_de_notícias,case:90f0d997fde2,reported,1,2026-09-22,2026-09-22
case:dc595f634dab,species:wildlife_general,involves,1,2026-09-22,2026-09-22
outlet:sunday_tribune,case:dc595f634dab,reported,1,2026-09-22,2026-09-22
case:970c09bde09f,species:rhino,involves,1,2026-09-21,2026-09-21
case:970c09bde09f,location:biswanath,occurred_at,1,2026-09-21,2026-09-21
location:biswanath,location:assam,within,1,2026-09-21,2026-09-21
outlet:g_plus_news,case:970c09bde09f,reported,3,2026-09-21,2026-09-21
outlet:g_plus_news,case:c79ffdfb61fe,reported,1,2026-09-20,2026-09-20
outlet:g_plus_news,case:3ad11ab3a7f9,reported,1,2026-07-06,2026-07-06
outlet:g_plus_news,case:d07e8e376e94,reported,1,2026-02-05,2026-02-05
outlet:the_assam_tribune,case:970c09bde09f,reported,2,2026-09-21,2026-09-21
outlet:the_assam_tribune,case:979288531821,reported,1,2025-09-27,2025-09-27
outlet:the_assam_tribune,case:86b08c954ca5,reported,1,2025-01-30,2025-01-30
outlet:newslivetv.com,case:970c09bde09f,reported,1,2026-09-21,2026-09-21
outlet:pratidin_time,case:970c09bde09f,reported,1,2026-09-21,2026-09-21
outlet:pratidin_time,case:c79ffdfb61fe,reported,1,2026-09-20,2026-09-20
outlet:pratidin_time,case:1b5c3635c6a6,reported,1,2026-06-29,2026-06-29
outlet:pratidin_time,case:51ec92a966f7,reported,1,2026-06-27,2026-06-27
outlet:pratidin_time,case:5aac4cea962f,reported,1,2026-06-20,2026-06-20
outlet:sentinelassam.com,case:970c09bde09f,reported,1,2026-09-21,2026-09-21
outlet:sentinelassam.com,case:1b5c3635c6a6,reported,1,2026-06-29,2026-06-29
"outlet:the_sentinel_-_of_this_land,_for_its_people",case:970c09bde09f,reported,2,2026-09-21,2026-09-21
"outlet:the_sentinel_-_of_this_land,_for_its_people",case:3ad11ab3a7f9,reported,1,2026-07-06,2026-07-06
"outlet:the_sentinel_-_of_this_land,_for_its_people",case:1b5c3635c6a6,reported,1,2026-06-29,2026-06-29
"outlet:the_sentinel_-_of_this_land,_for_its_people",case:87fdced47209,reported,1,2026-05-13,2026-05-13
"outlet:the_sentinel_-_of_this_land,_for_its_people",case:ed06527e18a0,reported,1,2026-03-08,2026-03-08
"outlet:the_sentinel_-_of_this_land,_for_its_people",case:ef60531ec15f,reported,1,2025-10-13,2025-10-13
case:258ece6e1381,species:monitor_lizard,involves,1,2026-09-21,2026-09-21
case:258ece6e1381,location:pune,occurred_at,1,2026-09-21,2026-09-21
location:pune,location:maharashtra,within,5,2026-01-11,2026-09-21
case:c18b260ef6e2,species:wildlife_general,involves,1,2026-09-21,2026-09-21
outlet:lady_freethinker,case:c18b260ef6e2,reported,1,2026-09-21,2026-09-21
outlet:lady_freethinker,case:bb7f4b49499f,reported,1,2026-06-05,2026-06-05
outlet:lady_freethinker,case:1d070e32dcfb,reported,1,2026-02-27,2026-02-27
case:7f72eb9db098,species:abalone,involves,1,2026-09-21,2026-09-21
outlet:the_inertia,case:7f72eb9db098,reported,1,2026-09-21,2026-09-21
outlet:the_inertia,case:269ceb38b4b3,reported,1,2026-04-29,2026-04-29
outlet:the_inertia,case:22f5f3b765c9,reported,1,2026-04-14,2026-04-14
outlet:the_inertia,case:6966338b1d42,reported,1,2026-03-03,2026-03-03
case:dedd4e6f362f,species:elephant,involves,1,2026-09-21,2026-09-21
case:dedd4e6f362f,location:gabon,occurred_at,1,2026-09-21,2026-09-21
outlet:direct_infos_gabon,case:dedd4e6f362f,reported,1,2026-09-21,2026-09-21
case:15d1077bb5fc,species:wildlife_general,involves,1,2026-09-21,2026-09-21
case:15d1077bb5fc,location:marília,occurred_at,1,2026-09-21,2026-09-21
location:marília,location:são_paulo,within,1,2026-09-21,2026-09-21
outlet:marília_notícia,case:15d1077bb5fc,reported,1,2026-09-21,2026-09-21
case:dfa0386d4056,species:elephant,involves,1,2026-09-21,2026-09-21
case:dfa0386d4056,commodity:elephant-kg,seized,1,2026-09-21,2026-09-21
outlet:mznews.co.mz,case:dfa0386d4056,reported,1,2026-09-21,2026-09-21
case:329ddcb12539,species:primates,involves,1,2026-09-21,2026-09-21
case:329ddcb12539,location:kalimantan,occurred_at,1,2026-09-21,2026-09-21
outlet:tempo.co_english,case:329ddcb12539,reported,1,2026-09-21,2026-09-21
case:c79ffdfb61fe,species:tokay_gecko,involves,1,2026-09-20,2026-09-20
case:c79ffdfb61fe,location:golaghat,occurred_at,1,2026-09-20,2026-09-20
case:c79ffdfb61fe,commodity:tokay_gecko-geckos,seized,1,2026-09-20,2026-09-20
location:golaghat,location:assam,within,1,2026-09-20,2026-09-20
agency:dri,case:c79ffdfb61fe,acted_in,1,2026-09-20,2026-09-20
agency:dri,case:9800c1d22f86,acted_in,1,2026-09-17,2026-09-17
agency:dri,case:88dbf923de71,acted_in,1,2026-09-10,2026-09-10
agency:dri,case:d59728460bdb,acted_in,1,2026-09-10,2026-09-10
agency:dri,case:9c6056dc0259,acted_in,1,2026-09-10,2026-09-10
agency:dri,case:79baf9a0b601,acted_in,1,2026-09-08,2026-09-08
agency:dri,case:d36338c0ca13,acted_in,1,2026-09-08,2026-09-08
agency:dri,case:59ed8df2efdc,acted_in,1,2026-09-05,2026-09-05
agency:dri,case:0ed61f152cc5,acted_in,1,2026-08-19,2026-08-19
agency:dri,case:67712306e11c,acted_in,1,2026-08-01,2026-08-01
agency:dri,case:c298ec2d2453,acted_in,1,2026-07-13,2026-07-13
agency:dri,case:7908b9354efa,acted_in,1,2026-07-13,2026-07-13
agency:dri,case:5d3a8a0998c8,acted_in,1,2026-07-09,2026-07-09
agency:dri,case:b787577cb1bf,acted_in,1,2026-07-09,2026-07-09
agency:dri,case:11be888f42df,acted_in,1,2026-06-26,2026-06-26
agency:dri,case:5e268904589b,acted_in,1,2026-06-26,2026-06-26
agency:dri,case:7af7f82beed6,acted_in,1,2026-06-26,2026-06-26
agency:dri,case:4b7f80c94c31,acted_in,1,2026-06-03,2026-06-03
agency:dri,case:07a491d5a32b,acted_in,1,2026-05-27,2026-05-27
agency:dri,case:2aec2e5029e8,acted_in,1,2026-05-27,2026-05-27
agency:dri,case:3514948b01dc,acted_in,1,2026-05-27,2026-05-27
agency:dri,case:cf86f7e6d871,acted_in,1,2026-05-21,2026-05-21
agency:dri,case:87ba1c002e0f,acted_in,1,2026-05-18,2026-05-18
agency:dri,case:164f672d8efd,acted_in,1,2026-04-13,2026-04-13
agency:dri,case:bdf646c5db80,acted_in,1,2025-12-15,2025-12-15
agency:dri,case:538fc9e9c7fa,acted_in,1,2025-12-14,2025-12-14
agency:dri,case:c968446a9714,acted_in,1,2025-11-08,2025-11-08
agency:dri,case:4c1d509fcc43,acted_in,1,2025-10-05,2025-10-05
agency:dri,case:86c6f371b330,acted_in,1,2025-09-19,2025-09-19
agency:dri,case:8e0cb03e2123,acted_in,1,2025-08-18,2025-08-18
agency:dri,case:f74b4bdfb8c2,acted_in,1,2025-05-08,2025-05-08
agency:dri,case:7f88595ae7aa,acted_in,1,2025-05-06,2025-05-06
agency:dri,case:171e3ee778cf,acted_in,1,2025-01-26,2025-01-26
agency:dri,case:fdebf0b48b56,acted_in,1,2024-07-06,2024-07-06
agency:dri,case:e86236121764,acted_in,1,2024-03-12,2024-03-12
agency:dri,case:ed7de45944fd,acted_in,1,2024-03-06,2024-03-06
agency:forest_department,case:c79ffdfb61fe,acted_in,1,2026-09-20,2026-09-20
agency:forest_department,case:20fa6c4ba6dd,acted_in,1,2026-09-19,2026-09-19
agency:forest_department,case:ba78fb309412,acted_in,1,2026-09-13,2026-09-13
agency:forest_department,case:7c581ec027d5,acted_in,1,2026-09-08,2026-09-08
agency:forest_department,case:72f9ebe1dce2,acted_in,1,2026-09-04,2026-09-04
agency:forest_department,case:3e4fae0a69dc,acted_in,1,2026-08-21,2026-08-21
agency:forest_department,case:20a00f60fc51,acted_in,1,2026-08-17,2026-08-17
agency:forest_department,case:b79b3be268c9,acted_in,1,2026-08-17,2026-08-17
agency:forest_department,case:36f0d5f45544,acted_in,1,2026-08-04,2026-08-04
agency:forest_department,case:3dcf01b2e633,acted_in,1,2026-07-21,2026-07-21
agency:forest_department,case:0d9b23ba53b8,acted_in,1,2026-07-18,2026-07-18
agency:forest_department,case:2e3622319027,acted_in,1,2026-07-18,2026-07-18
agency:forest_department,case:c298ec2d2453,acted_in,1,2026-07-13,2026-07-13
agency:forest_department,case:1b5c3635c6a6,acted_in,1,2026-06-29,2026-06-29
agency:forest_department,case:51ec92a966f7,acted_in,1,2026-06-27,2026-06-27
agency:forest_department,case:11be888f42df,acted_in,1,2026-06-26,2026-06-26
agency:forest_department,case:8eed68e0aefe,acted_in,1,2026-06-25,2026-06-25
agency:forest_department,case:1b53bee9ae06,acted_in,1,2026-06-20,2026-06-20
agency:forest_department,case:0f678c808ce3,acted_in,1,2026-06-06,2026-06-06
agency:forest_department,case:4e5b8cb246d6,acted_in,1,2026-04-15,2026-04-15
agency:forest_department,case:ed06527e18a0,acted_in,1,2026-03-08,2026-03-08
agency:forest_department,case:caf8e72595ac,acted_in,1,2026-02-08,2026-02-08
agency:forest_department,case:fa9b399f5698,acted_in,1,2026-01-28,2026-01-28
agency:forest_department,case:cdab268acaf0,acted_in,1,2026-01-12,2026-01-12
agency:forest_department,case:dade7d6038d1,acted_in,1,2026-01-11,2026-01-11
agency:forest_department,case:bab69172854f,acted_in,1,2026-01-09,2026-01-09
agency:forest_department,case:f11bd04ef6e1,acted_in,1,2025-11-17,2025-11-17
agency:forest_department,case:9d4861fb8031,acted_in,1,2025-11-12,2025-11-12
agency:forest_department,case:7cbed3890e8a,acted_in,1,2025-09-19,2025-09-19
agency:forest_department,case:d1367c4b3b6a,acted_in,1,2025-02-07,2025-02-07
outlet:timesofindia.indiatimes.com,case:c79ffdfb61fe,reported,1,2026-09-20,2026-09-20
outlet:timesofindia.indiatimes.com,case:e4390ffa6eca,reported,1,2026-09-09,2026-09-09
outlet:timesofindia.indiatimes.com,case:59ed8df2efdc,reported,1,2026-09-05,2026-09-05
outlet:timesofindia.indiatimes.com,case:3e4fae0a69dc,reported,1,2026-08-21,2026-08-21
outlet:timesofindia.indiatimes.com,case:147441db97a9,reported,1,2026-08-20,2026-08-20
outlet:timesofindia.indiatimes.com,case:1bdf5ce11833,reported,1,2026-07-29,2026-07-29
outlet:timesofindia.indiatimes.com,case:880c02e7d8da,reported,1,2026-07-24,2026-07-24
outlet:timesofindia.indiatimes.com,case:bb88f51bc31e,reported,1,2026-07-13,2026-07-13
outlet:timesofindia.indiatimes.com,case:5d3a8a0998c8,reported,1,2026-07-09,2026-07-09
outlet:timesofindia.indiatimes.com,case:a30f62bbfabc,reported,1,2026-06-29,2026-06-29
outlet:timesofindia.indiatimes.com,case:51ec92a966f7,reported,1,2026-06-27,2026-06-27
outlet:timesofindia.indiatimes.com,case:b244a1d77366,reported,1,2026-06-25,2026-06-25
outlet:timesofindia.indiatimes.com,case:e0fcc54c00df,reported,1,2026-06-24,2026-06-24
outlet:timesofindia.indiatimes.com,case:b02b29622fb4,reported,1,2026-06-20,2026-06-20
outlet:timesofindia.indiatimes.com,case:377b03c434a2,reported,1,2026-06-07,2026-06-07
outlet:timesofindia.indiatimes.com,case:f6eb6199cbca,reported,1,2026-06-06,2026-06-06
outlet:timesofindia.indiatimes.com,case:36f387730280,reported,1,2026-06-04,2026-06-04
outlet:timesofindia.indiatimes.com,case:07a491d5a32b,reported,1,2026-05-27,2026-05-27
outlet:timesofindia.indiatimes.com,case:f40a8a1ba5db,reported,1,2026-05-23,2026-05-23
outlet:timesofindia.indiatimes.com,case:5075a6e113af,reported,1,2026-05-15,2026-05-15
outlet:timesofindia.indiatimes.com,case:296d8b586d08,reported,1,2026-05-14,2026-05-14
outlet:timesofindia.indiatimes.com,case:d981e20dfa51,reported,1,2026-05-12,2026-05-12
outlet:timesofindia.indiatimes.com,case:0e739bb8815c,reported,1,2026-05-04,2026-05-04
outlet:timesofindia.indiatimes.com,case:ef4a48e7bf4f,reported,1,2026-04-11,2026-04-11
outlet:timesofindia.indiatimes.com,case:e55e36b7ec44,reported,1,2026-03-20,2026-03-20
outlet:timesofindia.indiatimes.com,case:0e8e3567dd8f,reported,1,2026-02-24,2026-02-24
outlet:timesofindia.indiatimes.com,case:2f315e9e0257,reported,1,2026-02-11,2026-02-11
outlet:timesofindia.indiatimes.com,case:caf8e72595ac,reported,2,2026-02-08,2026-02-08
outlet:timesofindia.indiatimes.com,case:b164bed74946,reported,1,2026-01-22,2026-01-22
outlet:timesofindia.indiatimes.com,case:e6e9cede3910,reported,1,2026-01-12,2026-01-12
outlet:timesofindia.indiatimes.com,case:31b0fa1badd9,reported,1,2025-12-04,2025-12-04
outlet:timesofindia.indiatimes.com,case:39340cda051f,reported,1,2025-11-12,2025-11-12
outlet:timesofindia.indiatimes.com,case:2ca0905abdac,reported,1,2025-11-03,2025-11-03
outlet:timesofindia.indiatimes.com,case:e5b15c70bdb5,reported,1,2025-10-26,2025-10-26
outlet:timesofindia.indiatimes.com,case:b20b5e2b160f,reported,1,2025-10-25,2025-10-25
outlet:timesofindia.indiatimes.com,case:2a6e8120b2d1,reported,1,2025-10-24,2025-10-24
outlet:timesofindia.indiatimes.com,case:eb3f49e077d3,reported,1,2025-09-29,2025-09-29
outlet:timesofindia.indiatimes.com,case:1c7126c6158e,reported,1,2025-08-22,2025-08-22
outlet:timesofindia.indiatimes.com,case:01aa22b36311,reported,1,2025-05-26,2025-05-26
outlet:timesofindia.indiatimes.com,case:5f7fd6030129,reported,1,2024-12-13,2024-12-13
outlet:timesofindia.indiatimes.com,case:4c32070c2c62,reported,1,2024-12-06,2024-12-06
outlet:timesofindia.indiatimes.com,case:9d98deecf985,reported,1,2024-11-19,2024-11-19
outlet:timesofindia.indiatimes.com,case:61670c9758db,reported,1,2024-06-01,2024-06-01
outlet:timesofindia.indiatimes.com,case:e86236121764,reported,1,2024-03-12,2024-03-12
outlet:timesofindia.indiatimes.com,case:3cb9025ad663,reported,1,2024-01-25,2024-01-25
outlet:nagaland_post,case:c79ffdfb61fe,reported,1,2026-09-20,2026-09-20
outlet:nagaland_post,case:36f0d5f45544,reported,1,2026-08-04,2026-08-04
outlet:nagaland_post,case:6d3c8a2fa03d,reported,1,2026-04-24,2026-04-24
outlet:pib.gov.in,case:c79ffdfb61fe,reported,1,2026-09-20,2026-09-20
outlet:pib.gov.in,case:9800c1d22f86,reported,1,2026-09-17,2026-09-17
outlet:pib.gov.in,case:0ed61f152cc5,reported,4,2026-08-19,2026-08-19
outlet:pib.gov.in,case:5d3a8a0998c8,reported,4,2026-07-09,2026-07-09
outlet:pib.gov.in,case:7af7f82beed6,reported,1,2026-06-26,2026-06-26
outlet:pib.gov.in,case:07a491d5a32b,reported,1,2026-05-27,2026-05-27
outlet:pib.gov.in,case:538fc9e9c7fa,reported,1,2025-12-14,2025-12-14
outlet:pib.gov.in,case:957c71fc1918,reported,1,2025-12-14,2025-12-14
outlet:pib.gov.in,case:9f83b0577b62,reported,1,2025-12-05,2025-12-05
outlet:pib.gov.in,case:ea110d8b1513,reported,1,2025-06-19,2025-06-19
outlet:pib.gov.in,case:7f88595ae7aa,reported,1,2025-05-06,2025-05-06
outlet:pib.gov.in,case:171e3ee778cf,reported,1,2025-01-26,2025-01-26
outlet:pib.gov.in,case:01bf0daf80ae,reported,1,2024-11-05,2024-11-05
outlet:pib.gov.in,case:73f1bb2a829e,reported,1,2024-08-19,2024-08-19
outlet:pib.gov.in,case:ed7de45944fd,reported,1,2024-03-06,2024-03-06
outlet:india_education_diary,case:c79ffdfb61fe,reported,1,2026-09-20,2026-09-20
case:2ac1f7cdaaa2,species:birds,involves,1,2026-09-20,2026-09-20
case:2ac1f7cdaaa2,location:alto_alegre,occurred_at,1,2026-09-20,2026-09-20
location:alto_alegre,location:roraima,within,1,2026-09-20,2026-09-20
outlet:extraderondonia.com.br,case:2ac1f7cdaaa2,reported,1,2026-09-20,2026-09-20
case:449869e22cb6,species:wildlife_general,involves,1,2026-09-20,2026-09-20
case:449869e22cb6,location:morelia,occurred_at,1,2026-09-20,2026-09-20
location:morelia,location:michoacán,within,2,2026-01-05,2026-09-20
outlet:changoonga.com,case:449869e22cb6,reported,1,2026-09-20,2026-09-20
case:20fa6c4ba6dd,species:elephant,involves,1,2026-09-19,2026-09-19
case:20fa6c4ba6dd,location:odisha,occurred_at,1,2026-09-19,2026-09-19
outlet:odisha_tv,case:20fa6c4ba6dd,reported,1,2026-09-19,2026-09-19
outlet:odisha_tv,case:7c581ec027d5,reported,7,2026-09-08,2026-09-08
outlet:odisha_tv,case:d36338c0ca13,reported,1,2026-09-08,2026-09-08
outlet:odisha_tv,case:8f685eb33865,reported,2,2026-06-25,2026-06-25
outlet:odisha_tv,case:df8c3c0fe1e7,reported,1,2026-06-07,2026-06-07
outlet:odisha_tv,case:251d82b599cd,reported,2,2026-04-13,2026-04-13
outlet:odisha_tv,case:26509d76b4a8,reported,1,2026-03-23,2026-03-23
outlet:odisha_tv,case:7167fdd129b7,reported,1,2026-01-23,2026-01-23
outlet:odisha_tv,case:ccf6650ff6e9,reported,1,2026-01-02,2026-01-02
outlet:odisha_tv,case:2ca0905abdac,reported,1,2025-11-03,2025-11-03
outlet:odisha_tv,case:2a989f48270e,reported,1,2025-08-27,2025-08-27
case:9d1a5e85b3ce,species:elephant,involves,1,2026-09-19,2026-09-19
case:9d1a5e85b3ce,location:bouaflé,occurred_at,1,2026-09-19,2026-09-19
location:bouaflé,location:sassandra-marahoue,within,1,2026-09-19,2026-09-19
outlet:agence_ivoirienne_de_presse_(aip),case:9d1a5e85b3ce,reported,1,2026-09-19,2026-09-19
outlet:agence_ivoirienne_de_presse_(aip),case:f85eb2a6adc5,reported,1,2026-09-12,2026-09-12
outlet:agence_ivoirienne_de_presse_(aip),case:d686eada9f2c,reported,1,2026-09-10,2026-09-10
outlet:agence_ivoirienne_de_presse_(aip),case:99158f51e74b,reported,1,2026-09-03,2026-09-03
outlet:agence_ivoirienne_de_presse_(aip),case:6d17e8762fe9,reported,1,2026-08-25,2026-08-25
case:70295f8017f7,species:birds,involves,1,2026-09-19,2026-09-19
case:70295f8017f7,location:são_bernardo,occurred_at,1,2026-09-19,2026-09-19
location:são_bernardo,location:maranhão,within,1,2026-09-19,2026-09-19
outlet:rádio_chapecó,case:70295f8017f7,reported,1,2026-09-19,2026-09-19
outlet:abcd_jornal,case:70295f8017f7,reported,4,2026-09-19,2026-09-19
outlet:tv_são_bernardo,case:70295f8017f7,reported,1,2026-09-19,2026-09-19
outlet:jornal_do_cariri,case:70295f8017f7,reported,1,2026-09-19,2026-09-19
outlet:opovo.com.br,case:70295f8017f7,reported,1,2026-09-19,2026-09-19
outlet:opovo.com.br,case:fe75927ad4fc,reported,1,2024-09-23,2024-09-23
outlet:caririceara.com,case:70295f8017f7,reported,1,2026-09-19,2026-09-19
case:a092eb1a99df,species:turtles,involves,1,2026-09-19,2026-09-19
case:a092eb1a99df,location:chihuahua,occurred_at,1,2026-09-19,2026-09-19
outlet:el_congresista,case:a092eb1a99df,reported,1,2026-09-19,2026-09-19
case:4a88229921e8,species:turtles,involves,1,2026-09-18,2026-09-18
case:4a88229921e8,location:surat,occurred_at,1,2026-09-18,2026-09-18
case:4a88229921e8,commodity:turtles-tortoises,seized,1,2026-09-18,2026-09-18
location:surat,location:gujarat,within,2,2026-06-03,2026-09-18
case:262583f990f2,species:primates,involves,1,2026-09-18,2026-09-18
case:262583f990f2,location:india,occurred_at,1,2026-09-18,2026-09-18
outlet:easterneye,case:262583f990f2,reported,1,2026-09-18,2026-09-18
outlet:the_japan_times,case:262583f990f2,reported,1,2026-09-18,2026-09-18
case:48ca994d01e7,species:turtles,involves,1,2026-09-18,2026-09-18
outlet:tupãcity,case:48ca994d01e7,reported,1,2026-09-18,2026-09-18
case:34b0e9231bf3,species:birds,involves,1,2026-09-18,2026-09-18
case:7b02a169f2c8,species:wildlife_general,involves,1,2026-09-18,2026-09-18
agency:traffic,case:7b02a169f2c8,acted_in,1,2026-09-18,2026-09-18
agency:traffic,case:af15c5416863,acted_in,1,2026-09-04,2026-09-04
agency:traffic,case:99752b6e6208,acted_in,1,2026-07-30,2026-07-30
agency:traffic,case:c97c8565fc3c,acted_in,1,2026-07-09,2026-07-09
agency:traffic,case:7efe0873736c,acted_in,1,2026-06-25,2026-06-25
agency:traffic,case:3d7e52308e8e,acted_in,1,2026-06-25,2026-06-25
agency:traffic,case:992a7fc6eb44,acted_in,1,2026-05-16,2026-05-16
agency:traffic,case:813785c0a4dc,acted_in,1,2026-03-28,2026-03-28
agency:traffic,case:1cd427913b37,acted_in,1,2026-03-20,2026-03-20
agency:traffic,case:751b37291852,acted_in,1,2026-03-13,2026-03-13
agency:traffic,case:0d886b756e0f,acted_in,1,2025-12-23,2025-12-23
agency:traffic,case:70e55be2ccf7,acted_in,1,2025-12-07,2025-12-07
agency:traffic,case:9b7a128b494d,acted_in,1,2025-11-17,2025-11-17
agency:traffic,case:a3bda54277df,acted_in,1,2025-10-29,2025-10-29
agency:traffic,case:2c104568434f,acted_in,1,2025-10-01,2025-10-01
agency:traffic,case:bea249fc4d99,acted_in,1,2025-09-02,2025-09-02
agency:traffic,case:b3de436a2b68,acted_in,1,2024-11-25,2024-11-25
outlet:traffic.org,case:7b02a169f2c8,reported,1,2026-09-18,2026-09-18
outlet:traffic.org,case:af15c5416863,reported,1,2026-09-04,2026-09-04
outlet:traffic.org,case:99752b6e6208,reported,1,2026-07-30,2026-07-30
outlet:traffic.org,case:c97c8565fc3c,reported,1,2026-07-09,2026-07-09
outlet:traffic.org,case:7efe0873736c,reported,1,2026-06-25,2026-06-25
outlet:traffic.org,case:3d7e52308e8e,reported,1,2026-06-25,2026-06-25
outlet:traffic.org,case:813785c0a4dc,reported,1,2026-03-28,2026-03-28
outlet:traffic.org,case:1cd427913b37,reported,1,2026-03-20,2026-03-20
outlet:traffic.org,case:751b37291852,reported,1,2026-03-13,2026-03-13
outlet:traffic.org,case:0d886b756e0f,reported,1,2025-12-23,2025-12-23
outlet:traffic.org,case:70e55be2ccf7,reported,1,2025-12-07,2025-12-07
outlet:traffic.org,case:9b7a128b494d,reported,1,2025-11-17,2025-11-17
outlet:traffic.org,case:a3bda54277df,reported,1,2025-10-29,2025-10-29
outlet:traffic.org,case:2c104568434f,reported,1,2025-10-01,2025-10-01
outlet:traffic.org,case:bea249fc4d99,reported,1,2025-09-02,2025-09-02
outlet:traffic.org,case:b3de436a2b68,reported,1,2024-11-25,2024-11-25
case:7f922769cd16,species:turtles,involves,1,2026-09-17,2026-09-17
case:7f922769cd16,location:ahmedabad,occurred_at,1,2026-09-17,2026-09-17
location:ahmedabad,location:gujarat,within,2,2026-05-01,2026-09-17
outlet:ahmedabadmirror.com,case:7f922769cd16,reported,1,2026-09-17,2026-09-17
outlet:ahmedabadmirror.com,case:4b7f80c94c31,reported,1,2026-06-03,2026-06-03
case:f02ca5813399,species:turtles,involves,1,2026-09-17,2026-09-17
case:f02ca5813399,location:odisha,occurred_at,1,2026-09-17,2026-09-17
outlet:jagran.com,case:f02ca5813399,reported,1,2026-09-17,2026-09-17
outlet:jagran.com,case:e2ae0defe434,reported,1,2026-09-15,2026-09-15
outlet:jagran.com,case:a453459d8c02,reported,1,2026-09-12,2026-09-12
outlet:jagran.com,case:c69b0c6e888d,reported,1,2026-08-31,2026-08-31
case:0bbb1dc2a946,species:rosewood,involves,1,2026-09-17,2026-09-17
case:0bbb1dc2a946,location:abuja,occurred_at,1,2026-09-17,2026-09-17
case:0bbb1dc2a946,commodity:rosewood-tonne,seized,1,2026-09-17,2026-09-17
location:abuja,location:fct,within,1,2026-09-17,2026-09-17
agency:interpol,case:0bbb1dc2a946,acted_in,1,2026-09-17,2026-09-17
agency:interpol,case:1260db8c7ee6,acted_in,1,2026-05-12,2026-05-12
agency:interpol,case:22b424bb1c93,acted_in,1,2025-12-11,2025-12-11
agency:interpol,case:9f83b0577b62,acted_in,1,2025-12-05,2025-12-05
agency:interpol,case:eb3f49e077d3,acted_in,1,2025-09-29,2025-09-29
outlet:vanguard_news,case:0bbb1dc2a946,reported,1,2026-09-17,2026-09-17
outlet:vanguard_news,case:c8e089639d09,reported,1,2026-02-27,2026-02-27
outlet:wansom_ai,case:0bbb1dc2a946,reported,1,2026-09-17,2026-09-17
outlet:wansom_ai,case:f568f8352fa5,reported,1,2026-09-07,2026-09-07
outlet:wansom_ai,case:6c2dcbfa575d,reported,1,2026-09-03,2026-09-03
outlet:wansom_ai,case:90de4de096d3,reported,1,2026-09-01,2026-09-01
outlet:thecable,case:0bbb1dc2a946,reported,1,2026-09-17,2026-09-17
outlet:thecable,case:aa3947272646,reported,1,2026-06-15,2026-06-15
outlet:thecable,case:7f553e8a18f7,reported,1,2025-08-23,2025-08-23
outlet:thecable,case:c5f018828add,reported,1,2024-10-18,2024-10-18
outlet:ait_live,case:0bbb1dc2a946,reported,1,2026-09-17,2026-09-17
outlet:tvc_news,case:0bbb1dc2a946,reported,1,2026-09-17,2026-09-17
outlet:tvc_news,case:80ff85345259,reported,1,2026-01-26,2026-01-26
outlet:tvc_news,case:b33926a80d49,reported,1,2025-10-03,2025-10-03
outlet:sahara_reporters,case:0bbb1dc2a946,reported,1,2026-09-17,2026-09-17
outlet:nairametrics,case:0bbb1dc2a946,reported,1,2026-09-17,2026-09-17
outlet:national_accord_newspaper,case:0bbb1dc2a946,reported,1,2026-09-17,2026-09-17
outlet:thefact.ng,case:0bbb1dc2a946,reported,1,2026-09-17,2026-09-17
outlet:thisdaylive,case:0bbb1dc2a946,reported,1,2026-09-17,2026-09-17
outlet:premium_times_nigeria,case:0bbb1dc2a946,reported,1,2026-09-17,2026-09-17
outlet:thestreetjournal.org,case:0bbb1dc2a946,reported,1,2026-09-17,2026-09-17
outlet:thestar.ng,case:0bbb1dc2a946,reported,1,2026-09-17,2026-09-17
outlet:tori_news,case:0bbb1dc2a946,reported,1,2026-09-17,2026-09-17
outlet:tori.ng,case:0bbb1dc2a946,reported,1,2026-09-17,2026-09-17
outlet:tori.ng,case:fcd6c0867123,reported,1,2026-07-30,2026-07-30
outlet:the_china-global_south_project,case:0bbb1dc2a946,reported,1,2026-09-17,2026-09-17
outlet:the_china-global_south_project,case:28621faded00,reported,1,2024-01-15,2024-01-15
case:0b7bdd8b980f,species:birds,involves,1,2026-09-17,2026-09-17
case:b0b0a19c8179,species:birds,involves,1,2026-09-17,2026-09-17
case:b0b0a19c8179,location:são_lourenço_da_mata,occurred_at,1,2026-09-17,2026-09-17
location:são_lourenço_da_mata,location:pernambuco,within,1,2026-09-17,2026-09-17
outlet:portal_de_prefeitura,case:b0b0a19c8179,reported,1,2026-09-17,2026-09-17
case:54eec680d114,species:birds,involves,1,2026-09-17,2026-09-17
case:54eec680d114,location:linhares,occurred_at,1,2026-09-17,2026-09-17
location:linhares,location:espírito_santo,within,1,2026-09-17,2026-09-17
outlet:colatina_em_ação,case:54eec680d114,reported,1,2026-09-17,2026-09-17
case:c780fc170bd1,species:wildlife_general,involves,1,2026-09-17,2026-09-17
case:c780fc170bd1,location:bogotá,occurred_at,1,2026-09-17,2026-09-17
location:bogotá,location:bogota_d.c.,within,8,2024-10-28,2026-09-17
outlet:agronegocios.co,case:c780fc170bd1,reported,1,2026-09-17,2026-09-17
case:9800c1d22f86,species:wildlife_general,involves,1,2026-09-17,2026-09-17
case:9800c1d22f86,location:india,occurred_at,1,2026-09-17,2026-09-17
case:18c7cfde3a79,species:elephant,involves,1,2026-09-16,2026-09-16
outlet:kdrtv,case:18c7cfde3a79,reported,1,2026-09-16,2026-09-16
case:90d3ead851bf,species:turtles,involves,1,2026-09-16,2026-09-16
case:90d3ead851bf,location:kuala_lumpur,occurred_at,1,2026-09-16,2026-09-16
outlet:kompas.com,case:90d3ead851bf,reported,1,2026-09-16,2026-09-16
outlet:kompas.com,case:31df77731c2b,reported,1,2026-09-16,2026-09-16
outlet:kompas.com,case:1b4641eec6b6,reported,2,2026-09-14,2026-09-14
outlet:kompas.com,case:db687b2e490c,reported,1,2026-08-19,2026-08-19
outlet:kompas.com,case:d59e76ae7eb5,reported,1,2026-08-06,2026-08-06
outlet:kompas.com,case:e3121194f35f,reported,1,2026-07-31,2026-07-31
outlet:kompas.com,case:8830fa403ba2,reported,2,2026-07-03,2026-07-03
outlet:kompas.com,case:6a9ef75cbc91,reported,1,2026-06-19,2026-06-19
outlet:kompas.com,case:90d12e15d327,reported,1,2026-04-15,2026-04-15
outlet:kompas.com,case:8240c99823d6,reported,1,2026-04-14,2026-04-14
outlet:kompas.com,case:4330fadbae7f,reported,1,2026-03-29,2026-03-29
outlet:kompas.com,case:8166d8671156,reported,1,2026-03-05,2026-03-05
case:31df77731c2b,species:turtles,involves,1,2026-09-16,2026-09-16
case:31df77731c2b,location:sorong,occurred_at,1,2026-09-16,2026-09-16
location:sorong,location:southwest_papua,within,1,2026-09-16,2026-09-16
case:5408614510b3,species:turtles,involves,1,2026-09-16,2026-09-16
case:5408614510b3,location:malang,occurred_at,1,2026-09-16,2026-09-16
location:malang,location:east_java,within,1,2026-09-16,2026-09-16
outlet:disway_malang,case:5408614510b3,reported,1,2026-09-16,2026-09-16
case:0f7f2779d5ee,species:turtles,involves,1,2026-09-16,2026-09-16
case:0f7f2779d5ee,location:purworejo,occurred_at,1,2026-09-16,2026-09-16
location:purworejo,location:central_java,within,1,2026-09-16,2026-09-16
outlet:radar_purworejo,case:0f7f2779d5ee,reported,1,2026-09-16,2026-09-16
case:aa1e17a28717,species:turtles,involves,1,2026-09-16,2026-09-16
case:aa1e17a28717,location:china,occurred_at,1,2026-09-16,2026-09-16
outlet:merdeka,case:aa1e17a28717,reported,1,2026-09-16,2026-09-16
case:6daaa1d417b4,species:elephant,involves,1,2026-09-16,2026-09-16
case:6daaa1d417b4,location:libreville,occurred_at,1,2026-09-16,2026-09-16
location:libreville,location:estuaire,within,3,2026-08-19,2026-09-16
outlet:gabonreview.com,case:6daaa1d417b4,reported,1,2026-09-16,2026-09-16
outlet:gabonreview.com,case:55a8c894b84f,reported,1,2026-08-20,2026-08-20
outlet:gabonreview.com,case:b640aa20fbff,reported,1,2025-12-31,2025-12-31
outlet:alwihda_info,case:6daaa1d417b4,reported,1,2026-09-16,2026-09-16
outlet:alwihda_info,case:71da1ae440c7,reported,1,2026-05-11,2026-05-11
outlet:alwihda_info,case:5e3d11f9a9b7,reported,1,2025-10-21,2025-10-21
case:76c70fb062a4,species:birds,involves,1,2026-09-16,2026-09-16
case:76c70fb062a4,location:miguel_pereira,occurred_at,1,2026-09-16,2026-09-16
location:miguel_pereira,location:rio_de_janeiro,within,1,2026-09-16,2026-09-16
case:e366d9992556,species:wildlife_general,involves,1,2026-09-16,2026-09-16
case:e366d9992556,location:kano,occurred_at,1,2026-09-16,2026-09-16
location:kano,location:kano_state,within,3,2026-07-10,2026-09-16
outlet:the_guardian_nigeria_news,case:e366d9992556,reported,1,2026-09-16,2026-09-16
outlet:the_guardian_nigeria_news,case:9ff185a50c58,reported,1,2026-08-28,2026-08-28
outlet:the_guardian_nigeria_news,case:aa3947272646,reported,1,2026-06-15,2026-06-15
outlet:the_guardian_nigeria_news,case:004f7475434f,reported,1,2026-06-15,2026-06-15
outlet:the_guardian_nigeria_news,case:b427243188ec,reported,1,2026-04-13,2026-04-13
outlet:the_guardian_nigeria_news,case:38aab56eba6b,reported,1,2026-01-20,2026-01-20
outlet:the_guardian_nigeria_news,case:7e3394142540,reported,1,2024-06-06,2024-06-06
case:e2ae0defe434,species:primates,involves,1,2026-09-15,2026-09-15
case:462b166cf0b4,species:turtles,involves,1,2026-09-15,2026-09-15
case:462b166cf0b4,location:belimbing,occurred_at,1,2026-09-15,2026-09-15
location:belimbing,location:south_kalimantan,within,1,2026-09-15,2026-09-15
outlet:viva.co.id,case:462b166cf0b4,reported,2,2026-09-15,2026-09-15
outlet:viva.co.id,case:31766e0084bb,reported,1,2026-07-29,2026-07-29
outlet:jawa_pos,case:462b166cf0b4,reported,1,2026-09-15,2026-09-15
outlet:jawa_pos,case:69a50305933f,reported,1,2026-05-02,2026-05-02
outlet:jawa_pos,case:c59f71ad7979,reported,1,2026-04-29,2026-04-29
outlet:jawa_pos,case:0430a91c9338,reported,1,2026-03-29,2026-03-29
outlet:jawa_pos,case:56c8063b2a1c,reported,1,2024-10-28,2024-10-28
case:4241398a9df2,species:primates,involves,1,2026-09-15,2026-09-15
outlet:times_now,case:4241398a9df2,reported,1,2026-09-15,2026-09-15
case:fdff665b3141,species:turtles,involves,1,2026-09-15,2026-09-15
case:fdff665b3141,location:makassar,occurred_at,1,2026-09-15,2026-09-15
location:makassar,location:south_sulawesi,within,2,2026-05-25,2026-09-15
outlet:antara_news,case:fdff665b3141,reported,1,2026-09-15,2026-09-15
outlet:antara_news,case:9d0fb3ea825c,reported,1,2026-09-15,2026-09-15
outlet:antara_news,case:bf65ad933bd3,reported,1,2026-08-27,2026-08-27
outlet:antara_news,case:562439a2d85c,reported,1,2026-07-24,2026-07-24
outlet:antara_news,case:c844e418526e,reported,1,2026-06-04,2026-06-04
outlet:kompas.id,case:fdff665b3141,reported,1,2026-09-15,2026-09-15
outlet:kompas.id,case:1b4641eec6b6,reported,2,2026-09-14,2026-09-14
outlet:kompas.id,case:74847cc5a34a,reported,1,2025-12-11,2025-12-11
outlet:metrotvnews.com,case:fdff665b3141,reported,1,2026-09-15,2026-09-15
outlet:metrotvnews.com,case:e3121194f35f,reported,1,2026-07-31,2026-07-31
outlet:suarasulsel.id,case:fdff665b3141,reported,1,2026-09-15,2026-09-15
outlet:tribun-timur.com,case:fdff665b3141,reported,2,2026-09-15,2026-09-15
outlet:tribun-timur.com,case:b3498328118d,reported,1,2026-05-25,2026-05-25
outlet:cedarnews.net,case:fdff665b3141,reported,1,2026-09-15,2026-09-15
outlet:pdiperjuanganbali.id,case:fdff665b3141,reported,1,2026-09-15,2026-09-15
outlet:pdiperjuanganbali.id,case:1b4641eec6b6,reported,1,2026-09-14,2026-09-14
outlet:nusabali.com,case:fdff665b3141,reported,1,2026-09-15,2026-09-15
outlet:news.okezone.com,case:fdff665b3141,reported,1,2026-09-15,2026-09-15
outlet:afu.id,case:fdff665b3141,reported,1,2026-09-15,2026-09-15
outlet:sorongraya.co,case:fdff665b3141,reported,1,2026-09-15,2026-09-15
outlet:abatanews.com,case:fdff665b3141,reported,1,2026-09-15,2026-09-15
outlet:portal_papua,case:fdff665b3141,reported,1,2026-09-15,2026-09-15
outlet:tribun-sulbar.com,case:fdff665b3141,reported,1,2026-09-15,2026-09-15
outlet:idn_times,case:fdff665b3141,reported,1,2026-09-15,2026-09-15
outlet:inews.id,case:fdff665b3141,reported,2,2026-09-15,2026-09-15
outlet:inews.id,case:1b4641eec6b6,reported,1,2026-09-14,2026-09-14
outlet:inews.id,case:b3bdc10e11ad,reported,1,2026-04-30,2026-04-30
case:247c1b7e48a9,species:eels,involves,1,2026-09-15,2026-09-15
outlet:maville.com,case:247c1b7e48a9,reported,1,2026-09-15,2026-09-15
case:bdaf2b011a40,species:birds,involves,1,2026-09-15,2026-09-15
outlet:rbatv.com.br,case:bdaf2b011a40,reported,1,2026-09-15,2026-09-15
case:42c9b640b15d,species:birds,involves,1,2026-09-15,2026-09-15
case:42c9b640b15d,location:cruz_alta,occurred_at,1,2026-09-15,2026-09-15
location:cruz_alta,location:rio_grande_do_sul,within,1,2026-09-15,2026-09-15
outlet:rd_foco,case:42c9b640b15d,reported,1,2026-09-15,2026-09-15
outlet:carazinho_news,case:42c9b640b15d,reported,1,2026-09-15,2026-09-15
outlet:carazinho_news,case:ef4ea56fa7d8,reported,1,2026-08-29,2026-08-29
case:85d2392028ce,species:birds,involves,1,2026-09-15,2026-09-15
case:85d2392028ce,mode:online,via,1,2026-09-15,2026-09-15
outlet:tvbv_online,case:85d2392028ce,reported,1,2026-09-15,2026-09-15
case:c0211ccff2cc,species:rosewood,involves,1,2026-09-15,2026-09-15
case:c0211ccff2cc,location:são_domingos_do_araguaia,occurred_at,1,2026-09-15,2026-09-15
location:são_domingos_do_araguaia,location:pará,within,1,2026-09-15,2026-09-15
outlet:portalgurupi.com.br,case:c0211ccff2cc,reported,2,2026-09-15,2026-09-15
outlet:o_liberal,case:c0211ccff2cc,reported,2,2026-09-15,2026-09-15
outlet:o_liberal,case:0cc64c1dc472,reported,1,2026-03-30,2026-03-30
case:f8cfd6482ad1,species:wildlife_general,involves,1,2026-09-15,2026-09-15
outlet:worldanimalnews.com,case:f8cfd6482ad1,reported,1,2026-09-15,2026-09-15
case:9d0fb3ea825c,species:turtles,involves,1,2026-09-15,2026-09-15
case:6eada8dd5b6c,species:wildlife_general,involves,1,2026-09-15,2026-09-15
outlet:antara_foto,case:6eada8dd5b6c,reported,1,2026-09-15,2026-09-15
case:912a6be42942,species:primates,involves,1,2026-09-14,2026-09-14
case:912a6be42942,location:digha,occurred_at,1,2026-09-14,2026-09-14
location:digha,location:west_bengal,within,2,2026-09-12,2026-09-14
outlet:the_daily_jagran,case:912a6be42942,reported,1,2026-09-14,2026-09-14
case:f720ab255ab9,species:primates,involves,1,2026-09-14,2026-09-14
case:f720ab255ab9,location:jharkhand,occurred_at,1,2026-09-14,2026-09-14
outlet:argus_english,case:f720ab255ab9,reported,1,2026-09-14,2026-09-14
case:1b4641eec6b6,species:turtles,involves,1,2026-09-14,2026-09-14
case:1b4641eec6b6,location:raja_ampat,occurred_at,1,2026-09-14,2026-09-14
case:1b4641eec6b6,mode:online,via,1,2026-09-14,2026-09-14
location:raja_ampat,location:west_papua,within,1,2026-09-14,2026-09-14
outlet:cnn_indonesia,case:1b4641eec6b6,reported,1,2026-09-14,2026-09-14
outlet:cnn_indonesia,case:eb4ea5c77d4e,reported,1,2026-06-16,2026-06-16
outlet:reqnews.com,case:1b4641eec6b6,reported,1,2026-09-14,2026-09-14
outlet:dive_magazine,case:1b4641eec6b6,reported,1,2026-09-14,2026-09-14
outlet:dive_magazine,case:b9415d92e219,reported,1,2025-05-06,2025-05-06
outlet:detiknews,case:1b4641eec6b6,reported,1,2026-09-14,2026-09-14
outlet:detiknews,case:8e9996a466e4,reported,1,2026-08-17,2026-08-17
outlet:detiknews,case:823bc1849a00,reported,1,2026-06-12,2026-06-12
outlet:detiknews,case:b410f15f191e,reported,1,2026-05-30,2026-05-30
outlet:detiknews,case:5c0ec25a400d,reported,1,2026-01-29,2026-01-29
outlet:detikcom,case:1b4641eec6b6,reported,3,2026-09-14,2026-09-14
outlet:detikcom,case:b0020dca9260,reported,1,2026-08-27,2026-08-27
outlet:detikcom,case:375febaee357,reported,1,2026-07-16,2026-07-16
outlet:detikcom,case:c1888e63e012,reported,1,2026-06-19,2026-06-19
outlet:detikcom,case:9447607bcb42,reported,1,2026-06-15,2026-06-15
outlet:detikcom,case:bf5bb00eefd7,reported,1,2026-05-02,2026-05-02
outlet:detikcom,case:1cfcd9b9fe39,reported,1,2026-04-20,2026-04-20
outlet:detikcom,case:28f1f1730e2d,reported,1,2025-11-14,2025-11-14
outlet:detikcom,case:48556d7c4c47,reported,1,2025-10-10,2025-10-10
outlet:detikcom,case:2ea84501921e,reported,1,2025-04-14,2025-04-14
outlet:detikcom,case:e7c92be8f169,reported,1,2024-11-26,2024-11-26
outlet:detiktravel,case:1b4641eec6b6,reported,1,2026-09-14,2026-09-14
outlet:detiktravel,case:e3121194f35f,reported,1,2026-07-31,2026-07-31
outlet:detiktravel,case:1659b5c879fe,reported,1,2026-07-29,2026-07-29
outlet:republika_online,case:1b4641eec6b6,reported,1,2026-09-14,2026-09-14
outlet:validnews.id,case:1b4641eec6b6,reported,1,2026-09-14,2026-09-14
outlet:kumparan.com,case:1b4641eec6b6,reported,1,2026-09-14,2026-09-14
outlet:beritasatu.com,case:1b4641eec6b6,reported,2,2026-09-14,2026-09-14
outlet:darilaut.id,case:1b4641eec6b6,reported,1,2026-09-14,2026-09-14
outlet:harapan_rakyat,case:1b4641eec6b6,reported,1,2026-09-14,2026-09-14
outlet:harapan_rakyat,case:52d741c7f9d3,reported,1,2024-06-15,2024-06-15
outlet:tribunstyle.com,case:1b4641eec6b6,reported,2,2026-09-14,2026-09-14
outlet:disway,case:1b4641eec6b6,reported,1,2026-09-14,2026-09-14
outlet:tribunnews.com,case:1b4641eec6b6,reported,1,2026-09-14,2026-09-14
outlet:tribunnews.com,case:5bfa680012d7,reported,1,2025-10-31,2025-10-31
outlet:sumsel.tribunnews.com,case:1b4641eec6b6,reported,1,2026-09-14,2026-09-14
outlet:ntvnews.id,case:1b4641eec6b6,reported,1,2026-09-14,2026-09-14
outlet:tribunkaltim.co,case:1b4641eec6b6,reported,1,2026-09-14,2026-09-14
outlet:video.tribunnews.com,case:1b4641eec6b6,reported,1,2026-09-14,2026-09-14
outlet:radarcirebon.tv,case:1b4641eec6b6,reported,1,2026-09-14,2026-09-14
outlet:video.kompas.com,case:1b4641eec6b6,reported,1,2026-09-14,2026-09-14
outlet:tribunwow.com,case:1b4641eec6b6,reported,1,2026-09-14,2026-09-14
outlet:readers.id,case:1b4641eec6b6,reported,1,2026-09-14,2026-09-14
outlet:banjarnegaraku,case:1b4641eec6b6,reported,1,2026-09-14,2026-09-14
case:5186ec935866,species:elephant,involves,1,2026-09-14,2026-09-14
outlet:tf1_info,case:5186ec935866,reported,2,2026-09-14,2026-09-14
outlet:tf1+,case:5186ec935866,reported,1,2026-09-14,2026-09-14
case:7aad31d98610,species:turtles,involves,1,2026-09-14,2026-09-14
outlet:apnoticias.pe,case:7aad31d98610,reported,1,2026-09-14,2026-09-14
case:ea5886ff462e,species:turtles,involves,1,2026-09-14,2026-09-14
case:ea5886ff462e,location:guadalajara,occurred_at,1,2026-09-14,2026-09-14
location:guadalajara,location:jalisco,within,2,2026-01-03,2026-09-14
outlet:debate.com.mx,case:ea5886ff462e,reported,1,2026-09-14,2026-09-14
case:e873eaa90d55,species:primates,involves,1,2026-09-14,2026-09-14
case:e873eaa90d55,location:tasikmalaya,occurred_at,1,2026-09-14,2026-09-14
location:tasikmalaya,location:west_java,within,2,2026-04-20,2026-09-14
outlet:pikiran-rakyat.com,case:e873eaa90d55,reported,1,2026-09-14,2026-09-14
case:e8add7a1fe77,species:sandalwood,involves,1,2026-09-14,2026-09-14
case:e8add7a1fe77,location:india,occurred_at,1,2026-09-14,2026-09-14
case:e8add7a1fe77,commodity:sandalwood-kg,seized,1,2026-09-14,2026-09-14
case:f2a8969e67a3,species:sandalwood,involves,1,2026-09-14,2026-09-14
case:d5239a8c2b58,species:sandalwood,involves,1,2026-09-14,2026-09-14
case:d5239a8c2b58,location:chittaurgarh,occurred_at,1,2026-09-14,2026-09-14
location:chittaurgarh,location:rajasthan,within,1,2026-09-14,2026-09-14
outlet:udaipurtimes.com,case:d5239a8c2b58,reported,2,2026-09-14,2026-09-14
outlet:pratahkal.com,case:d5239a8c2b58,reported,1,2026-09-14,2026-09-14
case:bc9ddf06fcf5,species:wildlife_general,involves,1,2026-09-14,2026-09-14
outlet:the_citizen,case:bc9ddf06fcf5,reported,1,2026-09-14,2026-09-14
outlet:the_citizen,case:53e8606aaa33,reported,1,2026-08-24,2026-08-24
outlet:the_citizen,case:21ec4222ac8c,reported,2,2026-07-24,2026-07-24
outlet:the_citizen,case:7ef05d4f3767,reported,1,2026-07-02,2026-07-02
outlet:the_citizen,case:a4e9fc6f49e5,reported,1,2026-06-17,2026-06-17
outlet:the_citizen,case:009a67bb3b84,reported,1,2026-05-29,2026-05-29
outlet:the_citizen,case:16d9a8fdc651,reported,1,2026-05-29,2026-05-29
outlet:the_citizen,case:39064b44fef3,reported,1,2026-04-14,2026-04-14
outlet:the_citizen,case:b63cbabd36a9,reported,1,2026-02-25,2026-02-25
outlet:the_citizen,case:0e0cdb3ebe8e,reported,1,2025-12-02,2025-12-02
outlet:the_citizen,case:5f14f2abe12a,reported,1,2025-03-18,2025-03-18
outlet:the_citizen,case:2adf6928d8d8,reported,1,2025-02-04,2025-02-04
case:05f7c55cc64c,species:wildlife_general,involves,1,2026-09-14,2026-09-14
outlet:vanguardia,case:05f7c55cc64c,reported,1,2026-09-14,2026-09-14
case:ba78fb309412,species:pangolin,involves,1,2026-09-13,2026-09-13
case:ba78fb309412,location:malkangiri,occurred_at,1,2026-09-13,2026-09-13
case:ba78fb309412,commodity:pangolin-scales,seized,1,2026-09-13,2026-09-13
location:malkangiri,location:odisha,within,1,2026-09-13,2026-09-13
outlet:pragativadi.com,case:ba78fb309412,reported,1,2026-09-13,2026-09-13
outlet:daily_pioneer,case:ba78fb309412,reported,1,2026-09-13,2026-09-13
outlet:daily_pioneer,case:7c581ec027d5,reported,1,2026-09-08,2026-09-08
outlet:daily_pioneer,case:5d3a8a0998c8,reported,1,2026-07-09,2026-07-09
outlet:ommcom_news,case:ba78fb309412,reported,1,2026-09-13,2026-09-13
outlet:ommcom_news,case:9316ece6cbf5,reported,1,2026-09-12,2026-09-12
outlet:ommcom_news,case:7c581ec027d5,reported,2,2026-09-08,2026-09-08
outlet:ommcom_news,case:79baf9a0b601,reported,3,2026-09-08,2026-09-08
outlet:ommcom_news,case:1b53bee9ae06,reported,1,2026-06-20,2026-06-20
outlet:ommcom_news,case:257a18c99e71,reported,1,2026-05-16,2026-05-16
outlet:ommcom_news,case:251d82b599cd,reported,1,2026-04-13,2026-04-13
outlet:ommcom_news,case:4efb555e9009,reported,1,2024-10-18,2024-10-18
outlet:theprint_hindi,case:ba78fb309412,reported,1,2026-09-13,2026-09-13
outlet:theprint_hindi,case:59ed8df2efdc,reported,1,2026-09-05,2026-09-05
outlet:theprint_hindi,case:cac8bd2c3fd0,reported,1,2026-07-16,2026-07-16
outlet:theprint_hindi,case:fa8aadb04813,reported,1,2026-07-15,2026-07-15
outlet:theprint_hindi,case:17aef856c939,reported,1,2026-07-01,2026-07-01
outlet:theprint_hindi,case:d3af7ad01a0c,reported,1,2025-12-14,2025-12-14
outlet:prameyanews.com,case:ba78fb309412,reported,1,2026-09-13,2026-09-13
outlet:prameyanews.com,case:7c581ec027d5,reported,2,2026-09-08,2026-09-08
outlet:prameyanews.com,case:79baf9a0b601,reported,1,2026-09-08,2026-09-08
outlet:orissapost.com,case:ba78fb309412,reported,1,2026-09-13,2026-09-13
outlet:orissapost.com,case:7c581ec027d5,reported,1,2026-09-08,2026-09-08
outlet:orissapost.com,case:79baf9a0b601,reported,2,2026-09-08,2026-09-08
outlet:orissapost.com,case:f7cc0f393c7c,reported,1,2026-04-30,2026-04-30
outlet:orissapost.com,case:cf0eb7fd0bf8,reported,1,2025-07-16,2025-07-16
outlet:orissapost.com,case:93731dd59003,reported,1,2024-12-24,2024-12-24
case:5c2b96107f6a,species:turtles,involves,1,2026-09-13,2026-09-13
case:5c2b96107f6a,location:france,occurred_at,1,2026-09-13,2026-09-13
outlet:france_3_régions,case:5c2b96107f6a,reported,1,2026-09-13,2026-09-13
outlet:france_3_régions,case:cf40590bd0eb,reported,1,2026-06-10,2026-06-10
outlet:france_3_régions,case:133e012b7ee5,reported,1,2026-03-12,2026-03-12
outlet:france_3_régions,case:602aef27348e,reported,1,2026-01-13,2026-01-13
case:f1fd10087674,species:birds,involves,1,2026-09-13,2026-09-13
case:7b818ffea6dc,species:sandalwood,involves,1,2026-09-13,2026-09-13
case:7b818ffea6dc,location:kushinagar,occurred_at,1,2026-09-13,2026-09-13
location:kushinagar,location:uttar_pradesh,within,2,2026-09-03,2026-09-13
case:f48719f59515,species:turtles,involves,1,2026-09-12,2026-09-12
case:f48719f59515,commodity:turtles-tortoises,seized,1,2026-09-12,2026-09-12
outlet:newvision.co.ug,case:f48719f59515,reported,1,2026-09-12,2026-09-12
outlet:newvision.co.ug,case:ba35475f78eb,reported,1,2026-02-23,2026-02-23
outlet:newvision.co.ug,case:15b1508fba54,reported,1,2025-11-15,2025-11-15
case:a453459d8c02,species:turtles,involves,1,2026-09-12,2026-09-12
case:a453459d8c02,location:rānchī,occurred_at,1,2026-09-12,2026-09-12
location:rānchī,location:jharkhand,within,2,2026-05-15,2026-09-12
case:4ca690784cf1,species:primates,involves,1,2026-09-12,2026-09-12
case:4ca690784cf1,location:digha,occurred_at,1,2026-09-12,2026-09-12
outlet:pragativadi,case:4ca690784cf1,reported,1,2026-09-12,2026-09-12
outlet:pragativadi,case:1841529c6d49,reported,1,2026-09-10,2026-09-10
outlet:pragativadi,case:7c581ec027d5,reported,1,2026-09-08,2026-09-08
outlet:pragativadi,case:79baf9a0b601,reported,3,2026-09-08,2026-09-08
outlet:pragativadi,case:0f678c808ce3,reported,1,2026-06-06,2026-06-06
outlet:pragativadi,case:251d82b599cd,reported,1,2026-04-13,2026-04-13
case:9316ece6cbf5,species:primates,involves,1,2026-09-12,2026-09-12
agency:cbi,case:9316ece6cbf5,acted_in,1,2026-09-12,2026-09-12
agency:cbi,case:694398508595,acted_in,1,2026-08-28,2026-08-28
agency:cbi,case:364afffe65e7,acted_in,1,2026-08-05,2026-08-05
agency:cbi,case:5d3a8a0998c8,acted_in,1,2026-07-09,2026-07-09
agency:cbi,case:b787577cb1bf,acted_in,1,2026-07-09,2026-07-09
agency:cbi,case:8298f9c719f9,acted_in,1,2024-09-03,2024-09-03
case:f85eb2a6adc5,species:elephant,involves,1,2026-09-12,2026-09-12
case:926605a76fcb,species:wildlife_general,involves,1,2026-09-12,2026-09-12
case:926605a76fcb,location:piura,occurred_at,1,2026-09-12,2026-09-12
outlet:gob.pe,case:926605a76fcb,reported,2,2026-09-12,2026-09-12
outlet:gob.pe,case:453029b44c77,reported,1,2025-11-17,2025-11-17
outlet:gob.pe,case:0bf9b07d6edc,reported,1,2024-08-22,2024-08-22
case:4c0221b46dd3,species:sandalwood,involves,1,2026-09-12,2026-09-12
case:4c0221b46dd3,location:ghātāl,occurred_at,1,2026-09-12,2026-09-12
location:ghātāl,location:west_bengal,within,1,2026-09-12,2026-09-12
outlet:zee_news,case:4c0221b46dd3,reported,1,2026-09-12,2026-09-12
outlet:zee_news,case:68120b2d1130,reported,1,2026-07-10,2026-07-10
outlet:zee_news,case:6d95ac96c3b1,reported,1,2026-07-06,2026-07-06
outlet:zee_news,case:982285032f5f,reported,1,2025-10-07,2025-10-07
case:bbfbc9b45eda,species:wildlife_general,involves,1,2026-09-12,2026-09-12
outlet:the_star,case:bbfbc9b45eda,reported,1,2026-09-12,2026-09-12
outlet:the_star,case:2473c8aad393,reported,1,2026-08-18,2026-08-18
outlet:the_star,case:0cbf3278f1ef,reported,1,2026-08-15,2026-08-15
outlet:the_star,case:cd1e8030953e,reported,1,2026-08-10,2026-08-10
outlet:the_star,case:d39ee69e946e,reported,1,2026-07-18,2026-07-18
outlet:the_star,case:2aa91773b2dd,reported,2,2026-07-16,2026-07-16
outlet:the_star,case:835e9029c35a,reported,1,2026-07-09,2026-07-09
outlet:the_star,case:db175472a45e,reported,2,2026-06-20,2026-06-20
outlet:the_star,case:ebcf732f7757,reported,1,2026-05-17,2026-05-17
outlet:the_star,case:820a1b30f8a5,reported,1,2026-03-27,2026-03-27
case:32081b8c289c,species:wildlife_general,involves,1,2026-09-12,2026-09-12
case:32081b8c289c,location:corrientes,occurred_at,1,2026-09-12,2026-09-12
outlet:diario_época_corrientes,case:32081b8c289c,reported,1,2026-09-12,2026-09-12
case:fb03d2dff21e,species:wildlife_general,involves,1,2026-09-11,2026-09-11
case:fb03d2dff21e,location:golden_triangle,occurred_at,1,2026-09-11,2026-09-11
outlet:chiangraitimes.com,case:fb03d2dff21e,reported,1,2026-09-11,2026-09-11
case:aac12945efc9,species:elephant,involves,1,2026-09-11,2026-09-11
case:aac12945efc9,location:kalimantan,occurred_at,1,2026-09-11,2026-09-11
case:aac12945efc9,mode:sea,via,1,2026-09-11,2026-09-11
outlet:borneo_bulletin,case:aac12945efc9,reported,1,2026-09-11,2026-09-11
outlet:borneo_bulletin,case:4fffbdae7852,reported,1,2026-08-01,2026-08-01
outlet:borneo_bulletin,case:914ad17b41c6,reported,1,2026-06-22,2026-06-22
outlet:borneo_bulletin,case:f3135e15ba4c,reported,1,2026-02-05,2026-02-05
outlet:borneo_bulletin,case:3e6a7bd6ba97,reported,1,2025-05-05,2025-05-05
case:021a3dc2bb69,species:wildlife_general,involves,1,2026-09-11,2026-09-11
case:89deb6940e75,species:birds,involves,1,2026-09-11,2026-09-11
case:8940e93f30c4,species:birds,involves,1,2026-09-11,2026-09-11
case:8940e93f30c4,location:caxias,occurred_at,1,2026-09-11,2026-09-11
location:caxias,location:maranhão,within,2,2025-12-15,2026-09-11
case:88dfdd3afa7e,species:turtles,involves,1,2026-09-11,2026-09-11
case:88dfdd3afa7e,location:bogotá,occurred_at,1,2026-09-11,2026-09-11
outlet:el_tiempo,case:88dfdd3afa7e,reported,1,2026-09-11,2026-09-11
outlet:el_tiempo,case:ea388d6eacf0,reported,1,2026-08-25,2026-08-25
outlet:el_tiempo,case:3a94ce6247c5,reported,1,2026-07-17,2026-07-17
outlet:el_tiempo,case:a52d4b9ab930,reported,1,2026-03-16,2026-03-16
outlet:el_tiempo,case:2f9e92460ef2,reported,1,2025-12-23,2025-12-23
case:5c2e8745632e,species:wildlife_general,involves,1,2026-09-11,2026-09-11
case:5c2e8745632e,location:riberalta,occurred_at,1,2026-09-11,2026-09-11
location:riberalta,location:beni_department,within,1,2026-09-11,2026-09-11
outlet:opinión_bolivia,case:5c2e8745632e,reported,1,2026-09-11,2026-09-11
outlet:opinión_bolivia,case:8ac92366a8fd,reported,1,2026-07-01,2026-07-01
case:df33183e55ca,species:sandalwood,involves,1,2026-09-11,2026-09-11
case:df33183e55ca,location:dehu,occurred_at,1,2026-09-11,2026-09-11
location:dehu,location:maharashtra,within,1,2026-09-11,2026-09-11
case:4eaf4c30d218,species:sandalwood,involves,1,2026-09-11,2026-09-11
case:d5652f0d648b,species:wildlife_general,involves,1,2026-09-11,2026-09-11
case:d5652f0d648b,location:mohān,occurred_at,1,2026-09-11,2026-09-11
location:mohān,location:uttar_pradesh,within,1,2026-09-11,2026-09-11
case:24053f285e17,species:wildlife_general,involves,1,2026-09-10,2026-09-10
case:24053f285e17,location:mizoram,occurred_at,1,2026-09-10,2026-09-10
case:88dbf923de71,species:leopard,involves,1,2026-09-10,2026-09-10
case:88dbf923de71,species:tiger,involves,1,2026-09-10,2026-09-10
case:88dbf923de71,species:turtles,involves,1,2026-09-10,2026-09-10
outlet:republic_world,case:88dbf923de71,reported,1,2026-09-10,2026-09-10
case:677f09516d1e,species:elephant,involves,1,2026-09-10,2026-09-10
case:00f5498cd755,species:elephant,involves,1,2026-09-10,2026-09-10
case:00f5498cd755,location:singapore,occurred_at,1,2026-09-10,2026-09-10
case:00f5498cd755,mode:sea,via,1,2026-09-10,2026-09-10
outlet:yahoo,case:00f5498cd755,reported,1,2026-09-10,2026-09-10
outlet:yahoo,case:be61c8e830ee,reported,1,2026-09-02,2026-09-02
outlet:yahoo,case:bf543fad4c75,reported,1,2026-08-19,2026-08-19
outlet:yahoo,case:1ff4df3d7550,reported,1,2026-08-17,2026-08-17
outlet:yahoo,case:174369b93845,reported,1,2025-12-02,2025-12-02
outlet:malaymail.com,case:00f5498cd755,reported,1,2026-09-10,2026-09-10
outlet:the_independent_singapore,case:00f5498cd755,reported,2,2026-09-10,2026-09-10
outlet:the_independent_singapore,case:9791f97231b9,reported,1,2026-08-26,2026-08-26
outlet:the_independent_singapore,case:01d7f11ba06a,reported,1,2025-11-18,2025-11-18
case:849145a85e67,species:elephant,involves,1,2026-09-10,2026-09-10
case:849145a85e67,location:singapore,occurred_at,1,2026-09-10,2026-09-10
outlet:cna,case:849145a85e67,reported,1,2026-09-10,2026-09-10
outlet:cna,case:820a1b30f8a5,reported,2,2026-03-27,2026-03-27
outlet:cna,case:0296c633230c,reported,1,2025-12-30,2025-12-30
outlet:cna,case:981e04885cb3,reported,2,2025-12-19,2025-12-19
outlet:cna,case:01d7f11ba06a,reported,1,2025-11-18,2025-11-18
outlet:cna,case:31609cf4154f,reported,1,2025-10-20,2025-10-20
case:34bed7aa8d11,species:birds,involves,1,2026-09-10,2026-09-10
case:34bed7aa8d11,location:bangladesh,occurred_at,1,2026-09-10,2026-09-10
case:34bed7aa8d11,commodity:birds-parakeets,seized,1,2026-09-10,2026-09-10
outlet:bangladesh_sangbad_sangstha_(bss),case:34bed7aa8d11,reported,1,2026-09-10,2026-09-10
case:177b3e8bc4af,species:leopard,involves,1,2026-09-10,2026-09-10
case:177b3e8bc4af,species:turtles,involves,1,2026-09-10,2026-09-10
case:177b3e8bc4af,location:sidhi,occurred_at,1,2026-09-10,2026-09-10
location:sidhi,location:madhya_pradesh,within,2,2025-10-05,2026-09-10
outlet:amar_ujala,case:177b3e8bc4af,reported,1,2026-09-10,2026-09-10
outlet:amar_ujala,case:5c160960fe73,reported,1,2026-09-01,2026-09-01
outlet:amar_ujala,case:9c9ea761d806,reported,1,2026-08-30,2026-08-30
outlet:amar_ujala,case:465fbe735b4e,reported,1,2026-08-27,2026-08-27
outlet:amar_ujala,case:0d99eb2e066d,reported,1,2026-08-04,2026-08-04
outlet:amar_ujala,case:adb739138567,reported,1,2026-07-26,2026-07-26
outlet:amar_ujala,case:6b2b40a517ee,reported,1,2026-03-27,2026-03-27
outlet:amar_ujala,case:17199d8f5793,reported,1,2025-12-18,2025-12-18
case:1841529c6d49,species:primates,involves,1,2026-09-10,2026-09-10
case:1841529c6d49,location:odisha,occurred_at,1,2026-09-10,2026-09-10
case:d59728460bdb,species:wildlife_general,involves,1,2026-09-10,2026-09-10
case:d59728460bdb,location:assam,occurred_at,1,2026-09-10,2026-09-10
outlet:nenow.in,case:d59728460bdb,reported,1,2026-09-10,2026-09-10
outlet:nenow.in,case:4248269aa562,reported,1,2026-02-24,2026-02-24
case:1ad7121b6d26,species:abalone,involves,1,2026-09-10,2026-09-10
case:d686eada9f2c,species:elephant,involves,1,2026-09-10,2026-09-10
case:14964ce4d82e,species:birds,involves,1,2026-09-10,2026-09-10
outlet:savoir_animal,case:14964ce4d82e,reported,1,2026-09-10,2026-09-10
outlet:savoir_animal,case:e92306826684,reported,1,2026-01-15,2026-01-15
case:31f3fcf54054,species:birds,involves,1,2026-09-10,2026-09-10
case:31f3fcf54054,location:paulo_afonso,occurred_at,1,2026-09-10,2026-09-10
location:paulo_afonso,location:bahia,within,1,2026-09-10,2026-09-10
outlet:tribuna_do_planalto,case:31f3fcf54054,reported,1,2026-09-10,2026-09-10
outlet:www.gov.br,case:31f3fcf54054,reported,1,2026-09-10,2026-09-10
outlet:www.gov.br,case:a68f8c298daf,reported,1,2026-08-20,2026-08-20
outlet:www.gov.br,case:02e84ae2075d,reported,1,2026-08-19,2026-08-19
outlet:www.gov.br,case:8185a42f4268,reported,1,2026-07-06,2026-07-06
outlet:www.gov.br,case:376f52999d0d,reported,1,2026-02-24,2026-02-24
outlet:www.gov.br,case:02a209780e2c,reported,1,2025-03-31,2025-03-31
outlet:www.gov.br,case:b3a37625bad4,reported,1,2024-09-12,2024-09-12
outlet:bahia.ba,case:31f3fcf54054,reported,1,2026-09-10,2026-09-10
outlet:folha_do_estado_da_bahia,case:31f3fcf54054,reported,1,2026-09-10,2026-09-10
outlet:se_liga_chapada,case:31f3fcf54054,reported,1,2026-09-10,2026-09-10
case:0acaf7f37d0a,species:birds,involves,1,2026-09-10,2026-09-10
outlet:band.com.br,case:0acaf7f37d0a,reported,1,2026-09-10,2026-09-10
case:4948dcad5748,species:birds,involves,1,2026-09-10,2026-09-10
outlet:ecoobjetivo,case:4948dcad5748,reported,1,2026-09-10,2026-09-10
case:9c6056dc0259,species:leopard,involves,1,2026-09-10,2026-09-10
outlet:dainik_jagran_mp_cg,case:9c6056dc0259,reported,1,2026-09-10,2026-09-10
case:e4390ffa6eca,species:elephant,involves,1,2026-09-09,2026-09-09
case:e4390ffa6eca,location:tiruppur,occurred_at,1,2026-09-09,2026-09-09
location:tiruppur,location:tamil_nadu,within,1,2026-09-09,2026-09-09
case:a687444fdb7b,species:hornbill,involves,1,2026-09-09,2026-09-09
case:a687444fdb7b,species:primates,involves,1,2026-09-09,2026-09-09
case:a687444fdb7b,location:bangkok,occurred_at,1,2026-09-09,2026-09-09
outlet:bangkok_post,case:a687444fdb7b,reported,1,2026-09-09,2026-09-09
outlet:bangkok_post,case:d36fa7acdf40,reported,1,2026-09-07,2026-09-07
outlet:bangkok_post,case:b481ab5fc5d7,reported,1,2026-07-09,2026-07-09
outlet:bangkok_post,case:752c5f9f26a2,reported,1,2026-05-11,2026-05-11
outlet:bangkok_post,case:0d1cc79d921b,reported,1,2026-04-29,2026-04-29
outlet:bangkok_post,case:e7d7ca17b4b2,reported,1,2025-11-15,2025-11-15
outlet:pattaya_mail,case:a687444fdb7b,reported,1,2026-09-09,2026-09-09
outlet:pattaya_mail,case:1ed9328d3dd5,reported,1,2026-04-05,2026-04-05
outlet:thaiger,case:a687444fdb7b,reported,1,2026-09-09,2026-09-09
outlet:thaiger,case:b481ab5fc5d7,reported,1,2026-07-09,2026-07-09
outlet:thaiger,case:4fff65c836ab,reported,1,2026-06-28,2026-06-28
outlet:thaiger,case:e378a82b521c,reported,1,2026-04-29,2026-04-29
case:aa20dadd1708,species:leopard,involves,1,2026-09-09,2026-09-09
case:aa20dadd1708,species:pangolin,involves,1,2026-09-09,2026-09-09
case:aa20dadd1708,species:turtles,involves,1,2026-09-09,2026-09-09
case:9631a3ef3b77,species:eels,involves,1,2026-09-09,2026-09-09
outlet:dw.com,case:9631a3ef3b77,reported,1,2026-09-09,2026-09-09
outlet:dw.com,case:7c581ec027d5,reported,1,2026-09-08,2026-09-08
case:d536ff827a3a,species:turtles,involves,1,2026-09-09,2026-09-09
case:d536ff827a3a,location:madagascar,occurred_at,1,2026-09-09,2026-09-09
case:9cc38636836d,species:birds,involves,1,2026-09-09,2026-09-09
case:9cc38636836d,location:vila_velha,occurred_at,1,2026-09-09,2026-09-09
case:9cc38636836d,mode:online,via,1,2026-09-09,2026-09-09
location:vila_velha,location:espírito_santo,within,2,2025-08-29,2026-09-09
outlet:tribuna_online,case:9cc38636836d,reported,1,2026-09-09,2026-09-09
outlet:folha_vitória,case:9cc38636836d,reported,1,2026-09-09,2026-09-09
outlet:folha_vitória,case:aec1029b88e3,reported,1,2026-08-21,2026-08-21
outlet:folha_vitória,case:d18a72e3bb27,reported,1,2026-07-30,2026-07-30
outlet:folha_vitória,case:be7c14d5a6fe,reported,1,2026-03-12,2026-03-12
outlet:folha_vitória,case:c2b3e3f5757a,reported,1,2025-08-29,2025-08-29
case:5210eac1c5f2,species:rosewood,involves,1,2026-09-09,2026-09-09
case:d939f5ea5778,species:birds,involves,1,2026-09-09,2026-09-09
case:d939f5ea5778,location:san_juan,occurred_at,1,2026-09-09,2026-09-09
outlet:tiempo_de_san_juan,case:d939f5ea5778,reported,1,2026-09-09,2026-09-09
case:09e00f227a4f,species:rosewood,involves,1,2026-09-09,2026-09-09
case:09e00f227a4f,species:turtles,involves,1,2026-09-09,2026-09-09
outlet:newsmada,case:09e00f227a4f,reported,1,2026-09-09,2026-09-09
outlet:newsmada,case:6efa81193d0b,reported,2,2026-03-04,2026-03-04
outlet:newsmada,case:e90d52359ab9,reported,1,2026-02-14,2026-02-14
outlet:newsmada,case:0cdd0d451849,reported,1,2025-12-04,2025-12-04
case:353fb627c8f3,species:sandalwood,involves,1,2026-09-09,2026-09-09
case:353fb627c8f3,location:sorab,occurred_at,1,2026-09-09,2026-09-09
location:sorab,location:karnataka,within,2,2026-09-05,2026-09-09
case:8762ab197fae,species:primates,involves,1,2026-09-09,2026-09-09
case:6576edaed71e,species:wildlife_general,involves,1,2026-09-09,2026-09-09
case:6576edaed71e,location:karnataka,occurred_at,1,2026-09-09,2026-09-09
outlet:deccan_herald,case:6576edaed71e,reported,1,2026-09-09,2026-09-09
outlet:deccan_herald,case:7c581ec027d5,reported,1,2026-09-08,2026-09-08
outlet:deccan_herald,case:59ed8df2efdc,reported,1,2026-09-05,2026-09-05
outlet:deccan_herald,case:81157a82d12f,reported,1,2026-07-21,2026-07-21
outlet:deccan_herald,case:7908b9354efa,reported,1,2026-07-13,2026-07-13
outlet:deccan_herald,case:0e382aa4de25,reported,1,2026-07-01,2026-07-01
outlet:deccan_herald,case:b3cbdd3a3a02,reported,1,2026-06-26,2026-06-26
outlet:deccan_herald,case:54004b559dc0,reported,1,2026-06-20,2026-06-20
outlet:deccan_herald,case:aedbdf9959e6,reported,1,2026-05-27,2026-05-27
outlet:deccan_herald,case:0e739bb8815c,reported,1,2026-05-04,2026-05-04
outlet:deccan_herald,case:cac2446ade60,reported,1,2026-03-24,2026-03-24
outlet:deccan_herald,case:71f21f951de4,reported,1,2026-01-14,2026-01-14
outlet:deccan_herald,case:97107646e759,reported,1,2025-12-04,2025-12-04
outlet:deccan_herald,case:b8bdff8a0a02,reported,1,2025-11-14,2025-11-14
outlet:deccan_herald,case:2c0e59963b08,reported,1,2025-10-09,2025-10-09
outlet:deccan_herald,case:ff36f0c03391,reported,1,2025-08-05,2025-08-05
outlet:aajtak.in,case:6576edaed71e,reported,1,2026-09-09,2026-09-09
outlet:aajtak.in,case:244520c34bab,reported,1,2026-07-30,2026-07-30
outlet:aajtak.in,case:cac8bd2c3fd0,reported,1,2026-07-16,2026-07-16
outlet:aajtak.in,case:d3a5a66bc618,reported,1,2026-01-26,2026-01-26
case:7c581ec027d5,species:primates,involves,1,2026-09-08,2026-09-08
case:7c581ec027d5,location:balasore,occurred_at,1,2026-09-08,2026-09-08
case:7c581ec027d5,mode:road,via,1,2026-09-08,2026-09-08
location:balasore,location:odisha,within,1,2026-09-08,2026-09-08
agency:coast_guard,case:7c581ec027d5,acted_in,1,2026-09-08,2026-09-08
agency:stf,case:7c581ec027d5,acted_in,1,2026-09-08,2026-09-08
agency:stf,case:e46d00e3b9d4,acted_in,1,2026-08-08,2026-08-08
agency:stf,case:5aac4cea962f,acted_in,1,2026-06-20,2026-06-20
agency:stf,case:87ca60403bfd,acted_in,1,2026-03-29,2026-03-29
agency:stf,case:cea4e1ddd350,acted_in,1,2026-01-07,2026-01-07
agency:stf,case:e0bbbdc95b57,acted_in,1,2025-10-07,2025-10-07
agency:stf,case:92f72693f46b,acted_in,1,2025-04-12,2025-04-12
outlet:telegraph_india,case:7c581ec027d5,reported,7,2026-09-08,2026-09-08
outlet:telegraph_india,case:b79b3be268c9,reported,1,2026-08-17,2026-08-17
outlet:telegraph_india,case:9effec93e5a4,reported,1,2026-01-23,2026-01-23
outlet:telegraph_india,case:8c2b31829624,reported,1,2024-03-16,2024-03-16
outlet:etv_bharat,case:7c581ec027d5,reported,3,2026-09-08,2026-09-08
outlet:etv_bharat,case:46cee9387933,reported,1,2026-08-15,2026-08-15
outlet:etv_bharat,case:7064b9bd9353,reported,1,2026-08-03,2026-08-03
outlet:etv_bharat,case:44d32fe03659,reported,1,2026-07-29,2026-07-29
outlet:etv_bharat,case:b7281c318829,reported,1,2026-07-29,2026-07-29
outlet:etv_bharat,case:884524d516bc,reported,1,2026-07-10,2026-07-10
outlet:etv_bharat,case:68120b2d1130,reported,1,2026-07-10,2026-07-10
outlet:etv_bharat,case:5d3a8a0998c8,reported,1,2026-07-09,2026-07-09
outlet:etv_bharat,case:17aef856c939,reported,1,2026-07-01,2026-07-01
outlet:etv_bharat,case:676df67e0bbd,reported,1,2026-07-01,2026-07-01
outlet:etv_bharat,case:f11266b0eeaf,reported,1,2026-05-21,2026-05-21
outlet:etv_bharat,case:bec81788e27a,reported,1,2026-05-07,2026-05-07
outlet:etv_bharat,case:2079aeca2094,reported,1,2026-04-06,2026-04-06
outlet:etv_bharat,case:26509d76b4a8,reported,1,2026-03-23,2026-03-23
outlet:etv_bharat,case:bac6c31e2702,reported,1,2026-03-18,2026-03-18
outlet:etv_bharat,case:b335e36276e2,reported,1,2026-02-28,2026-02-28
outlet:etv_bharat,case:646f57fadf85,reported,1,2026-02-21,2026-02-21
outlet:etv_bharat,case:3b62cd6dcd3b,reported,1,2026-02-13,2026-02-13
outlet:etv_bharat,case:3db844d236e2,reported,1,2026-02-06,2026-02-06
outlet:etv_bharat,case:0bc85d5f3a85,reported,1,2026-01-23,2026-01-23
outlet:etv_bharat,case:272f199310ab,reported,1,2026-01-21,2026-01-21
outlet:etv_bharat,case:11b125d4f07f,reported,1,2026-01-20,2026-01-20
outlet:etv_bharat,case:a9e01c2e3b82,reported,1,2026-01-18,2026-01-18
outlet:etv_bharat,case:74d5016e4406,reported,1,2026-01-12,2026-01-12
outlet:etv_bharat,case:bab69172854f,reported,1,2026-01-09,2026-01-09
outlet:etv_bharat,case:cea4e1ddd350,reported,1,2026-01-07,2026-01-07
outlet:etv_bharat,case:9232eb9483c6,reported,1,2026-01-05,2026-01-05
outlet:etv_bharat,case:c8493a36ab65,reported,1,2025-12-18,2025-12-18
outlet:etv_bharat,case:84992be6fb70,reported,1,2025-11-28,2025-11-28
outlet:etv_bharat,case:4ec4a4e42224,reported,1,2025-11-26,2025-11-26
outlet:etv_bharat,case:4cabf7a871a1,reported,1,2025-11-21,2025-11-21
outlet:etv_bharat,case:a0f6a4f9b838,reported,1,2025-11-02,2025-11-02
outlet:etv_bharat,case:b1ae4556fe9a,reported,1,2025-10-26,2025-10-26
outlet:etv_bharat,case:e0bbbdc95b57,reported,2,2025-10-07,2025-10-07
outlet:ians_live,case:7c581ec027d5,reported,1,2026-09-08,2026-09-08
outlet:hindustan_times,case:7c581ec027d5,reported,1,2026-09-08,2026-09-08
outlet:hindustan_times,case:73938a976378,reported,1,2026-08-27,2026-08-27
outlet:hindustan_times,case:4a3eeb399e57,reported,1,2026-08-24,2026-08-24
outlet:hindustan_times,case:b1d3170d70c0,reported,1,2026-07-28,2026-07-28
outlet:hindustan_times,case:303d1ad1339a,reported,1,2026-07-25,2026-07-25
outlet:hindustan_times,case:17aef856c939,reported,1,2026-07-01,2026-07-01
outlet:hindustan_times,case:e0fcc54c00df,reported,1,2026-06-24,2026-06-24
outlet:hindustan_times,case:1b53bee9ae06,reported,1,2026-06-20,2026-06-20
outlet:hindustan_times,case:3514948b01dc,reported,1,2026-05-27,2026-05-27
outlet:hindustan_times,case:f40a8a1ba5db,reported,1,2026-05-23,2026-05-23
outlet:hindustan_times,case:60c529f56336,reported,1,2026-04-19,2026-04-19
outlet:hindustan_times,case:164f672d8efd,reported,1,2026-04-13,2026-04-13
outlet:hindustan_times,case:87ca60403bfd,reported,1,2026-03-29,2026-03-29
outlet:hindustan_times,case:9af82a32e755,reported,1,2026-02-18,2026-02-18
outlet:hindustan_times,case:e6e9cede3910,reported,1,2026-01-12,2026-01-12
outlet:hindustan_times,case:00998d25aa01,reported,1,2026-01-12,2026-01-12
outlet:hindustan_times,case:97107646e759,reported,1,2025-12-04,2025-12-04
outlet:hindustan_times,case:c968446a9714,reported,1,2025-11-08,2025-11-08
outlet:hindustan_times,case:ded487436f34,reported,1,2025-09-21,2025-09-21
outlet:hindustan_times,case:0cddb044adef,reported,1,2025-07-13,2025-07-13
outlet:hindustan_times,case:060c77d264a4,reported,1,2025-05-27,2025-05-27
outlet:hindustan_times,case:fdebf0b48b56,reported,2,2024-07-06,2024-07-06
outlet:bbc,case:7c581ec027d5,reported,2,2026-09-08,2026-09-08
outlet:bbc,case:9b7db4c31e47,reported,1,2026-03-24,2026-03-24
outlet:devdiscourse,case:7c581ec027d5,reported,1,2026-09-08,2026-09-08
outlet:down_to_earth,case:7c581ec027d5,reported,1,2026-09-08,2026-09-08
outlet:down_to_earth,case:5f9fcabe898b,reported,1,2026-02-21,2026-02-21
outlet:down_to_earth,case:47c7997e0e6a,reported,2,2026-02-18,2026-02-18
outlet:down_to_earth,case:22b424bb1c93,reported,1,2025-12-11,2025-12-11
outlet:down_to_earth,case:19c078e9cfa3,reported,1,2025-05-02,2025-05-02
outlet:down_to_earth,case:fd4c5b6acdaa,reported,1,2024-08-10,2024-08-10
outlet:free_press_kashmir,case:7c581ec027d5,reported,1,2026-09-08,2026-09-08
outlet:india_today,case:7c581ec027d5,reported,1,2026-09-08,2026-09-08
outlet:india_today,case:41e9dbc0181b,reported,1,2026-04-12,2026-04-12
outlet:india_today,case:25c782864a3e,reported,1,2025-02-06,2025-02-06
outlet:ani_news,case:7c581ec027d5,reported,1,2026-09-08,2026-09-08
outlet:ani_news,case:87ba1c002e0f,reported,1,2026-05-18,2026-05-18
outlet:ani_news,case:26509d76b4a8,reported,1,2026-03-23,2026-03-23
outlet:ani_news,case:caf8e72595ac,reported,1,2026-02-08,2026-02-08
outlet:ani_news,case:c968446a9714,reported,1,2025-11-08,2025-11-08
outlet:the_tribune,case:7c581ec027d5,reported,1,2026-09-08,2026-09-08
outlet:the_tribune,case:0d9b23ba53b8,reported,1,2026-07-18,2026-07-18
outlet:india.com,case:7c581ec027d5,reported,1,2026-09-08,2026-09-08
outlet:dainik_tribune,case:7c581ec027d5,reported,1,2026-09-08,2026-09-08
outlet:the_guardian,case:7c581ec027d5,reported,1,2026-09-08,2026-09-08
outlet:the_guardian,case:a4e9fc6f49e5,reported,1,2026-06-17,2026-06-17
outlet:the_guardian,case:992a7fc6eb44,reported,1,2026-05-16,2026-05-16
outlet:the_guardian,case:1e481e6037aa,reported,1,2025-12-11,2025-12-11
outlet:global_news,case:7c581ec027d5,reported,1,2026-09-08,2026-09-08
outlet:odisha_reporter,case:7c581ec027d5,reported,2,2026-09-08,2026-09-08
outlet:newswav,case:7c581ec027d5,reported,1,2026-09-08,2026-09-08
outlet:kalinga_tv,case:7c581ec027d5,reported,1,2026-09-08,2026-09-08
outlet:kalinga_tv,case:26509d76b4a8,reported,1,2026-03-23,2026-03-23
outlet:my_city_links,case:7c581ec027d5,reported,1,2026-09-08,2026-09-08
outlet:organiser,case:7c581ec027d5,reported,1,2026-09-08,2026-09-08
outlet:organiser,case:538fc9e9c7fa,reported,1,2025-12-14,2025-12-14
outlet:opindia.com,case:7c581ec027d5,reported,1,2026-09-08,2026-09-08
outlet:opindia.com,case:bdf646c5db80,reported,1,2025-12-15,2025-12-15
outlet:latestly,case:7c581ec027d5,reported,1,2026-09-08,2026-09-08
outlet:businessnewsthisweek.com,case:7c581ec027d5,reported,2,2026-09-08,2026-09-08
outlet:adda247,case:7c581ec027d5,reported,1,2026-09-08,2026-09-08
outlet:content_media_solution,case:7c581ec027d5,reported,2,2026-09-08,2026-09-08
outlet:odishatv.in,case:7c581ec027d5,reported,1,2026-09-08,2026-09-08
case:79baf9a0b601,species:leopard,involves,1,2026-09-08,2026-09-08
case:79baf9a0b601,location:nuapada,occurred_at,1,2026-09-08,2026-09-08
case:79baf9a0b601,mode:road,via,1,2026-09-08,2026-09-08
case:79baf9a0b601,commodity:leopard-skins,seized,1,2026-09-08,2026-09-08
location:nuapada,location:odisha,within,5,2024-10-18,2026-09-08
outlet:the_statesman,case:79baf9a0b601,reported,1,2026-09-08,2026-09-08
outlet:the_statesman,case:e0bbbdc95b57,reported,1,2025-10-07,2025-10-07
outlet:kalingatv,case:79baf9a0b601,reported,1,2026-09-08,2026-09-08
outlet:odishabytes,case:79baf9a0b601,reported,1,2026-09-08,2026-09-08
outlet:thestatesman.com,case:79baf9a0b601,reported,1,2026-09-08,2026-09-08
case:d36338c0ca13,species:leopard,involves,1,2026-09-08,2026-09-08
case:d36338c0ca13,location:gujarat,occurred_at,1,2026-09-08,2026-09-08
case:309716423f15,species:birds,involves,1,2026-09-08,2026-09-08
outlet:nsc_total,case:309716423f15,reported,1,2026-09-08,2026-09-08
outlet:nsc_total,case:95e2a1200384,reported,1,2025-06-09,2025-06-09
case:80378a06668d,species:turtles,involves,1,2026-09-08,2026-09-08
case:80378a06668d,location:san_miguel,occurred_at,1,2026-09-08,2026-09-08
location:san_miguel,location:san_miguel_department,within,1,2026-09-08,2026-09-08
outlet:meganoticias,case:80378a06668d,reported,1,2026-09-08,2026-09-08
outlet:chilevision.cl,case:80378a06668d,reported,1,2026-09-08,2026-09-08
outlet:chicureo_hoy,case:80378a06668d,reported,1,2026-09-08,2026-09-08
case:9e45e43c1fa8,species:turtles,involves,1,2026-09-08,2026-09-08
outlet:diarioextra.com,case:9e45e43c1fa8,reported,1,2026-09-08,2026-09-08
case:d219d7cd5550,species:sandalwood,involves,1,2026-09-08,2026-09-08
outlet:navbharat_times,case:d219d7cd5550,reported,1,2026-09-08,2026-09-08
outlet:navbharat_times,case:29fba182737a,reported,1,2026-08-28,2026-08-28
outlet:navbharat_times,case:0ed61f152cc5,reported,1,2026-08-19,2026-08-19
outlet:navbharat_times,case:181d32a02a0a,reported,1,2026-08-16,2026-08-16
outlet:navbharat_times,case:7894e7c94138,reported,1,2026-08-13,2026-08-13
outlet:navbharat_times,case:e31f0cd12272,reported,1,2026-08-11,2026-08-11
outlet:navbharat_times,case:20ac30f295a4,reported,1,2026-08-09,2026-08-09
outlet:navbharat_times,case:1fd8b47a2a3f,reported,1,2026-07-27,2026-07-27
outlet:navbharat_times,case:dbd54d62b025,reported,1,2025-12-21,2025-12-21
case:0c40e8672f24,species:sandalwood,involves,1,2026-09-08,2026-09-08
case:0c40e8672f24,location:patan,occurred_at,1,2026-09-08,2026-09-08
location:patan,location:gujarat,within,1,2026-09-08,2026-09-08
case:f568f8352fa5,species:elephant,involves,1,2026-09-07,2026-09-07
case:f568f8352fa5,location:mangochi,occurred_at,1,2026-09-07,2026-09-07
location:mangochi,location:southern_region,within,1,2026-09-07,2026-09-07
outlet:malawi24,case:f568f8352fa5,reported,1,2026-09-07,2026-09-07
outlet:malawi24,case:42a46cf7211b,reported,1,2025-11-05,2025-11-05
case:6e8a8d6ee24d,species:elephant,involves,1,2026-09-07,2026-09-07
case:6e8a8d6ee24d,location:idukki,occurred_at,1,2026-09-07,2026-09-07
location:idukki,location:kerala,within,2,2026-02-08,2026-09-07
outlet:onmanorama,case:6e8a8d6ee24d,reported,1,2026-09-07,2026-09-07
outlet:onmanorama,case:41fa42519bb1,reported,1,2026-02-08,2026-02-08
case:d36fa7acdf40,species:rosewood,involves,1,2026-09-07,2026-09-07
case:d36fa7acdf40,location:chiang_rai,occurred_at,1,2026-09-07,2026-09-07
case:d36fa7acdf40,commodity:rosewood-logs,seized,1,2026-09-07,2026-09-07
case:8b9033df71c0,species:wildlife_general,involves,1,2026-09-07,2026-09-07
case:8b9033df71c0,location:nepal,occurred_at,1,2026-09-07,2026-09-07
outlet:nepalnews.com,case:8b9033df71c0,reported,1,2026-09-07,2026-09-07
outlet:nepalnews.com,case:3d2710cea2b6,reported,1,2026-06-03,2026-06-03
outlet:nepalnews.com,case:83526bb292ce,reported,1,2026-02-12,2026-02-12
case:9b18115f19e3,species:wildlife_general,involves,1,2026-09-06,2026-09-06
case:9b18115f19e3,location:mauganj,occurred_at,1,2026-09-06,2026-09-06
location:mauganj,location:madhya_pradesh,within,1,2026-09-06,2026-09-06
outlet:navabharat.com,case:9b18115f19e3,reported,1,2026-09-06,2026-09-06
case:59ed8df2efdc,species:leopard,involves,1,2026-09-05,2026-09-05
case:59ed8df2efdc,species:pangolin,involves,1,2026-09-05,2026-09-05
case:59ed8df2efdc,species:tiger,involves,1,2026-09-05,2026-09-05
case:59ed8df2efdc,species:tokay_gecko,involves,1,2026-09-05,2026-09-05
case:59ed8df2efdc,species:turtles,involves,1,2026-09-05,2026-09-05
case:59ed8df2efdc,location:bengaluru,occurred_at,1,2026-09-05,2026-09-05
case:59ed8df2efdc,commodity:leopard-geckos,seized,1,2026-09-05,2026-09-05
case:59ed8df2efdc,commodity:pangolin-geckos,seized,1,2026-09-05,2026-09-05
case:59ed8df2efdc,commodity:tiger-geckos,seized,1,2026-09-05,2026-09-05
case:59ed8df2efdc,commodity:tokay_gecko-geckos,seized,1,2026-09-05,2026-09-05
case:59ed8df2efdc,commodity:turtles-geckos,seized,1,2026-09-05,2026-09-05
outlet:urbanacres.in,case:59ed8df2efdc,reported,1,2026-09-05,2026-09-05
outlet:indiagazette.com,case:59ed8df2efdc,reported,1,2026-09-05,2026-09-05
outlet:indiagazette.com,case:11be888f42df,reported,1,2026-06-26,2026-06-26
outlet:indiagazette.com,case:b0f888e82b44,reported,1,2025-05-27,2025-05-27
outlet:english_varthabharati,case:59ed8df2efdc,reported,1,2026-09-05,2026-09-05
outlet:orissadiary.com,case:59ed8df2efdc,reported,1,2026-09-05,2026-09-05
outlet:aninews.in,case:59ed8df2efdc,reported,1,2026-09-05,2026-09-05
outlet:aninews.in,case:5e268904589b,reported,1,2026-06-26,2026-06-26
outlet:aninews.in,case:2930415eb79b,reported,1,2026-05-24,2026-05-24
outlet:aninews.in,case:26509d76b4a8,reported,1,2026-03-23,2026-03-23
outlet:aninews.in,case:4c1d509fcc43,reported,1,2025-10-05,2025-10-05
outlet:aninews.in,case:ffae3b149ae7,reported,1,2024-12-11,2024-12-11
outlet:inshorts,case:59ed8df2efdc,reported,1,2026-09-05,2026-09-05
outlet:inshorts,case:72f9ebe1dce2,reported,1,2026-09-04,2026-09-04
case:52fd05f92132,species:tiger,involves,1,2026-09-05,2026-09-05
case:52fd05f92132,location:shahdol,occurred_at,1,2026-09-05,2026-09-05
location:shahdol,location:madhya_pradesh,within,2,2026-01-21,2026-09-05
case:87fa54aada29,species:musk_deer,involves,1,2026-09-05,2026-09-05
case:87fa54aada29,location:sorab,occurred_at,1,2026-09-05,2026-09-05
case:e5229ea652af,species:wildlife_general,involves,1,2026-09-05,2026-09-05
case:4efc6026cfab,species:birds,involves,1,2026-09-05,2026-09-05
outlet:portal_o_dia,case:4efc6026cfab,reported,1,2026-09-05,2026-09-05
outlet:portal_o_dia,case:12e287152504,reported,1,2026-06-04,2026-06-04
case:d95f1a5d93cc,species:sandalwood,involves,1,2026-09-05,2026-09-05
outlet:prabhat_khabar,case:d95f1a5d93cc,reported,1,2026-09-05,2026-09-05
outlet:prabhat_khabar,case:a3bc3ba8e542,reported,1,2026-08-27,2026-08-27
outlet:prabhat_khabar,case:07208ec34a25,reported,1,2026-07-25,2026-07-25
case:673a809dd660,species:wildlife_general,involves,1,2026-09-05,2026-09-05
outlet:folha_de_s.paulo,case:673a809dd660,reported,1,2026-09-05,2026-09-05
outlet:folha_de_s.paulo,case:49d9b50d0913,reported,1,2025-10-28,2025-10-28
outlet:folha_de_s.paulo,case:dee1faa8c792,reported,1,2025-09-16,2025-09-16
case:72f9ebe1dce2,species:red_sanders,involves,1,2026-09-04,2026-09-04
case:72f9ebe1dce2,species:sandalwood,involves,1,2026-09-04,2026-09-04
case:72f9ebe1dce2,location:nellore,occurred_at,1,2026-09-04,2026-09-04
case:72f9ebe1dce2,commodity:red_sanders-logs,seized,1,2026-09-04,2026-09-04
case:72f9ebe1dce2,commodity:sandalwood-logs,seized,1,2026-09-04,2026-09-04
location:nellore,location:andhra_pradesh,within,1,2026-09-04,2026-09-04
case:495fdecef89b,species:elephant,involves,1,2026-09-04,2026-09-04
case:495fdecef89b,location:ébolowa,occurred_at,1,2026-09-04,2026-09-04
location:ébolowa,location:south,within,1,2026-09-04,2026-09-04
outlet:actu_cameroun,case:495fdecef89b,reported,1,2026-09-04,2026-09-04
outlet:actu_cameroun,case:02457fad221f,reported,1,2026-02-07,2026-02-07
case:d61fbc7098bd,species:wildlife_general,involves,1,2026-09-04,2026-09-04
outlet:cuarto_poder_chiapas,case:d61fbc7098bd,reported,1,2026-09-04,2026-09-04
case:849663a2a527,species:rosewood,involves,1,2026-09-04,2026-09-04
case:849663a2a527,location:são_josé,occurred_at,1,2026-09-04,2026-09-04
location:são_josé,location:santa_catarina,within,1,2026-09-04,2026-09-04
outlet:olharalerta.com.br,case:849663a2a527,reported,1,2026-09-04,2026-09-04
case:af15c5416863,species:wildlife_general,involves,1,2026-09-04,2026-09-04
case:d92d02bf4658,species:wildlife_general,involves,1,2026-09-03,2026-09-03
case:d92d02bf4658,location:pali,occurred_at,1,2026-09-03,2026-09-03
location:pali,location:rajasthan,within,1,2026-09-03,2026-09-03
outlet:patrika_news,case:d92d02bf4658,reported,1,2026-09-03,2026-09-03
outlet:patrika_news,case:83ae012bc6cf,reported,1,2026-08-11,2026-08-11
case:de9db9b69f27,species:birds,involves,1,2026-09-03,2026-09-03
case:de9db9b69f27,location:kushinagar,occurred_at,1,2026-09-03,2026-09-03
case:6c2dcbfa575d,species:pangolin,involves,1,2026-09-03,2026-09-03
case:6c2dcbfa575d,location:botswana,occurred_at,1,2026-09-03,2026-09-03
case:cc9b47c1b241,species:elephant,involves,1,2026-09-03,2026-09-03
case:cc9b47c1b241,location:vietnam,occurred_at,1,2026-09-03,2026-09-03
case:cc9b47c1b241,commodity:elephant-tons,seized,1,2026-09-03,2026-09-03
outlet:news_-_mongabay,case:cc9b47c1b241,reported,1,2026-09-03,2026-09-03
outlet:news_-_mongabay,case:80b2b8844bcb,reported,1,2026-08-14,2026-08-14
outlet:news_-_mongabay,case:e04560b49871,reported,1,2026-08-11,2026-08-11
outlet:news_-_mongabay,case:3e53dbc1ca82,reported,1,2026-07-21,2026-07-21
outlet:news_-_mongabay,case:882af35e09fa,reported,1,2026-06-24,2026-06-24
outlet:news_-_mongabay,case:dfbbb64e2a7b,reported,1,2026-04-23,2026-04-23
outlet:news_-_mongabay,case:2b72e46ea40d,reported,1,2026-03-19,2026-03-19
outlet:news_-_mongabay,case:cf08fa26a3e8,reported,1,2025-12-19,2025-12-19
outlet:news_-_mongabay,case:04db1046835b,reported,1,2025-11-25,2025-11-25
outlet:news_-_mongabay,case:df04bab573ca,reported,1,2025-11-14,2025-11-14
outlet:news_-_mongabay,case:3babee964cea,reported,1,2025-11-14,2025-11-14
outlet:news_-_mongabay,case:684ff913921a,reported,1,2025-06-17,2025-06-17
outlet:news_-_mongabay,case:6970f177789e,reported,1,2025-05-14,2025-05-14
outlet:news_-_mongabay,case:690d07a3ba25,reported,1,2025-04-15,2025-04-15
outlet:news_-_mongabay,case:533619e4e7ce,reported,1,2025-04-07,2025-04-07
outlet:news_-_mongabay,case:6042cd92d641,reported,1,2025-02-14,2025-02-14
outlet:news_-_mongabay,case:091f0481ab21,reported,1,2024-12-25,2024-12-25
case:99158f51e74b,species:elephant,involves,1,2026-09-03,2026-09-03
case:7c2edb84ce53,species:sandalwood,involves,1,2026-09-03,2026-09-03
case:7c2edb84ce53,location:gajapati,occurred_at,1,2026-09-03,2026-09-03
case:7c2edb84ce53,commodity:sandalwood-kg,seized,1,2026-09-03,2026-09-03
location:gajapati,location:odisha,within,1,2026-09-03,2026-09-03
outlet:sambad_english,case:7c2edb84ce53,reported,1,2026-09-03,2026-09-03
case:42c20b134c70,species:sandalwood,involves,1,2026-09-03,2026-09-03
case:42c20b134c70,location:haldwani,occurred_at,1,2026-09-03,2026-09-03
location:haldwani,location:uttarakhand,within,1,2026-09-03,2026-09-03
case:d4ef05694f35,species:wildlife_general,involves,1,2026-09-03,2026-09-03
outlet:nd_mais,case:d4ef05694f35,reported,1,2026-09-03,2026-09-03
outlet:nd_mais,case:6b88c1522c60,reported,1,2026-08-28,2026-08-28
outlet:nd_mais,case:c33fe2a0aff3,reported,1,2026-08-21,2026-08-21
outlet:nd_mais,case:23708c445f84,reported,1,2026-06-19,2026-06-19
case:ba6cbd60ac05,species:elephant,involves,1,2026-09-02,2026-09-02
case:ba6cbd60ac05,species:pangolin,involves,1,2026-09-02,2026-09-02
case:ba6cbd60ac05,location:cuamba,occurred_at,1,2026-09-02,2026-09-02
location:cuamba,location:niassa_province,within,1,2026-09-02,2026-09-02
outlet:club_of_mozambique,case:ba6cbd60ac05,reported,1,2026-09-02,2026-09-02
outlet:club_of_mozambique,case:00c037f00cbf,reported,1,2026-04-06,2026-04-06
outlet:club_of_mozambique,case:f2598dd58225,reported,1,2025-10-28,2025-10-28
outlet:club_of_mozambique,case:cd766eb26a3f,reported,1,2025-09-10,2025-09-10
case:9d22005442c6,species:birds,involves,1,2026-09-02,2026-09-02
outlet:rca1.com.br,case:9d22005442c6,reported,1,2026-09-02,2026-09-02
case:be61c8e830ee,species:turtles,involves,1,2026-09-02,2026-09-02
case:be61c8e830ee,commodity:turtles-turtles,seized,1,2026-09-02,2026-09-02
case:cd474874ff08,species:pangolin,involves,1,2026-09-01,2026-09-01
case:cd474874ff08,location:india,occurred_at,1,2026-09-01,2026-09-01
case:5c160960fe73,species:turtles,involves,1,2026-09-01,2026-09-01
case:5c160960fe73,location:una,occurred_at,1,2026-09-01,2026-09-01
location:una,location:himachal_pradesh,within,1,2026-09-01,2026-09-01
case:90de4de096d3,species:abalone,involves,1,2026-09-01,2026-09-01
case:90de4de096d3,location:namibia,occurred_at,1,2026-09-01,2026-09-01
outlet:wansom.ai,case:90de4de096d3,reported,1,2026-09-01,2026-09-01
outlet:wansom.ai,case:97f7b261d9e6,reported,1,2026-07-19,2026-07-19
case:47ec31265564,species:wildlife_general,involves,1,2026-09-01,2026-09-01
outlet:30millionsdamis.fr,case:47ec31265564,reported,1,2026-09-01,2026-09-01
outlet:30millionsdamis.fr,case:63f55630378c,reported,1,2025-10-27,2025-10-27
case:c69b0c6e888d,species:turtles,involves,1,2026-08-31,2026-08-31
case:c69b0c6e888d,location:dharamsala,occurred_at,1,2026-08-31,2026-08-31
case:c69b0c6e888d,mode:road,via,1,2026-08-31,2026-08-31
location:dharamsala,location:himachal_pradesh,within,1,2026-08-31,2026-08-31
case:109cd30ac223,species:birds,involves,1,2026-08-31,2026-08-31
case:109cd30ac223,location:águas_claras,occurred_at,1,2026-08-31,2026-08-31
location:águas_claras,location:federal_district,within,1,2026-08-31,2026-08-31
outlet:bahia_notícias,case:109cd30ac223,reported,1,2026-08-31,2026-08-31
outlet:bahia_notícias,case:0430cfecb61a,reported,1,2026-05-11,2026-05-11
outlet:acorda_cidade,case:109cd30ac223,reported,1,2026-08-31,2026-08-31
outlet:acorda_cidade,case:a8f750a27293,reported,1,2026-04-26,2026-04-26
outlet:acorda_cidade,case:90608f33ab4c,reported,1,2026-04-13,2026-04-13
case:572e58d74912,species:birds,involves,1,2026-08-31,2026-08-31
outlet:el_sol_de_méxico,case:572e58d74912,reported,1,2026-08-31,2026-08-31
outlet:el_sol_de_méxico,case:b7b7f8c4ca73,reported,1,2026-07-22,2026-07-22
outlet:el_sol_de_méxico,case:1435461a2ed2,reported,1,2026-06-30,2026-06-30
outlet:el_sol_de_méxico,case:cf475a6a7ae0,reported,1,2026-06-07,2026-06-07
outlet:el_sol_de_méxico,case:5fff71a1efd9,reported,1,2026-05-24,2026-05-24
outlet:el_sol_de_méxico,case:3af6575cb337,reported,1,2026-04-30,2026-04-30
outlet:el_sol_de_méxico,case:e294993652c3,reported,1,2026-01-05,2026-01-05
outlet:el_sol_de_méxico,case:6f566e1454ed,reported,1,2025-02-26,2025-02-26
case:0ed8265377ca,species:birds,involves,1,2026-08-31,2026-08-31
case:0ed8265377ca,location:salvador,occurred_at,1,2026-08-31,2026-08-31
outlet:varela_net,case:0ed8265377ca,reported,1,2026-08-31,2026-08-31
case:0e64ff1cb7b7,species:pangolin,involves,1,2026-08-30,2026-08-30
case:0e64ff1cb7b7,location:limpopo,occurred_at,1,2026-08-30,2026-08-30
outlet:briefly_news,case:0e64ff1cb7b7,reported,1,2026-08-30,2026-08-30
outlet:sundayworld.co.za,case:0e64ff1cb7b7,reported,1,2026-08-30,2026-08-30
outlet:african_insider,case:0e64ff1cb7b7,reported,1,2026-08-30,2026-08-30
outlet:african_insider,case:207e7d4d1de5,reported,1,2026-07-20,2026-07-20
case:9c9ea761d806,species:leopard,involves,1,2026-08-30,2026-08-30
case:b27b51a30406,species:wildlife_general,involves,1,2026-08-30,2026-08-30
case:b27b51a30406,location:costa_rica,occurred_at,1,2026-08-30,2026-08-30
case:b27b51a30406,mode:online,via,1,2026-08-30,2026-08-30
outlet:the_tico_times,case:b27b51a30406,reported,1,2026-08-30,2026-08-30
outlet:the_tico_times,case:34b94d002165,reported,1,2026-06-28,2026-06-28
outlet:the_tico_times,case:c5989e8622b9,reported,1,2026-04-08,2026-04-08
outlet:the_tico_times,case:5a70f0ec6f8c,reported,1,2026-03-17,2026-03-17
case:4fc6ef887be5,species:wildlife_general,involves,1,2026-08-30,2026-08-30
case:4fc6ef887be5,location:latina,occurred_at,1,2026-08-30,2026-08-30
location:latina,location:madrid,within,2,2026-02-26,2026-08-30
outlet:prensa_latina,case:4fc6ef887be5,reported,1,2026-08-30,2026-08-30
case:fa905202ee09,species:monitor_lizard,involves,1,2026-08-29,2026-08-29
case:fa905202ee09,location:pudukkottai,occurred_at,1,2026-08-29,2026-08-29
location:pudukkottai,location:tamil_nadu,within,2,2026-07-25,2026-08-29
outlet:deccanchronicle.com,case:fa905202ee09,reported,1,2026-08-29,2026-08-29
outlet:deccanchronicle.com,case:e46d00e3b9d4,reported,1,2026-08-08,2026-08-08
case:2c361c4b5adb,species:pangolin,involves,1,2026-08-29,2026-08-29
case:2c361c4b5adb,location:botswana,occurred_at,1,2026-08-29,2026-08-29
case:d2b5a415883b,species:pangolin,involves,1,2026-08-29,2026-08-29
case:d2b5a415883b,location:kānker,occurred_at,1,2026-08-29,2026-08-29
location:kānker,location:chhattisgarh,within,1,2026-08-29,2026-08-29
case:ef4ea56fa7d8,species:birds,involves,1,2026-08-29,2026-08-29
case:ef4ea56fa7d8,location:passo_fundo,occurred_at,1,2026-08-29,2026-08-29
location:passo_fundo,location:rio_grande_do_sul,within,1,2026-08-29,2026-08-29
case:20db2f7d62c3,species:sandalwood,involves,1,2026-08-29,2026-08-29
case:20db2f7d62c3,location:jamshedpur,occurred_at,1,2026-08-29,2026-08-29
location:jamshedpur,location:jharkhand,within,5,2024-08-16,2026-08-29
case:8510d66ad722,species:pangolin,involves,1,2026-08-29,2026-08-29
case:8510d66ad722,location:botswana,occurred_at,1,2026-08-29,2026-08-29
outlet:saps.gov.za,case:8510d66ad722,reported,1,2026-08-29,2026-08-29
outlet:saps.gov.za,case:318a01007051,reported,1,2025-12-05,2025-12-05
outlet:saps.gov.za,case:be2f50cb6ba9,reported,1,2025-04-14,2025-04-14
outlet:saps.gov.za,case:dbcb79c65cba,reported,1,2024-04-03,2024-04-03
case:694398508595,species:tiger,involves,1,2026-08-28,2026-08-28
case:694398508595,location:chhattisgarh,occurred_at,1,2026-08-28,2026-08-28
outlet:freepressjournal.in,case:694398508595,reported,1,2026-08-28,2026-08-28
outlet:freepressjournal.in,case:e46d00e3b9d4,reported,1,2026-08-08,2026-08-08
case:0097982baf54,species:pangolin,involves,1,2026-08-28,2026-08-28
case:0097982baf54,location:hanūr,occurred_at,1,2026-08-28,2026-08-28
location:hanūr,location:karnataka,within,1,2026-08-28,2026-08-28
case:29fba182737a,species:monitor_lizard,involves,1,2026-08-28,2026-08-28
case:29fba182737a,location:chākan,occurred_at,1,2026-08-28,2026-08-28
location:chākan,location:maharashtra,within,1,2026-08-28,2026-08-28
case:6b88c1522c60,species:turtles,involves,1,2026-08-28,2026-08-28
case:610f88e2d8cd,species:primates,involves,1,2026-08-28,2026-08-28
outlet:diario_cambio22,case:610f88e2d8cd,reported,1,2026-08-28,2026-08-28
case:9ff185a50c58,species:primates,involves,1,2026-08-28,2026-08-28
case:9ff185a50c58,location:kano,occurred_at,1,2026-08-28,2026-08-28
case:8eadbd0a81fb,species:wildlife_general,involves,1,2026-08-28,2026-08-28
case:8eadbd0a81fb,location:campo_grande,occurred_at,1,2026-08-28,2026-08-28
location:campo_grande,location:mato_grosso_do_sul,within,3,2025-07-05,2026-08-28
outlet:a_crítica_de_campo_grande,case:8eadbd0a81fb,reported,1,2026-08-28,2026-08-28
case:27953a7cc7f1,species:pangolin,involves,1,2026-08-28,2026-08-28
case:27953a7cc7f1,location:genteng,occurred_at,1,2026-08-28,2026-08-28
location:genteng,location:east_java,within,1,2026-08-28,2026-08-28
outlet:radar_banyuwangi,case:27953a7cc7f1,reported,1,2026-08-28,2026-08-28
case:a01e2da5da75,species:wildlife_general,involves,1,2026-08-28,2026-08-28
case:a01e2da5da75,location:colombia,occurred_at,1,2026-08-28,2026-08-28
outlet:latinus,case:a01e2da5da75,reported,1,2026-08-28,2026-08-28
outlet:latinus,case:8e145ce25883,reported,1,2026-06-28,2026-06-28
case:bf65ad933bd3,species:pangolin,involves,1,2026-08-27,2026-08-27
case:bf65ad933bd3,location:indonesia,occurred_at,1,2026-08-27,2026-08-27
case:73938a976378,species:monitor_lizard,involves,1,2026-08-27,2026-08-27
case:73938a976378,location:chhattisgarh,occurred_at,1,2026-08-27,2026-08-27
case:73938a976378,mode:online,via,1,2026-08-27,2026-08-27
case:8af70a535b32,species:turtles,involves,1,2026-08-27,2026-08-27
case:8af70a535b32,location:india,occurred_at,1,2026-08-27,2026-08-27
case:ff4d629d2103,species:leopard,involves,1,2026-08-27,2026-08-27
case:ff4d629d2103,location:india,occurred_at,1,2026-08-27,2026-08-27
case:465fbe735b4e,species:owl,involves,1,2026-08-27,2026-08-27
case:43c313088957,species:owl,involves,1,2026-08-27,2026-08-27
case:43c313088957,location:agra,occurred_at,1,2026-08-27,2026-08-27
location:agra,location:uttar_pradesh,within,3,2026-07-23,2026-08-27
case:b0020dca9260,species:pangolin,involves,1,2026-08-27,2026-08-27
case:b0020dca9260,location:pontianak,occurred_at,1,2026-08-27,2026-08-27
case:b0020dca9260,commodity:pangolin-ton,seized,1,2026-08-27,2026-08-27
location:pontianak,location:west_kalimantan,within,2,2026-08-06,2026-08-27
case:85af168e51a6,species:wildlife_general,involves,1,2026-08-27,2026-08-27
outlet:la_crónica_de_hoy,case:85af168e51a6,reported,1,2026-08-27,2026-08-27
case:a035fc64d51a,species:birds,involves,1,2026-08-27,2026-08-27
outlet:infobae,case:a035fc64d51a,reported,1,2026-08-27,2026-08-27
outlet:infobae,case:bc1988b0c2aa,reported,1,2026-08-13,2026-08-13
outlet:infobae,case:f103f6dbcfa3,reported,1,2026-07-15,2026-07-15
outlet:infobae,case:0e4b1a6c4b7b,reported,1,2026-06-16,2026-06-16
outlet:infobae,case:ce0fae65a982,reported,1,2026-06-11,2026-06-11
outlet:infobae,case:5259746561fc,reported,1,2026-05-13,2026-05-13
outlet:infobae,case:0a8a8c599f46,reported,1,2026-05-10,2026-05-10
outlet:infobae,case:563a4a84fe27,reported,1,2026-04-15,2026-04-15
outlet:infobae,case:ebd7780fbda9,reported,1,2026-02-11,2026-02-11
outlet:infobae,case:112118b70434,reported,1,2025-11-10,2025-11-10
outlet:infobae,case:8a7ffea63adb,reported,1,2025-10-27,2025-10-27
outlet:infobae,case:82d3dfee462b,reported,1,2025-10-01,2025-10-01
outlet:infobae,case:6dea1ca73729,reported,1,2024-06-09,2024-06-09
case:6774353051b8,species:jaguar,involves,1,2026-08-27,2026-08-27
case:6774353051b8,location:la_paz,occurred_at,1,2026-08-27,2026-08-27
location:la_paz,location:baja_california_sur,within,1,2026-08-27,2026-08-27
location:la_paz,location:la_paz_department,within,1,2026-08-26,2026-08-26
outlet:eju.tv,case:6774353051b8,reported,1,2026-08-27,2026-08-27
case:043f3fe108d5,species:wildlife_general,involves,1,2026-08-27,2026-08-27
case:043f3fe108d5,location:south_africa,occurred_at,1,2026-08-27,2026-08-27
outlet:sky_news,case:043f3fe108d5,reported,1,2026-08-27,2026-08-27
outlet:sky_news,case:6b82cc2fa16d,reported,1,2025-12-11,2025-12-11
outlet:yahoo_news_uk,case:043f3fe108d5,reported,1,2026-08-27,2026-08-27
case:742bb8feb8c2,species:rhino,involves,1,2026-08-27,2026-08-27
case:742bb8feb8c2,location:namibia,occurred_at,1,2026-08-27,2026-08-27
outlet:u.s._embassy_in_namibia_(.gov),case:742bb8feb8c2,reported,1,2026-08-27,2026-08-27
outlet:u.s._embassy_in_namibia_(.gov),case:49cad0b00179,reported,1,2026-03-04,2026-03-04
case:ce2903c09354,species:wildlife_general,involves,1,2026-08-27,2026-08-27
case:ce2903c09354,mode:online,via,1,2026-08-27,2026-08-27
outlet:uct_news,case:ce2903c09354,reported,1,2026-08-27,2026-08-27
outlet:it-online.co.za,case:ce2903c09354,reported,1,2026-08-27,2026-08-27
case:ac2fff6f491d,species:wildlife_general,involves,1,2026-08-27,2026-08-27
case:ac2fff6f491d,location:namibia,occurred_at,1,2026-08-27,2026-08-27
outlet:informanté,case:ac2fff6f491d,reported,1,2026-08-27,2026-08-27
outlet:informanté,case:517182c4858a,reported,1,2026-08-22,2026-08-22
outlet:informanté,case:c87234eaa390,reported,1,2026-01-21,2026-01-21
case:a3bc3ba8e542,species:sandalwood,involves,1,2026-08-27,2026-08-27
case:ddfe150d552b,species:wildlife_general,involves,1,2026-08-27,2026-08-27
case:ddfe150d552b,location:france,occurred_at,1,2026-08-27,2026-08-27
outlet:la_provence,case:ddfe150d552b,reported,1,2026-08-27,2026-08-27
outlet:rfi,case:ddfe150d552b,reported,1,2026-08-27,2026-08-27
outlet:rfi,case:e63185cd2164,reported,1,2026-08-05,2026-08-05
outlet:rfi,case:23ca2e6a1f60,reported,1,2026-07-22,2026-07-22
outlet:rfi,case:fc902f269fbc,reported,1,2026-06-18,2026-06-18
outlet:rfi,case:e019c98a5896,reported,1,2026-05-21,2026-05-21
outlet:yahoo_actualités,case:ddfe150d552b,reported,1,2026-08-27,2026-08-27
case:760b5a22b3bc,species:wildlife_general,involves,1,2026-08-26,2026-08-26
outlet:ຂ່າວສານປະເທດລາວ,case:760b5a22b3bc,reported,3,2026-08-26,2026-08-26
outlet:kpl.gov.la,case:760b5a22b3bc,reported,1,2026-08-26,2026-08-26
case:0a82197da991,species:elephant,involves,1,2026-08-26,2026-08-26
outlet:icilome,case:0a82197da991,reported,1,2026-08-26,2026-08-26
case:e596be6f81dd,species:elephant,involves,1,2026-08-26,2026-08-26
outlet:periódico_correo,case:e596be6f81dd,reported,1,2026-08-26,2026-08-26
case:0748ccdf13e6,species:wildlife_general,involves,1,2026-08-26,2026-08-26
outlet:suid-kaap_forum,case:0748ccdf13e6,reported,1,2026-08-26,2026-08-26
case:9791f97231b9,species:pangolin,involves,1,2026-08-26,2026-08-26
case:9791f97231b9,location:singapore,occurred_at,1,2026-08-26,2026-08-26
case:3cdb8ebbdbe8,species:jaguar,involves,1,2026-08-26,2026-08-26
case:3cdb8ebbdbe8,location:la_paz,occurred_at,1,2026-08-26,2026-08-26
outlet:la_patria_bolivia,case:3cdb8ebbdbe8,reported,1,2026-08-26,2026-08-26
outlet:la_patria_bolivia,case:498c9e55e715,reported,1,2026-07-27,2026-07-27
outlet:la_patria_bolivia,case:ee2b1e276755,reported,1,2025-10-15,2025-10-15
outlet:la_patria_bolivia,case:ce128b19808d,reported,1,2025-10-14,2025-10-14
case:5fe6f830c62a,species:abalone,involves,1,2026-08-25,2026-08-25
case:6d17e8762fe9,species:elephant,involves,1,2026-08-25,2026-08-25
case:e32f00890986,species:birds,involves,1,2026-08-25,2026-08-25
case:2377a37a7330,species:wildlife_general,involves,1,2026-08-25,2026-08-25
case:2377a37a7330,location:patria,occurred_at,1,2026-08-25,2026-08-25
location:patria,location:western_visayas,within,4,2025-10-14,2026-08-25
outlet:la_patria,case:2377a37a7330,reported,1,2026-08-25,2026-08-25
outlet:la_patria,case:463b1ec3fbbf,reported,1,2026-04-10,2026-04-10
outlet:la_patria,case:bf6ca004deb4,reported,1,2025-12-28,2025-12-28
case:b697a9a74498,species:wildlife_general,involves,1,2026-08-25,2026-08-25
case:b697a9a74498,location:pueblo,occurred_at,1,2026-08-25,2026-08-25
location:pueblo,location:colorado,within,1,2026-08-25,2026-08-25
outlet:defensoría_del_pueblo_de_colombia,case:b697a9a74498,reported,1,2026-08-25,2026-08-25
case:ea388d6eacf0,species:wildlife_general,involves,1,2026-08-25,2026-08-25
case:ea388d6eacf0,location:magdalena,occurred_at,1,2026-08-25,2026-08-25
location:magdalena,location:jalisco,within,1,2026-08-25,2026-08-25
case:28bdf8d15419,species:wildlife_general,involves,1,2026-08-25,2026-08-25
outlet:abi_-_agencia_boliviana_de_información,case:28bdf8d15419,reported,1,2026-08-25,2026-08-25
case:fe354cd25193,species:leopard,involves,1,2026-08-24,2026-08-24
case:fe354cd25193,location:bhadradri_kothagudem,occurred_at,1,2026-08-24,2026-08-24
case:fe354cd25193,commodity:leopard-claws,seized,1,2026-08-24,2026-08-24
location:bhadradri_kothagudem,location:telangana,within,1,2026-08-24,2026-08-24
outlet:telangana_today,case:fe354cd25193,reported,1,2026-08-24,2026-08-24
outlet:telangana_today,case:006c06ea4c5e,reported,1,2026-06-26,2026-06-26
outlet:telangana_today,case:392d725a8e2f,reported,1,2026-04-20,2026-04-20
outlet:telangana_today,case:0eca4c3e0ee0,reported,1,2025-09-28,2025-09-28
case:4a3eeb399e57,species:pangolin,involves,1,2026-08-24,2026-08-24
case:4a3eeb399e57,location:nuapada,occurred_at,1,2026-08-24,2026-08-24
case:5641330d79f7,species:pangolin,involves,1,2026-08-24,2026-08-24
case:5641330d79f7,location:india,occurred_at,1,2026-08-24,2026-08-24
case:53e8606aaa33,species:rhino,involves,1,2026-08-24,2026-08-24
case:f39b70000ae9,species:wildlife_general,involves,1,2026-08-24,2026-08-24
case:f39b70000ae9,mode:online,via,1,2026-08-24,2026-08-24
outlet:phys.org,case:f39b70000ae9,reported,2,2026-08-24,2026-08-24
outlet:phys.org,case:5fd4d2694be9,reported,1,2026-02-23,2026-02-23
case:994119527d2e,species:wildlife_general,involves,1,2026-08-24,2026-08-24
outlet:2oceansvibe_news,case:994119527d2e,reported,1,2026-08-24,2026-08-24
outlet:2oceansvibe_news,case:9e827163d6f2,reported,1,2026-06-05,2026-06-05
case:db84ce63523d,species:sandalwood,involves,1,2026-08-24,2026-08-24
case:db84ce63523d,location:vellore,occurred_at,1,2026-08-24,2026-08-24
location:vellore,location:tamil_nadu,within,2,2024-11-19,2026-08-24
case:749e5dea5242,species:wildlife_general,involves,1,2026-08-23,2026-08-23
case:749e5dea5242,location:klaten,occurred_at,1,2026-08-23,2026-08-23
case:749e5dea5242,mode:online,via,1,2026-08-23,2026-08-23
location:klaten,location:central_java,within,1,2026-08-23,2026-08-23
outlet:batasmedia99,case:749e5dea5242,reported,1,2026-08-23,2026-08-23
case:11f00a598ecc,species:turtles,involves,1,2026-08-23,2026-08-23
case:11f00a598ecc,location:mumbai,occurred_at,1,2026-08-23,2026-08-23
case:76acede68f05,species:birds,involves,1,2026-08-23,2026-08-23
case:76acede68f05,location:guayaquil,occurred_at,1,2026-08-23,2026-08-23
location:guayaquil,location:guayas,within,5,2026-04-01,2026-08-23
outlet:teleamazonas,case:76acede68f05,reported,1,2026-08-23,2026-08-23
case:517182c4858a,species:wildlife_general,involves,1,2026-08-22,2026-08-22
case:517182c4858a,location:namibia,occurred_at,1,2026-08-22,2026-08-22
case:1dc2f5d8bd07,species:wildlife_general,involves,1,2026-08-22,2026-08-22
case:1dc2f5d8bd07,location:pīlibhīt,occurred_at,1,2026-08-22,2026-08-22
location:pīlibhīt,location:uttar_pradesh,within,2,2026-07-22,2026-08-22
case:3e4fae0a69dc,species:tokay_gecko,involves,1,2026-08-21,2026-08-21
case:3e4fae0a69dc,location:kaziranga,occurred_at,1,2026-08-21,2026-08-21
case:3e4fae0a69dc,commodity:tokay_gecko-live,seized,1,2026-08-21,2026-08-21
location:kaziranga,location:assam,within,1,2026-08-21,2026-08-21
case:c33fe2a0aff3,species:turtles,involves,1,2026-08-21,2026-08-21
outlet:o_globo,case:c33fe2a0aff3,reported,1,2026-08-21,2026-08-21
outlet:o_globo,case:462aebd1ae5a,reported,1,2026-06-02,2026-06-02
outlet:o_globo,case:86c409fb31fe,reported,1,2025-12-11,2025-12-11
case:00194d0baf59,species:abalone,involves,1,2026-08-21,2026-08-21
case:aec1029b88e3,species:shark_ray,involves,1,2026-08-21,2026-08-21
case:aec1029b88e3,location:piúma,occurred_at,1,2026-08-21,2026-08-21
location:piúma,location:espírito_santo,within,1,2026-08-21,2026-08-21
case:4df68b93a015,species:rosewood,involves,1,2026-08-21,2026-08-21
outlet:imediato.ncnews.com.br,case:4df68b93a015,reported,1,2026-08-21,2026-08-21
case:04a10203eddb,species:wildlife_general,involves,1,2026-08-21,2026-08-21
case:04a10203eddb,location:vitória_da_conquista,occurred_at,1,2026-08-21,2026-08-21
location:vitória_da_conquista,location:bahia,within,5,2024-10-30,2026-08-21
outlet:galego_notícias,case:04a10203eddb,reported,1,2026-08-21,2026-08-21
outlet:prefeitura_municipal_de_vitória_da_conquista_-_pmvc,case:04a10203eddb,reported,1,2026-08-21,2026-08-21
outlet:prefeitura_municipal_de_vitória_da_conquista_-_pmvc,case:1c2fa742b29c,reported,1,2026-05-11,2026-05-11
outlet:prefeitura_municipal_de_vitória_da_conquista_-_pmvc,case:5c1a7759d990,reported,1,2026-04-27,2026-04-27
outlet:prefeitura_municipal_de_vitória_da_conquista_-_pmvc,case:6b6c5d760276,reported,1,2025-11-18,2025-11-18
outlet:prefeitura_municipal_de_vitória_da_conquista_-_pmvc,case:d8627664a9b4,reported,1,2025-09-18,2025-09-18
outlet:prefeitura_municipal_de_vitória_da_conquista_-_pmvc,case:e87d81be0993,reported,1,2024-10-30,2024-10-30
outlet:prefeitura_municipal_de_vitória_da_conquista_-_pmvc,case:47509bee0fa4,reported,1,2024-04-28,2024-04-28
case:8294e19948b2,species:turtles,involves,1,2026-08-21,2026-08-21
case:cc20efee94bb,species:wildlife_general,involves,1,2026-08-21,2026-08-21
case:4e9b2989621d,species:leopard,involves,1,2026-08-21,2026-08-21
case:592fc9576920,species:wildlife_general,involves,1,2026-08-21,2026-08-21
outlet:essex_police,case:592fc9576920,reported,1,2026-08-21,2026-08-21
case:df7c91045040,species:wildlife_general,involves,1,2026-08-21,2026-08-21
case:df7c91045040,location:guayaquil,occurred_at,1,2026-08-21,2026-08-21
outlet:el_comercio,case:df7c91045040,reported,1,2026-08-21,2026-08-21
outlet:el_comercio,case:7c76fa650e5e,reported,1,2026-06-12,2026-06-12
outlet:el_comercio,case:78f3d41e9ce3,reported,1,2026-04-02,2026-04-02
case:b5afd84b82ef,species:wildlife_general,involves,1,2026-08-20,2026-08-20
outlet:news.mongabay.com,case:b5afd84b82ef,reported,2,2026-08-20,2026-08-20
outlet:news.mongabay.com,case:3e53dbc1ca82,reported,1,2026-07-21,2026-07-21
outlet:news.mongabay.com,case:ff39bb82dd02,reported,1,2026-06-16,2026-06-16
outlet:news.mongabay.com,case:690b8e30882c,reported,1,2026-06-12,2026-06-12
outlet:news.mongabay.com,case:3c1df1b7f366,reported,1,2026-06-10,2026-06-10
outlet:news.mongabay.com,case:6d58dfb4c77c,reported,1,2026-06-10,2026-06-10
outlet:news.mongabay.com,case:cd047db3ef16,reported,1,2026-06-08,2026-06-08
outlet:news.mongabay.com,case:9a82f0183419,reported,1,2026-05-19,2026-05-19
outlet:news.mongabay.com,case:65c4bad87596,reported,1,2026-05-01,2026-05-01
outlet:news.mongabay.com,case:09a7dcc49561,reported,1,2026-04-27,2026-04-27
outlet:news.mongabay.com,case:c7989309c543,reported,1,2026-04-24,2026-04-24
outlet:news.mongabay.com,case:7da5d697de4d,reported,1,2026-03-28,2026-03-28
outlet:news.mongabay.com,case:cfa9b38ad773,reported,1,2026-03-20,2026-03-20
outlet:news.mongabay.com,case:a4a344acecdb,reported,1,2026-03-12,2026-03-12
outlet:news.mongabay.com,case:609d516df9b2,reported,1,2026-03-03,2026-03-03
outlet:news.mongabay.com,case:e04b5f0bc73e,reported,1,2025-06-23,2025-06-23
case:147441db97a9,species:red_sanders,involves,1,2026-08-20,2026-08-20
case:147441db97a9,location:tirupati,occurred_at,1,2026-08-20,2026-08-20
location:tirupati,location:andhra_pradesh,within,7,2025-10-07,2026-08-20
case:a68f8c298daf,species:wildlife_general,involves,1,2026-08-20,2026-08-20
case:a68f8c298daf,location:tocantins,occurred_at,1,2026-08-20,2026-08-20
location:tocantins,location:minas_gerais,within,4,2025-10-21,2026-08-20
outlet:tocantins.jornalopcao.com.br,case:a68f8c298daf,reported,1,2026-08-20,2026-08-20
outlet:correiodamanha.com.br,case:a68f8c298daf,reported,1,2026-08-20,2026-08-20
outlet:araxá_agora,case:a68f8c298daf,reported,1,2026-08-20,2026-08-20
case:d7ec4688c75a,species:turtles,involves,1,2026-08-20,2026-08-20
outlet:pradeshprakash.com,case:d7ec4688c75a,reported,1,2026-08-20,2026-08-20
case:55a8c894b84f,species:primates,involves,1,2026-08-20,2026-08-20
case:55a8c894b84f,location:libreville,occurred_at,1,2026-08-20,2026-08-20
outlet:vivafrik,case:55a8c894b84f,reported,1,2026-08-20,2026-08-20
outlet:gabonactu.com,case:55a8c894b84f,reported,1,2026-08-20,2026-08-20
outlet:gabonactu.com,case:73de2fe660df,reported,1,2026-02-05,2026-02-05
outlet:info241.com,case:55a8c894b84f,reported,1,2026-08-20,2026-08-20
case:0ed61f152cc5,species:elephant,involves,1,2026-08-19,2026-08-19
case:0ed61f152cc5,location:lucknow,occurred_at,1,2026-08-19,2026-08-19
location:lucknow,location:uttar_pradesh,within,1,2026-08-19,2026-08-19
outlet:ndtv_profit,case:0ed61f152cc5,reported,1,2026-08-19,2026-08-19
outlet:news_on_air,case:0ed61f152cc5,reported,1,2026-08-19,2026-08-19
outlet:news_on_air,case:67712306e11c,reported,1,2026-08-01,2026-08-01
outlet:news_on_air,case:5d3a8a0998c8,reported,1,2026-07-09,2026-07-09
outlet:news_on_air,case:a353344d8ee9,reported,1,2026-06-02,2026-06-02
outlet:globalgovernancenews.com,case:0ed61f152cc5,reported,1,2026-08-19,2026-08-19
case:bf543fad4c75,species:wildlife_general,involves,1,2026-08-19,2026-08-19
outlet:cbs8.com,case:bf543fad4c75,reported,1,2026-08-19,2026-08-19
outlet:cbs8.com,case:b3ce38a60996,reported,1,2026-08-19,2026-08-19
case:02e84ae2075d,species:wildlife_general,involves,1,2026-08-19,2026-08-19
case:02e84ae2075d,location:iati,occurred_at,1,2026-08-19,2026-08-19
location:iati,location:pernambuco,within,1,2026-08-19,2026-08-19
outlet:terra,case:02e84ae2075d,reported,1,2026-08-19,2026-08-19
outlet:terra,case:d0359ceedff7,reported,1,2026-05-21,2026-05-21
outlet:francês_news,case:02e84ae2075d,reported,1,2026-08-19,2026-08-19
case:c54d6c70f721,species:turtles,involves,1,2026-08-19,2026-08-19
outlet:diariodepernambuco.com.br,case:c54d6c70f721,reported,1,2026-08-19,2026-08-19
case:ab295050f449,species:pangolin,involves,1,2026-08-19,2026-08-19
case:ab295050f449,location:banjarmasin,occurred_at,1,2026-08-19,2026-08-19
case:ab295050f449,commodity:pangolin-kg,seized,1,2026-08-19,2026-08-19
location:banjarmasin,location:south_kalimantan,within,1,2026-08-19,2026-08-19
outlet:baca_kabar,case:ab295050f449,reported,1,2026-08-19,2026-08-19
case:1d9122b5cd67,species:turtles,involves,1,2026-08-19,2026-08-19
outlet:riauakses,case:1d9122b5cd67,reported,1,2026-08-19,2026-08-19
case:bfb5588be22d,species:wildlife_general,involves,1,2026-08-19,2026-08-19
outlet:thinklandscape,case:bfb5588be22d,reported,1,2026-08-19,2026-08-19
case:929dec690f50,species:pangolin,involves,1,2026-08-19,2026-08-19
outlet:sanskriti_ias,case:929dec690f50,reported,1,2026-08-19,2026-08-19
outlet:sanskriti_ias,case:6a3d09d40f01,reported,1,2026-08-19,2026-08-19
case:6a3d09d40f01,species:primates,involves,1,2026-08-19,2026-08-19
case:6a3d09d40f01,location:odisha,occurred_at,1,2026-08-19,2026-08-19
case:b3ce38a60996,species:wildlife_general,involves,1,2026-08-19,2026-08-19
case:db687b2e490c,species:pangolin,involves,1,2026-08-19,2026-08-19
case:db687b2e490c,location:vietnam,occurred_at,1,2026-08-19,2026-08-19
case:db687b2e490c,commodity:pangolin-kg,seized,1,2026-08-19,2026-08-19
case:c8e6b758c7d1,species:elephant,involves,1,2026-08-19,2026-08-19
case:c8e6b758c7d1,location:libreville,occurred_at,1,2026-08-19,2026-08-19
outlet:africaradio.com,case:c8e6b758c7d1,reported,1,2026-08-19,2026-08-19
outlet:africaradio.com,case:fc902f269fbc,reported,1,2026-06-18,2026-06-18
outlet:blick,case:c8e6b758c7d1,reported,1,2026-08-19,2026-08-19
case:b3482df13ade,species:turtles,involves,1,2026-08-19,2026-08-19
case:a8771da106b6,species:wildlife_general,involves,1,2026-08-19,2026-08-19
case:d8bbbb778efa,species:leopard,involves,1,2026-08-18,2026-08-18
case:d8bbbb778efa,location:agra,occurred_at,1,2026-08-18,2026-08-18
case:8d97c1f0770a,species:pangolin,involves,1,2026-08-18,2026-08-18
case:8d97c1f0770a,location:banting,occurred_at,1,2026-08-18,2026-08-18
case:8d97c1f0770a,mode:online,via,1,2026-08-18,2026-08-18
location:banting,location:selangor,within,1,2026-08-18,2026-08-18
outlet:nst_online,case:8d97c1f0770a,reported,1,2026-08-18,2026-08-18
outlet:nst_online,case:8853e032393c,reported,1,2026-07-26,2026-07-26
outlet:nst_online,case:8b84d8c26b3a,reported,1,2026-06-20,2026-06-20
outlet:nst_online,case:6902ad1bea9f,reported,1,2026-02-18,2026-02-18
outlet:nst_online,case:97929621d80d,reported,1,2026-01-14,2026-01-14
outlet:nst_online,case:ee83b5e86a4a,reported,1,2025-09-22,2025-09-22
case:2473c8aad393,species:wildlife_general,involves,1,2026-08-18,2026-08-18
case:2473c8aad393,commodity:wildlife_general-tonnes,seized,1,2026-08-18,2026-08-18
case:20a00f60fc51,species:leopard,involves,1,2026-08-17,2026-08-17
case:20a00f60fc51,location:delhi,occurred_at,1,2026-08-17,2026-08-17
case:50dfb80c1d00,species:leopard,involves,1,2026-08-17,2026-08-17
outlet:thewire.in,case:50dfb80c1d00,reported,2,2026-08-17,2026-08-17
case:1ff4df3d7550,species:wildlife_general,involves,1,2026-08-17,2026-08-17
case:1ff4df3d7550,location:sacramento,occurred_at,1,2026-08-17,2026-08-17
location:sacramento,location:california,within,2,2025-12-03,2026-08-17
case:8e9996a466e4,species:monitor_lizard,involves,1,2026-08-17,2026-08-17
case:ddb26ea216db,species:monitor_lizard,involves,1,2026-08-17,2026-08-17
case:ddb26ea216db,location:soekarno-hatta,occurred_at,1,2026-08-17,2026-08-17
location:soekarno-hatta,location:banten,within,1,2026-08-17,2026-08-17
outlet:suara.com,case:ddb26ea216db,reported,2,2026-08-17,2026-08-17
case:b4429b456d0f,species:hornbill,involves,1,2026-08-17,2026-08-17
outlet:www.foi.gov.ph,case:b4429b456d0f,reported,1,2026-08-17,2026-08-17
case:b79b3be268c9,species:pangolin,involves,1,2026-08-17,2026-08-17
case:b79b3be268c9,location:matigara,occurred_at,1,2026-08-17,2026-08-17
location:matigara,location:jharkhand,within,1,2026-08-17,2026-08-17
case:95bcbfc0572f,species:leopard,involves,1,2026-08-17,2026-08-17
outlet:wion,case:95bcbfc0572f,reported,1,2026-08-17,2026-08-17
case:295d7ec12e04,species:birds,involves,1,2026-08-17,2026-08-17
case:295d7ec12e04,location:paraná,occurred_at,1,2026-08-17,2026-08-17
location:paraná,location:entre_rios,within,3,2026-06-18,2026-08-17
case:371f38aee66d,species:birds,involves,1,2026-08-17,2026-08-17
outlet:jornal_correio,case:371f38aee66d,reported,1,2026-08-17,2026-08-17
outlet:jornal_correio,case:1a0fe2c50820,reported,1,2026-07-13,2026-07-13
outlet:jornal_correio,case:d30ed396474a,reported,1,2026-03-10,2026-03-10
outlet:jornal_correio,case:93688ceee3ae,reported,1,2025-12-15,2025-12-15
outlet:jornal_correio,case:53ec71f5f327,reported,1,2025-10-30,2025-10-30
outlet:jornal_correio,case:f2a62961e0cf,reported,1,2025-10-23,2025-10-23
outlet:jornal_correio,case:7ec05264bb66,reported,1,2025-10-04,2025-10-04
case:31859f467345,species:leopard,involves,1,2026-08-16,2026-08-16
case:31859f467345,commodity:leopard-skins,seized,1,2026-08-16,2026-08-16
outlet:news9live,case:31859f467345,reported,1,2026-08-16,2026-08-16
case:181d32a02a0a,species:sandalwood,involves,1,2026-08-16,2026-08-16
case:181d32a02a0a,location:ghazipur,occurred_at,1,2026-08-16,2026-08-16
location:ghazipur,location:uttar_pradesh,within,1,2026-08-16,2026-08-16
case:4f162f4ddf4e,species:wildlife_general,involves,1,2026-08-15,2026-08-15
case:4f162f4ddf4e,mode:online,via,1,2026-08-15,2026-08-15
case:bcc9a8c24dba,species:pangolin,involves,1,2026-08-15,2026-08-15
case:bcc9a8c24dba,location:west_bengal,occurred_at,1,2026-08-15,2026-08-15
case:46cee9387933,species:turtles,involves,1,2026-08-15,2026-08-15
case:0cbf3278f1ef,species:elephant,involves,1,2026-08-15,2026-08-15
case:0cbf3278f1ef,commodity:elephant-tonne,seized,1,2026-08-15,2026-08-15
case:b4b9da758bda,species:elephant,involves,1,2026-08-15,2026-08-15
case:b4b9da758bda,location:m’bengué,occurred_at,1,2026-08-15,2026-08-15
location:m’bengué,location:savanes_district,within,1,2026-08-15,2026-08-15
outlet:abidjan.net_news,case:b4b9da758bda,reported,1,2026-08-15,2026-08-15
case:4d5d173efcb5,species:elephant,involves,1,2026-08-14,2026-08-14
case:4d5d173efcb5,location:vietnam,occurred_at,1,2026-08-14,2026-08-14
case:4d5d173efcb5,commodity:elephant-tonnes,seized,1,2026-08-14,2026-08-14
outlet:africanews.com,case:4d5d173efcb5,reported,1,2026-08-14,2026-08-14
case:80b2b8844bcb,species:primates,involves,1,2026-08-14,2026-08-14
case:7894e7c94138,species:wildlife_general,involves,1,2026-08-13,2026-08-13
case:7894e7c94138,location:delhi,occurred_at,1,2026-08-13,2026-08-13
case:7894e7c94138,mode:online,via,1,2026-08-13,2026-08-13
case:a41f1e837556,species:elephant,involves,1,2026-08-13,2026-08-13
case:a41f1e837556,location:vietnam,occurred_at,1,2026-08-13,2026-08-13
case:a41f1e837556,mode:air,via,1,2026-08-13,2026-08-13
case:a41f1e837556,commodity:elephant-tons,seized,1,2026-08-13,2026-08-13
outlet:tuoi_tre_news_|_the_news_gateway_to_vietnam,case:a41f1e837556,reported,1,2026-08-13,2026-08-13
case:039f175492a4,species:elephant,involves,1,2026-08-13,2026-08-13
outlet:primera_hora,case:039f175492a4,reported,1,2026-08-13,2026-08-13
case:bc1988b0c2aa,species:elephant,involves,1,2026-08-13,2026-08-13
case:f1694dd8ee75,species:leopard,involves,1,2026-08-12,2026-08-12
outlet:mid-day.com,case:f1694dd8ee75,reported,1,2026-08-12,2026-08-12
outlet:mid-day.com,case:5d3a8a0998c8,reported,3,2026-07-09,2026-07-09
outlet:mid-day.com,case:17aef856c939,reported,1,2026-07-01,2026-07-01
outlet:mid-day.com,case:f45ed5ea62ea,reported,1,2026-04-25,2026-04-25
outlet:mid-day.com,case:794eacd61138,reported,1,2026-04-15,2026-04-15
outlet:mid-day.com,case:596647c3bd4b,reported,1,2024-07-27,2024-07-27
case:8afa4af31b29,species:abalone,involves,1,2026-08-12,2026-08-12
outlet:northernnews.co.za,case:8afa4af31b29,reported,1,2026-08-12,2026-08-12
outlet:smilefm.co.za,case:8afa4af31b29,reported,1,2026-08-12,2026-08-12
outlet:smilefm.co.za,case:79700796799b,reported,1,2026-06-25,2026-06-25
case:82e906ddba45,species:elephant,involves,1,2026-08-12,2026-08-12
outlet:bienphong.com.vn,case:82e906ddba45,reported,1,2026-08-12,2026-08-12
case:e04560b49871,species:elephant,involves,1,2026-08-11,2026-08-11
case:83ae012bc6cf,species:leopard,involves,1,2026-08-11,2026-08-11
case:83ae012bc6cf,location:narayanpur,occurred_at,1,2026-08-11,2026-08-11
location:narayanpur,location:chhattisgarh,within,1,2026-08-11,2026-08-11
case:e31f0cd12272,species:sandalwood,involves,1,2026-08-11,2026-08-11
case:e31f0cd12272,location:deoghar,occurred_at,1,2026-08-11,2026-08-11
location:deoghar,location:jharkhand,within,1,2026-08-11,2026-08-11
case:dd6aa9720b9d,species:wildlife_general,involves,1,2026-08-10,2026-08-10
case:dd6aa9720b9d,location:fortaleza,occurred_at,1,2026-08-10,2026-08-10
location:fortaleza,location:ceará,within,4,2024-09-23,2026-08-10
case:1e9e731e8170,species:leopard,involves,1,2026-08-10,2026-08-10
case:1e9e731e8170,location:mumbai,occurred_at,1,2026-08-10,2026-08-10
case:90f0743c0768,species:primates,involves,1,2026-08-10,2026-08-10
case:90f0743c0768,location:phnom_penh,occurred_at,1,2026-08-10,2026-08-10
outlet:phnom_penh_post,case:90f0743c0768,reported,1,2026-08-10,2026-08-10
case:c942700ae525,species:wildlife_general,involves,1,2026-08-10,2026-08-10
outlet:cn7,case:c942700ae525,reported,1,2026-08-10,2026-08-10
case:ff321e1af3cd,species:birds,involves,1,2026-08-10,2026-08-10
outlet:الهيئة_العامة_للاستعلامات,case:ff321e1af3cd,reported,1,2026-08-10,2026-08-10
case:cd1e8030953e,species:turtles,involves,1,2026-08-10,2026-08-10
case:cd1e8030953e,location:lahore,occurred_at,1,2026-08-10,2026-08-10
case:cd1e8030953e,mode:online,via,1,2026-08-10,2026-08-10
location:lahore,location:punjab,within,1,2026-08-10,2026-08-10
case:9efd7249e98b,species:elephant,involves,1,2026-08-09,2026-08-09
case:9efd7249e98b,location:kerala,occurred_at,1,2026-08-09,2026-08-09
outlet:rediff,case:9efd7249e98b,reported,1,2026-08-09,2026-08-09
outlet:rediff,case:64e4208014f1,reported,1,2026-07-16,2026-07-16
outlet:rediff,case:c298ec2d2453,reported,1,2026-07-13,2026-07-13
outlet:rediff,case:3514948b01dc,reported,1,2026-05-27,2026-05-27
outlet:rediff,case:f11266b0eeaf,reported,1,2026-05-21,2026-05-21
outlet:rediff,case:87ba1c002e0f,reported,1,2026-05-18,2026-05-18
outlet:rediff,case:5075a6e113af,reported,1,2026-05-15,2026-05-15
outlet:rediff,case:87fdced47209,reported,1,2026-05-13,2026-05-13
outlet:rediff,case:3e3a3f4939fe,reported,1,2026-05-05,2026-05-05
outlet:rediff,case:4e5b8cb246d6,reported,1,2026-04-15,2026-04-15
case:20ac30f295a4,species:turtles,involves,1,2026-08-09,2026-08-09
case:20ac30f295a4,location:narmada,occurred_at,1,2026-08-09,2026-08-09
case:20ac30f295a4,mode:online,via,1,2026-08-09,2026-08-09
location:narmada,location:gujarat,within,1,2026-08-09,2026-08-09
case:d1ed2cf97eb1,species:turtles,involves,1,2026-08-09,2026-08-09
case:d1ed2cf97eb1,location:mahendragarh,occurred_at,1,2026-08-09,2026-08-09
location:mahendragarh,location:haryana,within,1,2026-08-09,2026-08-09
case:01227850bc6e,species:turtles,involves,1,2026-08-09,2026-08-09
case:01227850bc6e,location:barwani,occurred_at,1,2026-08-09,2026-08-09
location:barwani,location:madhya_pradesh,within,1,2026-08-09,2026-08-09
case:e46d00e3b9d4,species:elephant,involves,1,2026-08-08,2026-08-08
case:e46d00e3b9d4,location:tamulpur,occurred_at,1,2026-08-08,2026-08-08
case:e46d00e3b9d4,commodity:elephant-tusks,seized,1,2026-08-08,2026-08-08
location:tamulpur,location:assam,within,1,2026-08-08,2026-08-08
case:a4066d9e66e4,species:elephant,involves,1,2026-08-08,2026-08-08
case:a4066d9e66e4,location:assam,occurred_at,1,2026-08-08,2026-08-08
case:992f805b07f9,species:wildlife_general,involves,1,2026-08-07,2026-08-07
outlet:diário_do_rio,case:992f805b07f9,reported,1,2026-08-07,2026-08-07
outlet:diário_do_rio,case:315e9e55a852,reported,1,2026-08-05,2026-08-05
outlet:diário_do_rio,case:7f5f6275b871,reported,1,2026-04-26,2026-04-26
outlet:diário_do_rio,case:dee1faa8c792,reported,1,2025-09-16,2025-09-16
case:93a5d0fe5e81,species:primates,involves,1,2026-08-07,2026-08-07
case:93a5d0fe5e81,location:salvador,occurred_at,1,2026-08-07,2026-08-07
outlet:atarde.com.br,case:93a5d0fe5e81,reported,1,2026-08-07,2026-08-07
case:a16506731bf9,species:birds,involves,1,2026-08-07,2026-08-07
case:a16506731bf9,location:serra,occurred_at,1,2026-08-07,2026-08-07
location:serra,location:espírito_santo,within,3,2026-03-12,2026-08-07
outlet:es_hoje,case:a16506731bf9,reported,1,2026-08-07,2026-08-07
outlet:es_hoje,case:c3faa2b5db54,reported,1,2026-04-15,2026-04-15
case:638790fa0b66,species:primates,involves,1,2026-08-07,2026-08-07
case:638790fa0b66,location:golden,occurred_at,1,2026-08-07,2026-08-07
location:golden,location:colorado,within,1,2026-08-07,2026-08-07
outlet:world_animal_news,case:638790fa0b66,reported,1,2026-08-07,2026-08-07
outlet:world_animal_news,case:880c02e7d8da,reported,1,2026-07-24,2026-07-24
outlet:world_animal_news,case:eff7fe6cd66e,reported,1,2026-07-20,2026-07-20
outlet:world_animal_news,case:44a0863b2d29,reported,1,2026-07-15,2026-07-15
outlet:world_animal_news,case:bbad74295929,reported,1,2026-06-16,2026-06-16
outlet:world_animal_news,case:fba7726debca,reported,1,2026-05-22,2026-05-22
outlet:world_animal_news,case:9eaa043fe4e7,reported,1,2026-04-13,2026-04-13
outlet:world_animal_news,case:a884c16a759a,reported,1,2026-02-19,2026-02-19
outlet:world_animal_news,case:32f64643a8f4,reported,1,2025-12-15,2025-12-15
case:d7812b06f3c0,species:wildlife_general,involves,1,2026-08-07,2026-08-07
outlet:gub.uy,case:d7812b06f3c0,reported,1,2026-08-07,2026-08-07
case:fc5980c88a39,species:monitor_lizard,involves,1,2026-08-06,2026-08-06
case:fc5980c88a39,location:sonapur,occurred_at,1,2026-08-06,2026-08-06
case:13c5322616b6,species:wildlife_general,involves,1,2026-08-06,2026-08-06
outlet:the_korea_times,case:13c5322616b6,reported,1,2026-08-06,2026-08-06
outlet:the_korea_times,case:57aae3747536,reported,1,2026-07-21,2026-07-21
outlet:yonhap_news_agency,case:13c5322616b6,reported,1,2026-08-06,2026-08-06
case:4da5329a8e35,species:wildlife_general,involves,1,2026-08-06,2026-08-06
outlet:조선일보,case:4da5329a8e35,reported,1,2026-08-06,2026-08-06
case:0c18d02e7889,species:birds,involves,1,2026-08-06,2026-08-06
case:0c18d02e7889,species:turtles,involves,1,2026-08-06,2026-08-06
case:0c18d02e7889,location:paraná,occurred_at,1,2026-08-06,2026-08-06
outlet:banda_b,case:0c18d02e7889,reported,1,2026-08-06,2026-08-06
outlet:banda_b,case:d9e47bc83a24,reported,1,2025-10-04,2025-10-04
case:d59e76ae7eb5,species:pangolin,involves,1,2026-08-06,2026-08-06
case:d59e76ae7eb5,location:pontianak,occurred_at,1,2026-08-06,2026-08-06
case:d59e76ae7eb5,commodity:pangolin-kg,seized,1,2026-08-06,2026-08-06
case:4775f32cceb4,species:turtles,involves,1,2026-08-06,2026-08-06
outlet:midi_madagasikara,case:4775f32cceb4,reported,1,2026-08-06,2026-08-06
outlet:midi_madagasikara,case:6b43a0e1fb7d,reported,1,2026-05-23,2026-05-23
outlet:midi_madagasikara,case:f9349f33d4ea,reported,1,2026-04-13,2026-04-13
case:7df01885cdfe,species:wildlife_general,involves,1,2026-08-06,2026-08-06
case:7df01885cdfe,location:perpignan,occurred_at,1,2026-08-06,2026-08-06
location:perpignan,location:occitanie,within,1,2026-08-06,2026-08-06
outlet:l'indépendant,case:7df01885cdfe,reported,1,2026-08-06,2026-08-06
case:ef52ae7156fb,species:wildlife_general,involves,1,2026-08-06,2026-08-06
case:ef52ae7156fb,location:canoinhas,occurred_at,1,2026-08-06,2026-08-06
location:canoinhas,location:santa_catarina,within,1,2026-08-06,2026-08-06
outlet:radio_clube_de_canoinhas,case:ef52ae7156fb,reported,1,2026-08-06,2026-08-06
case:c2ad69d4692e,species:wildlife_general,involves,1,2026-08-06,2026-08-06
case:c2ad69d4692e,location:cuenca,occurred_at,1,2026-08-06,2026-08-06
location:cuenca,location:azuay,within,1,2026-08-06,2026-08-06
outlet:el_mundo,case:c2ad69d4692e,reported,1,2026-08-06,2026-08-06
outlet:el_mundo,case:59ffd3794968,reported,1,2026-03-22,2026-03-22
case:1cd3defc3891,species:wildlife_general,involves,1,2026-08-06,2026-08-06
outlet:teleantioquia.co,case:1cd3defc3891,reported,1,2026-08-06,2026-08-06
case:9e87b5560889,species:pangolin,involves,1,2026-08-05,2026-08-05
outlet:dailypost.ng,case:9e87b5560889,reported,1,2026-08-05,2026-08-05
case:364afffe65e7,species:wildlife_general,involves,1,2026-08-05,2026-08-05
case:364afffe65e7,location:bangladesh,occurred_at,1,2026-08-05,2026-08-05
case:f84487dea470,species:pangolin,involves,1,2026-08-05,2026-08-05
case:f84487dea470,mode:road,via,1,2026-08-05,2026-08-05
outlet:news24.com,case:f84487dea470,reported,1,2026-08-05,2026-08-05
outlet:news24.com,case:76b30667a0f2,reported,1,2026-07-01,2026-07-01
outlet:news24.com,case:c0acf99f84e9,reported,1,2026-06-26,2026-06-26
outlet:news24.com,case:d4b94961cc4d,reported,1,2026-03-13,2026-03-13
outlet:news24.com,case:b63cbabd36a9,reported,1,2026-02-25,2026-02-25
outlet:news24.com,case:bf827becece0,reported,1,2024-09-16,2024-09-16
case:35f62b561767,species:elephant,involves,1,2026-08-05,2026-08-05
case:35f62b561767,species:pangolin,involves,1,2026-08-05,2026-08-05
case:35f62b561767,location:nigeria,occurred_at,1,2026-08-05,2026-08-05
outlet:the_sun_nigeria,case:35f62b561767,reported,1,2026-08-05,2026-08-05
outlet:the_sun_nigeria,case:aa3947272646,reported,1,2026-06-15,2026-06-15
case:315e9e55a852,species:wildlife_general,involves,1,2026-08-05,2026-08-05
case:1c520ce61b61,species:pangolin,involves,1,2026-08-05,2026-08-05
case:1c520ce61b61,location:lusaka,occurred_at,1,2026-08-05,2026-08-05
location:lusaka,location:lusaka_province,within,1,2026-08-05,2026-08-05
outlet:mwebantu,case:1c520ce61b61,reported,1,2026-08-05,2026-08-05
case:25c011569536,species:wildlife_general,involves,1,2026-08-05,2026-08-05
outlet:frcn_hq,case:25c011569536,reported,1,2026-08-05,2026-08-05
case:e63185cd2164,species:wildlife_general,involves,1,2026-08-05,2026-08-05
case:e63185cd2164,location:benin,occurred_at,1,2026-08-05,2026-08-05
outlet:benin_web_tv,case:e63185cd2164,reported,1,2026-08-05,2026-08-05
outlet:benin_web_tv,case:cf2759efc881,reported,1,2026-05-10,2026-05-10
case:b8509b57a893,species:wildlife_general,involves,1,2026-08-05,2026-08-05
outlet:o_dia,case:b8509b57a893,reported,1,2026-08-05,2026-08-05
case:61197dfad31d,species:birds,involves,1,2026-08-05,2026-08-05
case:36f0d5f45544,species:elephant,involves,1,2026-08-04,2026-08-04
case:36f0d5f45544,species:pangolin,involves,1,2026-08-04,2026-08-04
case:36f0d5f45544,location:ri-bhoi,occurred_at,1,2026-08-04,2026-08-04
location:ri-bhoi,location:meghalaya,within,2,2026-08-04,2026-08-04
outlet:meghalaya.gov.in,case:36f0d5f45544,reported,1,2026-08-04,2026-08-04
outlet:highland_post,case:36f0d5f45544,reported,1,2026-08-04,2026-08-04
outlet:the_meghalayan_express,case:36f0d5f45544,reported,1,2026-08-04,2026-08-04
outlet:the_shillong_times,case:36f0d5f45544,reported,1,2026-08-04,2026-08-04
case:2fab8dd38751,species:elephant,involves,1,2026-08-04,2026-08-04
case:2fab8dd38751,location:meru,occurred_at,1,2026-08-04,2026-08-04
case:2fab8dd38751,commodity:elephant-kg,seized,1,2026-08-04,2026-08-04
location:meru,location:jharkhand,within,1,2026-08-04,2026-08-04
outlet:the-star.co.ke,case:2fab8dd38751,reported,1,2026-08-04,2026-08-04
outlet:the-star.co.ke,case:f11b69b1c2fa,reported,1,2026-06-24,2026-06-24
outlet:the-star.co.ke,case:9177f1b6dc7f,reported,1,2026-06-17,2026-06-17
outlet:the-star.co.ke,case:037210fde725,reported,1,2026-06-11,2026-06-11
outlet:the-star.co.ke,case:c92034ff9533,reported,1,2026-04-10,2026-04-10
outlet:the-star.co.ke,case:dcba4dda7626,reported,1,2026-02-24,2026-02-24
outlet:the-star.co.ke,case:a57187de320e,reported,1,2026-02-22,2026-02-22
outlet:the-star.co.ke,case:d3dc1b1ce011,reported,1,2026-01-25,2026-01-25
outlet:the-star.co.ke,case:c72f61b1a979,reported,1,2025-12-29,2025-12-29
case:ff0e909b05db,species:wildlife_general,involves,1,2026-08-04,2026-08-04
case:ff0e909b05db,location:ri-bhoi,occurred_at,1,2026-08-04,2026-08-04
outlet:syllad,case:ff0e909b05db,reported,1,2026-08-04,2026-08-04
case:6604037d9d52,species:birds,involves,1,2026-08-04,2026-08-04
case:6604037d9d52,location:parnaíba,occurred_at,1,2026-08-04,2026-08-04
location:parnaíba,location:piauí,within,1,2026-08-04,2026-08-04
outlet:portal_piauí_hoje,case:6604037d9d52,reported,1,2026-08-04,2026-08-04
outlet:gp1,case:6604037d9d52,reported,1,2026-08-04,2026-08-04
outlet:gp1,case:0941d6dc6db8,reported,1,2026-07-11,2026-07-11
outlet:gp1,case:bcba2a5f36a2,reported,1,2025-09-17,2025-09-17
case:8fe66cf9b1c7,species:sandalwood,involves,1,2026-08-04,2026-08-04
case:8fe66cf9b1c7,location:kenya,occurred_at,1,2026-08-04,2026-08-04
outlet:iss_africa,case:8fe66cf9b1c7,reported,1,2026-08-04,2026-08-04
case:0d99eb2e066d,species:elephant,involves,1,2026-08-04,2026-08-04
case:0d99eb2e066d,location:balrāmpur,occurred_at,1,2026-08-04,2026-08-04
location:balrāmpur,location:uttar_pradesh,within,2,2026-06-16,2026-08-04
outlet:haribhoomi,case:0d99eb2e066d,reported,1,2026-08-04,2026-08-04
outlet:haribhoomi,case:bc06d8abcb33,reported,1,2026-07-24,2026-07-24
outlet:haribhoomi,case:3105a1d143ea,reported,1,2026-04-22,2026-04-22
case:804a0fc2f209,species:wildlife_general,involves,1,2026-08-03,2026-08-03
outlet:daily_cargo_news,case:804a0fc2f209,reported,1,2026-08-03,2026-08-03
outlet:nationalepa.gov.au,case:804a0fc2f209,reported,1,2026-08-03,2026-08-03
outlet:fws.gov,case:804a0fc2f209,reported,1,2026-08-03,2026-08-03
outlet:fws.gov,case:4927c59913b9,reported,1,2026-07-29,2026-07-29
outlet:fws.gov,case:4ea15cf66566,reported,1,2026-04-02,2026-04-02
outlet:fws.gov,case:887fa5a9365b,reported,1,2025-07-17,2025-07-17
outlet:fws.gov,case:103fc297f09d,reported,1,2025-05-16,2025-05-16
outlet:fws.gov,case:f3e7c0b59754,reported,1,2024-12-13,2024-12-13
outlet:fws.gov,case:45f56f7fb881,reported,1,2024-03-24,2024-03-24
outlet:fws.gov,case:ee5ee2e83bfd,reported,1,2024-02-08,2024-02-08
case:bf6f0103bf98,species:wildlife_general,involves,1,2026-08-03,2026-08-03
case:0221276b692e,species:wildlife_general,involves,1,2026-08-03,2026-08-03
outlet:tnh1,case:0221276b692e,reported,1,2026-08-03,2026-08-03
outlet:tnh1,case:c35398e3a47b,reported,1,2026-05-04,2026-05-04
outlet:tnh1,case:7cfc1b76108c,reported,1,2026-04-29,2026-04-29
outlet:tnh1,case:28bf49fecef2,reported,1,2026-04-22,2026-04-22
case:7064b9bd9353,species:elephant,involves,1,2026-08-03,2026-08-03
case:7064b9bd9353,location:rāmānuj_ganj,occurred_at,1,2026-08-03,2026-08-03
location:rāmānuj_ganj,location:chhattisgarh,within,1,2026-08-03,2026-08-03
case:09cb59af6b41,species:wildlife_general,involves,1,2026-08-02,2026-08-02
case:09cb59af6b41,location:sydney,occurred_at,1,2026-08-02,2026-08-02
location:sydney,location:new_south_wales,within,1,2026-08-02,2026-08-02
outlet:7news,case:09cb59af6b41,reported,1,2026-08-02,2026-08-02
outlet:nsw_environment_and_heritage,case:09cb59af6b41,reported,1,2026-08-02,2026-08-02
outlet:nsw_environment_and_heritage,case:db81a8185098,reported,1,2026-04-16,2026-04-16
outlet:newcastle_herald,case:09cb59af6b41,reported,1,2026-08-02,2026-08-02
case:4c57b9f79670,species:primates,involves,1,2026-08-02,2026-08-02
case:4c57b9f79670,species:rosewood,involves,1,2026-08-02,2026-08-02
case:4c57b9f79670,location:dourados,occurred_at,1,2026-08-02,2026-08-02
location:dourados,location:mato_grosso_do_sul,within,1,2026-08-02,2026-08-02
outlet:dourados_news,case:4c57b9f79670,reported,1,2026-08-02,2026-08-02
case:1f515bf4d996,species:turtles,involves,1,2026-08-02,2026-08-02
case:1f515bf4d996,location:bogotá,occurred_at,1,2026-08-02,2026-08-02
outlet:cambio_colombia,case:1f515bf4d996,reported,1,2026-08-02,2026-08-02
case:9b38df46b89f,species:pangolin,involves,1,2026-08-02,2026-08-02
outlet:the_good_men_project,case:9b38df46b89f,reported,1,2026-08-02,2026-08-02
case:67712306e11c,species:wildlife_general,involves,1,2026-08-01,2026-08-01
case:4fffbdae7852,species:pangolin,involves,1,2026-08-01,2026-08-01
case:4fffbdae7852,location:kalimantan,occurred_at,1,2026-08-01,2026-08-01
case:8d5f588ccb68,species:wildlife_general,involves,1,2026-07-31,2026-07-31
outlet:jornal_panorama_minas,case:8d5f588ccb68,reported,1,2026-07-31,2026-07-31
outlet:tribuna_do_sertão,case:8d5f588ccb68,reported,1,2026-07-31,2026-07-31
case:e3121194f35f,species:hornbill,involves,1,2026-07-31,2026-07-31
case:e3121194f35f,species:pangolin,involves,1,2026-07-31,2026-07-31
case:e3121194f35f,location:padang,occurred_at,1,2026-07-31,2026-07-31
location:padang,location:west_sumatra,within,1,2026-07-31,2026-07-31
outlet:kr_sumsel,case:e3121194f35f,reported,1,2026-07-31,2026-07-31
case:616ba5d910eb,species:red_sanders,involves,1,2026-07-30,2026-07-30
case:616ba5d910eb,location:arakkonam,occurred_at,1,2026-07-30,2026-07-30
location:arakkonam,location:tamil_nadu,within,2,2025-11-17,2026-07-30
case:fcd6c0867123,species:wildlife_general,involves,1,2026-07-30,2026-07-30
case:fcd6c0867123,location:nigeria,occurred_at,1,2026-07-30,2026-07-30
case:224c05cf6d28,species:birds,involves,1,2026-07-30,2026-07-30
outlet:metrópoles,case:224c05cf6d28,reported,1,2026-07-30,2026-07-30
outlet:metrópoles,case:4b296839c53c,reported,1,2026-07-04,2026-07-04
outlet:metrópoles,case:9b04a2345d6b,reported,1,2026-06-23,2026-06-23
outlet:metrópoles,case:fc0b759faf1a,reported,1,2026-05-18,2026-05-18
outlet:metrópoles,case:c0b62da939a2,reported,1,2026-04-21,2026-04-21
outlet:metrópoles,case:33d8ece0ec55,reported,1,2026-03-31,2026-03-31
outlet:metrópoles,case:3734c6986ef0,reported,1,2026-03-23,2026-03-23
outlet:metrópoles,case:3fce30ddd36f,reported,1,2026-02-26,2026-02-26
outlet:metrópoles,case:20f45b74a5cf,reported,1,2025-10-16,2025-10-16
case:d18a72e3bb27,species:wildlife_general,involves,1,2026-07-30,2026-07-30
case:d18a72e3bb27,location:cariacica,occurred_at,1,2026-07-30,2026-07-30
location:cariacica,location:espírito_santo,within,1,2026-07-30,2026-07-30
case:99752b6e6208,species:birds,involves,1,2026-07-30,2026-07-30
case:4ac5e43581d6,species:sandalwood,involves,1,2026-07-30,2026-07-30
case:4ac5e43581d6,location:erode,occurred_at,1,2026-07-30,2026-07-30
location:erode,location:tamil_nadu,within,1,2026-07-30,2026-07-30
case:244520c34bab,species:tiger,involves,1,2026-07-30,2026-07-30
case:244520c34bab,location:surajpur,occurred_at,1,2026-07-30,2026-07-30
location:surajpur,location:chhattisgarh,within,3,2025-12-18,2026-07-30
case:a728b3b8cb5c,species:pangolin,involves,1,2026-07-29,2026-07-29
case:a728b3b8cb5c,location:semarang,occurred_at,1,2026-07-29,2026-07-29
case:a728b3b8cb5c,commodity:pangolin-live,seized,1,2026-07-29,2026-07-29
location:semarang,location:central_java,within,1,2026-07-29,2026-07-29
outlet:thejakartapost.com,case:a728b3b8cb5c,reported,1,2026-07-29,2026-07-29
case:1bdf5ce11833,species:pangolin,involves,1,2026-07-29,2026-07-29
case:4927c59913b9,species:wildlife_general,involves,1,2026-07-29,2026-07-29
case:b510ee561261,species:pangolin,involves,1,2026-07-29,2026-07-29
outlet:prnigeria_news,case:b510ee561261,reported,1,2026-07-29,2026-07-29
outlet:prnigeria_news,case:aa3947272646,reported,1,2026-06-15,2026-06-15
outlet:prnigeria_news,case:2e9b86d34a4a,reported,1,2026-06-11,2026-06-11
outlet:prnigeria_news,case:80ff85345259,reported,1,2026-01-26,2026-01-26
case:31766e0084bb,species:wildlife_general,involves,1,2026-07-29,2026-07-29
case:31766e0084bb,location:jayapura,occurred_at,1,2026-07-29,2026-07-29
case:31766e0084bb,mode:online,via,1,2026-07-29,2026-07-29
location:jayapura,location:papua,within,1,2026-07-29,2026-07-29
case:44d32fe03659,species:tiger,involves,1,2026-07-29,2026-07-29
case:b7281c318829,species:wildlife_general,involves,1,2026-07-29,2026-07-29
case:b7281c318829,location:maihar,occurred_at,1,2026-07-29,2026-07-29
location:maihar,location:madhya_pradesh,within,1,2026-07-29,2026-07-29
case:1659b5c879fe,species:wildlife_general,involves,1,2026-07-29,2026-07-29
case:12c7e2583f96,species:rosewood,involves,1,2026-07-29,2026-07-29
case:12c7e2583f96,location:bandeirantes,occurred_at,1,2026-07-29,2026-07-29
location:bandeirantes,location:paraná,within,1,2026-07-29,2026-07-29
outlet:notícia_exata,case:12c7e2583f96,reported,1,2026-07-29,2026-07-29
case:792777d357f9,species:wildlife_general,involves,1,2026-07-29,2026-07-29
case:792777d357f9,location:paraguay,occurred_at,1,2026-07-29,2026-07-29
outlet:red_chaqueña_de_comunicaciones,case:792777d357f9,reported,1,2026-07-29,2026-07-29
case:ca250bc83b95,species:pangolin,involves,1,2026-07-28,2026-07-28
case:ca250bc83b95,location:jakarta,occurred_at,1,2026-07-28,2026-07-28
case:ca250bc83b95,commodity:pangolin-live,seized,1,2026-07-28,2026-07-28
outlet:the_jakarta_post,case:ca250bc83b95,reported,1,2026-07-28,2026-07-28
outlet:thestar.com.my,case:ca250bc83b95,reported,1,2026-07-28,2026-07-28
case:b1d3170d70c0,species:pangolin,involves,1,2026-07-28,2026-07-28
case:b1d3170d70c0,species:tiger,involves,1,2026-07-28,2026-07-28
case:b1d3170d70c0,location:surajpur,occurred_at,1,2026-07-28,2026-07-28
outlet:cg_khabar,case:b1d3170d70c0,reported,1,2026-07-28,2026-07-28
case:ee0ca3cff1ff,species:turtles,involves,1,2026-07-28,2026-07-28
case:690590373d15,species:elephant,involves,1,2026-07-28,2026-07-28
case:cac4de8d4c40,species:birds,involves,1,2026-07-28,2026-07-28
case:308f7b7cfb1c,species:rhino,involves,1,2026-07-27,2026-07-27
case:6cff21e1ac75,species:shark_ray,involves,1,2026-07-27,2026-07-27
case:6cff21e1ac75,location:klang,occurred_at,1,2026-07-27,2026-07-27
location:klang,location:selangor,within,1,2026-07-27,2026-07-27
outlet:free_malaysia_today,case:6cff21e1ac75,reported,1,2026-07-27,2026-07-27
outlet:free_malaysia_today,case:445e9fc97e8c,reported,1,2026-02-24,2026-02-24
case:7f873f4b02fc,species:wildlife_general,involves,1,2026-07-27,2026-07-27
case:7f873f4b02fc,location:costa_rica,occurred_at,1,2026-07-27,2026-07-27
outlet:humane_world_for_animals,case:7f873f4b02fc,reported,1,2026-07-27,2026-07-27
outlet:humane_world_for_animals,case:1c9821813bdc,reported,1,2026-01-29,2026-01-29
case:e0873ca37606,species:wildlife_general,involves,1,2026-07-27,2026-07-27
case:e0873ca37606,location:tatuí,occurred_at,1,2026-07-27,2026-07-27
location:tatuí,location:são_paulo,within,1,2026-07-27,2026-07-27
outlet:jornalcruzeiro.com.br,case:e0873ca37606,reported,1,2026-07-27,2026-07-27
outlet:jornalcruzeiro.com.br,case:67ab150c20dc,reported,1,2025-11-15,2025-11-15
case:498c9e55e715,species:rosewood,involves,1,2026-07-27,2026-07-27
case:498c9e55e715,location:patria,occurred_at,1,2026-07-27,2026-07-27
case:1fd8b47a2a3f,species:sandalwood,involves,1,2026-07-27,2026-07-27
case:0f6c452c20ab,species:sandalwood,involves,1,2026-07-27,2026-07-27
case:3b886dc289ba,species:elephant,involves,1,2026-07-27,2026-07-27
outlet:agence_ivoirienne_de_presse_aip.ci,case:3b886dc289ba,reported,1,2026-07-27,2026-07-27
case:280dfe14c758,species:birds,involves,1,2026-07-27,2026-07-27
case:280dfe14c758,location:bela_cruz,occurred_at,1,2026-07-27,2026-07-27
location:bela_cruz,location:ceará,within,1,2026-07-27,2026-07-27
outlet:diário_do_nordeste,case:280dfe14c758,reported,1,2026-07-27,2026-07-27
case:0fe606b958be,species:elephant,involves,1,2026-07-26,2026-07-26
case:e4f1bd317875,species:turtles,involves,1,2026-07-26,2026-07-26
outlet:news.immigration.gov.tw,case:e4f1bd317875,reported,1,2026-07-26,2026-07-26
case:8853e032393c,species:shark_ray,involves,1,2026-07-26,2026-07-26
case:8853e032393c,mode:online,via,1,2026-07-26,2026-07-26
case:adb739138567,species:pangolin,involves,1,2026-07-26,2026-07-26
case:adb739138567,location:vijayapura,occurred_at,1,2026-07-26,2026-07-26
location:vijayapura,location:karnataka,within,1,2026-07-26,2026-07-26
case:3c0069e8edd1,species:elephant,involves,1,2026-07-25,2026-07-25
case:3c0069e8edd1,location:pudukkottai,occurred_at,1,2026-07-25,2026-07-25
case:303d1ad1339a,species:leopard,involves,1,2026-07-25,2026-07-25
case:303d1ad1339a,commodity:leopard-skins,seized,1,2026-07-25,2026-07-25
case:38e11cdf864f,species:turtles,involves,1,2026-07-25,2026-07-25
case:07208ec34a25,species:sandalwood,involves,1,2026-07-25,2026-07-25
case:07208ec34a25,location:samastīpur,occurred_at,1,2026-07-25,2026-07-25
location:samastīpur,location:bihar,within,1,2026-07-25,2026-07-25
case:6edab15ee1b4,species:wildlife_general,involves,1,2026-07-25,2026-07-25
case:6edab15ee1b4,location:loreto,occurred_at,1,2026-07-25,2026-07-25
case:6edab15ee1b4,mode:online,via,1,2026-07-25,2026-07-25
location:loreto,location:zacatecas,within,1,2026-07-25,2026-07-25
outlet:el_búho.pe,case:6edab15ee1b4,reported,1,2026-07-25,2026-07-25
outlet:el_búho.pe,case:40fadb4e96d5,reported,2,2026-07-17,2026-07-17
case:6fe16d5f27e0,species:sand_boa,involves,1,2026-07-24,2026-07-24
case:6fe16d5f27e0,location:pune,occurred_at,1,2026-07-24,2026-07-24
case:562439a2d85c,species:pangolin,involves,1,2026-07-24,2026-07-24
case:562439a2d85c,location:indonesia,occurred_at,1,2026-07-24,2026-07-24
case:880c02e7d8da,species:leopard,involves,1,2026-07-24,2026-07-24
case:880c02e7d8da,location:delhi,occurred_at,1,2026-07-24,2026-07-24
case:880c02e7d8da,commodity:leopard-skins,seized,1,2026-07-24,2026-07-24
case:8668604e3a97,species:rhino,involves,1,2026-07-24,2026-07-24
case:8668604e3a97,location:mpumalanga,occurred_at,1,2026-07-24,2026-07-24
location:mpumalanga,location:kwazulu-natal,within,1,2026-07-24,2026-07-24
case:21ec4222ac8c,species:rhino,involves,1,2026-07-24,2026-07-24
case:5e0ccaaeb49a,species:birds,involves,1,2026-07-24,2026-07-24
case:5e0ccaaeb49a,location:samambaia,occurred_at,1,2026-07-24,2026-07-24
location:samambaia,location:federal_district,within,1,2026-07-24,2026-07-24
outlet:correiobraziliense.com.br,case:5e0ccaaeb49a,reported,1,2026-07-24,2026-07-24
outlet:correiobraziliense.com.br,case:c4727ba70a8d,reported,1,2026-01-08,2026-01-08
outlet:jornal_de_brasília,case:5e0ccaaeb49a,reported,2,2026-07-24,2026-07-24
outlet:jornal_de_brasília,case:840dd881c81b,reported,1,2025-12-02,2025-12-02
case:acc0a607751d,species:birds,involves,1,2026-07-24,2026-07-24
case:acc0a607751d,location:mendoza,occurred_at,1,2026-07-24,2026-07-24
outlet:agencia_noticias_argentinas,case:acc0a607751d,reported,1,2026-07-24,2026-07-24
outlet:diarioelnorte.com.ar,case:acc0a607751d,reported,1,2026-07-24,2026-07-24
case:070bf872070b,species:wildlife_general,involves,1,2026-07-24,2026-07-24
outlet:sinpo.id,case:070bf872070b,reported,1,2026-07-24,2026-07-24
case:bc06d8abcb33,species:turtles,involves,1,2026-07-24,2026-07-24
case:bc06d8abcb33,location:pākhanjur,occurred_at,1,2026-07-24,2026-07-24
location:pākhanjur,location:chhattisgarh,within,1,2026-07-24,2026-07-24
case:9eb8b3913c65,species:pangolin,involves,1,2026-07-24,2026-07-24
case:9eb8b3913c65,commodity:pangolin-kg,seized,1,2026-07-24,2026-07-24
outlet:guineenews.org,case:9eb8b3913c65,reported,1,2026-07-24,2026-07-24
outlet:guineenews.org,case:7508828f988d,reported,1,2026-05-26,2026-05-26
case:5681e727a22c,species:wildlife_general,involves,1,2026-07-24,2026-07-24
outlet:publimetro_méxico,case:5681e727a22c,reported,1,2026-07-24,2026-07-24
case:1508e2f09958,species:red_sanders,involves,1,2026-07-23,2026-07-23
case:d1d5ae324544,species:turtles,involves,1,2026-07-23,2026-07-23
case:d1d5ae324544,location:kolkata,occurred_at,1,2026-07-23,2026-07-23
case:d1d5ae324544,mode:air,via,1,2026-07-23,2026-07-23
case:d1d5ae324544,commodity:turtles-turtles,seized,1,2026-07-23,2026-07-23
location:kolkata,location:west_bengal,within,1,2026-07-23,2026-07-23
outlet:aviation_jeta,case:d1d5ae324544,reported,1,2026-07-23,2026-07-23
case:6c804a1785e1,species:turtles,involves,1,2026-07-23,2026-07-23
case:6c804a1785e1,location:hong_kong,occurred_at,1,2026-07-23,2026-07-23
outlet:department_of_justice_(.gov),case:6c804a1785e1,reported,1,2026-07-23,2026-07-23
outlet:department_of_justice_(.gov),case:7d5ff4b75c6a,reported,1,2026-03-24,2026-03-24
outlet:department_of_justice_(.gov),case:9e7ffdf75d44,reported,1,2026-02-18,2026-02-18
case:b75641cf74a4,species:turtles,involves,1,2026-07-23,2026-07-23
case:b75641cf74a4,location:chennai,occurred_at,1,2026-07-23,2026-07-23
case:b75641cf74a4,commodity:turtles-turtles,seized,1,2026-07-23,2026-07-23
location:chennai,location:tamil_nadu,within,8,2024-08-07,2026-07-23
case:570cbe2e7a96,species:leopard,involves,1,2026-07-23,2026-07-23
case:570cbe2e7a96,location:agra,occurred_at,1,2026-07-23,2026-07-23
case:182f584fd283,species:pangolin,involves,1,2026-07-23,2026-07-23
case:182f584fd283,location:conakry,occurred_at,1,2026-07-23,2026-07-23
case:182f584fd283,commodity:pangolin-kg,seized,1,2026-07-23,2026-07-23
outlet:guinee7.com,case:182f584fd283,reported,1,2026-07-23,2026-07-23
outlet:guinee28,case:182f584fd283,reported,1,2026-07-23,2026-07-23
case:80f580b580a3,species:shark_ray,involves,1,2026-07-23,2026-07-23
outlet:apanews_-_agence_de_presse_africaine,case:80f580b580a3,reported,1,2026-07-23,2026-07-23
outlet:apanews_-_agence_de_presse_africaine,case:26aa04098e28,reported,1,2026-05-28,2026-05-28
case:3dc425c0286d,species:shark_ray,involves,1,2026-07-23,2026-07-23
outlet:teranga_news,case:3dc425c0286d,reported,1,2026-07-23,2026-07-23
case:79124469bf42,species:wildlife_general,involves,1,2026-07-23,2026-07-23
outlet:mediaguinee.com,case:79124469bf42,reported,1,2026-07-23,2026-07-23
outlet:mediaguinee.com,case:d2e2360b075e,reported,1,2026-05-26,2026-05-26
case:2b76623392b6,species:birds,involves,1,2026-07-23,2026-07-23
outlet:diario_del_norte,case:2b76623392b6,reported,1,2026-07-23,2026-07-23
case:a822ea621a4e,species:elephant,involves,1,2026-07-22,2026-07-22
case:4f36679214d8,species:wildlife_general,involves,1,2026-07-22,2026-07-22
case:b7b7f8c4ca73,species:birds,involves,1,2026-07-22,2026-07-22
case:b7b7f8c4ca73,location:pátzcuaro,occurred_at,1,2026-07-22,2026-07-22
location:pátzcuaro,location:michoacán,within,1,2026-07-22,2026-07-22
case:9878e77d117e,species:wildlife_general,involves,1,2026-07-22,2026-07-22
agency:bksda,case:9878e77d117e,acted_in,1,2026-07-22,2026-07-22
agency:bksda,case:c7ffc342ff0c,acted_in,1,2025-06-29,2025-06-29
outlet:sakato.co.id,case:9878e77d117e,reported,1,2026-07-22,2026-07-22
case:81c55402425f,species:wildlife_general,involves,1,2026-07-22,2026-07-22
case:81c55402425f,location:colombia,occurred_at,1,2026-07-22,2026-07-22
case:71d44b2b4987,species:birds,involves,1,2026-07-22,2026-07-22
case:71d44b2b4987,location:pīlibhīt,occurred_at,1,2026-07-22,2026-07-22
case:71d44b2b4987,commodity:birds-parakeets,seized,1,2026-07-22,2026-07-22
case:b508f22c9a49,species:pythons_reptiles,involves,1,2026-07-22,2026-07-22
case:b508f22c9a49,location:san_luis_obispo,occurred_at,1,2026-07-22,2026-07-22
location:san_luis_obispo,location:california,within,1,2026-07-22,2026-07-22
outlet:ksby_news,case:b508f22c9a49,reported,2,2026-07-22,2026-07-22
outlet:san_luis_obispo_tribune,case:b508f22c9a49,reported,1,2026-07-22,2026-07-22
outlet:kmph.com,case:b508f22c9a49,reported,1,2026-07-22,2026-07-22
outlet:kmph.com,case:3855861ccb51,reported,1,2026-01-26,2026-01-26
outlet:kmph.com,case:e3293b651970,reported,1,2026-01-26,2026-01-26
case:23ca2e6a1f60,species:elephant,involves,1,2026-07-22,2026-07-22
case:3e53dbc1ca82,species:pangolin,involves,1,2026-07-21,2026-07-21
case:3dcf01b2e633,species:elephant,involves,1,2026-07-21,2026-07-21
case:3dcf01b2e633,species:sandalwood,involves,1,2026-07-21,2026-07-21
case:3dcf01b2e633,location:kāsaragod,occurred_at,1,2026-07-21,2026-07-21
case:3dcf01b2e633,commodity:elephant-kg,seized,1,2026-07-21,2026-07-21
case:3dcf01b2e633,commodity:sandalwood-kg,seized,1,2026-07-21,2026-07-21
location:kāsaragod,location:kerala,within,1,2026-07-21,2026-07-21
agency:crime_branch,case:3dcf01b2e633,acted_in,1,2026-07-21,2026-07-21
agency:crime_branch,case:4c8a1d439f69,acted_in,1,2026-06-25,2026-06-25
case:365602d15167,species:monitor_lizard,involves,1,2026-07-21,2026-07-21
case:365602d15167,location:los_angeles,occurred_at,1,2026-07-21,2026-07-21
location:los_angeles,location:california,within,2,2025-10-23,2026-07-21
outlet:ktla,case:365602d15167,reported,1,2026-07-21,2026-07-21
outlet:ktla,case:3d5e459f7dfe,reported,1,2026-04-13,2026-04-13
outlet:ktla,case:a40080136a84,reported,1,2025-10-23,2025-10-23
outlet:wjtv,case:365602d15167,reported,1,2026-07-21,2026-07-21
case:57aae3747536,species:wildlife_general,involves,1,2026-07-21,2026-07-21
outlet:aerotime,case:57aae3747536,reported,1,2026-07-21,2026-07-21
case:575f154046b9,species:pangolin,involves,1,2026-07-21,2026-07-21
case:257ddb242627,species:birds,involves,1,2026-07-21,2026-07-21
outlet:portal_de_notícias_da_pmesp,case:257ddb242627,reported,1,2026-07-21,2026-07-21
outlet:portal_de_notícias_da_pmesp,case:655d59a864a0,reported,1,2026-04-13,2026-04-13
outlet:portal_de_notícias_da_pmesp,case:36db08f663d4,reported,1,2026-03-29,2026-03-29
outlet:portal_de_notícias_da_pmesp,case:a23af60db755,reported,1,2026-03-11,2026-03-11
outlet:portal_de_notícias_da_pmesp,case:482afeb0be34,reported,1,2026-02-15,2026-02-15
outlet:portal_de_notícias_da_pmesp,case:fd6dc31759ad,reported,1,2025-09-06,2025-09-06
outlet:portal_de_notícias_da_pmesp,case:1457e5301cb6,reported,1,2025-02-12,2025-02-12
case:90a2c6fb6ac3,species:pythons_reptiles,involves,1,2026-07-21,2026-07-21
outlet:pressreader,case:90a2c6fb6ac3,reported,1,2026-07-21,2026-07-21
case:81157a82d12f,species:sandalwood,involves,1,2026-07-21,2026-07-21
case:81157a82d12f,commodity:sandalwood-kg,seized,1,2026-07-21,2026-07-21
case:f1944fa81fb9,species:elephant,involves,1,2026-07-21,2026-07-21
case:f1944fa81fb9,location:beni,occurred_at,1,2026-07-21,2026-07-21
case:f1944fa81fb9,commodity:elephant-kilos,seized,1,2026-07-21,2026-07-21
location:beni,location:north_kivu,within,1,2026-07-21,2026-07-21
outlet:radio_okapi_|,case:f1944fa81fb9,reported,1,2026-07-21,2026-07-21
outlet:radio_okapi_|,case:75909b48e1a0,reported,1,2026-03-12,2026-03-12
outlet:radio_okapi_|,case:10306a0382c7,reported,1,2026-03-09,2026-03-09
case:e39e3b643057,species:birds,involves,1,2026-07-21,2026-07-21
outlet:tmc.com.br,case:e39e3b643057,reported,1,2026-07-21,2026-07-21
case:e191f619456d,species:rosewood,involves,1,2026-07-21,2026-07-21
case:e191f619456d,location:paraguay,occurred_at,1,2026-07-21,2026-07-21
case:0a1341298d31,species:wildlife_general,involves,1,2026-07-21,2026-07-21
case:0a1341298d31,location:saltillo,occurred_at,1,2026-07-21,2026-07-21
location:saltillo,location:coahuila,within,1,2026-07-21,2026-07-21
outlet:el_horizonte,case:0a1341298d31,reported,1,2026-07-21,2026-07-21
outlet:el_horizonte,case:840d4170e4e4,reported,1,2026-07-16,2026-07-16
case:e2a9c82ac5fd,species:elephant,involves,1,2026-07-20,2026-07-20
case:e2a9c82ac5fd,location:bānda,occurred_at,1,2026-07-20,2026-07-20
case:e2a9c82ac5fd,commodity:elephant-kilograms,seized,1,2026-07-20,2026-07-20
location:bānda,location:uttar_pradesh,within,2,2025-10-04,2026-07-20
outlet:faceofmalawi.com,case:e2a9c82ac5fd,reported,1,2026-07-20,2026-07-20
case:eff7fe6cd66e,species:pangolin,involves,1,2026-07-20,2026-07-20
case:207e7d4d1de5,species:pangolin,involves,1,2026-07-20,2026-07-20
case:5c4cd6f33f2b,species:turtles,involves,1,2026-07-20,2026-07-20
case:5c4cd6f33f2b,location:bilāspur,occurred_at,1,2026-07-20,2026-07-20
location:bilāspur,location:chhattisgarh,within,1,2026-07-20,2026-07-20
case:ed9cc4957ff1,species:wildlife_general,involves,1,2026-07-20,2026-07-20
outlet:bhaskarhindi.com,case:ed9cc4957ff1,reported,1,2026-07-20,2026-07-20
case:c8703808caa3,species:birds,involves,1,2026-07-20,2026-07-20
case:c8703808caa3,location:jardim,occurred_at,1,2026-07-20,2026-07-20
location:jardim,location:ceará,within,2,2025-11-15,2026-07-20
outlet:liberal.com.br,case:c8703808caa3,reported,1,2026-07-20,2026-07-20
case:8f608554cbe9,species:elephant,involves,1,2026-07-19,2026-07-19
outlet:nyasa_times,case:8f608554cbe9,reported,1,2026-07-19,2026-07-19
outlet:nyasa_times,case:23c8b79c5701,reported,1,2026-06-27,2026-06-27
outlet:nyasa_times,case:da9817238eb7,reported,1,2025-11-05,2025-11-05
outlet:nyasa_times,case:3f98404c8827,reported,1,2025-10-05,2025-10-05
case:bfc25834326c,species:pangolin,involves,1,2026-07-19,2026-07-19
outlet:ewn.co.za,case:bfc25834326c,reported,1,2026-07-19,2026-07-19
outlet:ewn.co.za,case:9725ae486312,reported,1,2026-02-08,2026-02-08
outlet:ewn.co.za,case:a64a49a75386,reported,1,2025-09-14,2025-09-14
outlet:getaway_magazine,case:bfc25834326c,reported,1,2026-07-19,2026-07-19
case:97f7b261d9e6,species:elephant,involves,1,2026-07-19,2026-07-19
case:97f7b261d9e6,location:malawi,occurred_at,1,2026-07-19,2026-07-19
case:0d9b23ba53b8,species:monitor_lizard,involves,1,2026-07-18,2026-07-18
case:0d9b23ba53b8,location:pāonta_sāhib,occurred_at,1,2026-07-18,2026-07-18
case:0d9b23ba53b8,mode:road,via,1,2026-07-18,2026-07-18
case:0d9b23ba53b8,commodity:monitor_lizard-lizards,seized,1,2026-07-18,2026-07-18
location:pāonta_sāhib,location:himachal_pradesh,within,1,2026-07-18,2026-07-18
outlet:tribuneindia.com,case:0d9b23ba53b8,reported,1,2026-07-18,2026-07-18
case:2e3622319027,species:pangolin,involves,1,2026-07-18,2026-07-18
case:2e3622319027,location:assam,occurred_at,1,2026-07-18,2026-07-18
case:d39ee69e946e,species:agarwood,involves,1,2026-07-18,2026-07-18
case:d39ee69e946e,location:brunei,occurred_at,1,2026-07-18,2026-07-18
case:e9e82462def5,species:turtles,involves,1,2026-07-18,2026-07-18
case:e9e82462def5,location:kanpur,occurred_at,1,2026-07-18,2026-07-18
case:e9e82462def5,commodity:turtles-turtles,seized,1,2026-07-18,2026-07-18
location:kanpur,location:uttar_pradesh,within,1,2026-07-18,2026-07-18
case:f0eafa8b15e1,species:sand_boa,involves,1,2026-07-17,2026-07-17
case:f0eafa8b15e1,location:odisha,occurred_at,1,2026-07-17,2026-07-17
outlet:odishatv,case:f0eafa8b15e1,reported,1,2026-07-17,2026-07-17
case:40fadb4e96d5,species:wildlife_general,involves,1,2026-07-17,2026-07-17
case:40fadb4e96d5,location:iquitos,occurred_at,1,2026-07-17,2026-07-17
location:iquitos,location:loreto,within,1,2026-07-17,2026-07-17
outlet:mongabay_latam,case:40fadb4e96d5,reported,1,2026-07-17,2026-07-17
case:3a94ce6247c5,species:wildlife_general,involves,1,2026-07-17,2026-07-17
case:3a94ce6247c5,location:barranquilla,occurred_at,1,2026-07-17,2026-07-17
location:barranquilla,location:atlántico,within,1,2026-07-17,2026-07-17
case:51abd2a7eaa5,species:wildlife_general,involves,1,2026-07-17,2026-07-17
outlet:elheraldo.co,case:51abd2a7eaa5,reported,1,2026-07-17,2026-07-17
case:64e4208014f1,species:red_sanders,involves,1,2026-07-16,2026-07-16
case:64e4208014f1,location:delhi,occurred_at,1,2026-07-16,2026-07-16
case:64e4208014f1,mode:air,via,1,2026-07-16,2026-07-16
case:64e4208014f1,commodity:red_sanders-kg,seized,1,2026-07-16,2026-07-16
case:27c2d5fa1073,species:abalone,involves,1,2026-07-16,2026-07-16
case:8850741aa504,species:wildlife_general,involves,1,2026-07-16,2026-07-16
outlet:homeland_security_today,case:8850741aa504,reported,1,2026-07-16,2026-07-16
outlet:world_border_security_congress,case:8850741aa504,reported,1,2026-07-16,2026-07-16
outlet:world_border_security_congress,case:446d12864ac5,reported,1,2026-03-03,2026-03-03
outlet:world_border_security_congress,case:64824bb9f778,reported,1,2026-01-12,2026-01-12
outlet:world_border_security_congress,case:feb7e84d23ab,reported,1,2025-09-25,2025-09-25
case:2aa91773b2dd,species:pangolin,involves,1,2026-07-16,2026-07-16
case:2aa91773b2dd,location:sandakan,occurred_at,1,2026-07-16,2026-07-16
location:sandakan,location:sabah,within,1,2026-07-16,2026-07-16
case:9537f7cfce3f,species:rosewood,involves,1,2026-07-16,2026-07-16
outlet:portalterradaluz.com.br,case:9537f7cfce3f,reported,1,2026-07-16,2026-07-16
case:840d4170e4e4,species:wildlife_general,involves,1,2026-07-16,2026-07-16
case:375febaee357,species:tiger,involves,1,2026-07-16,2026-07-16
case:cac8bd2c3fd0,species:red_sanders,involves,1,2026-07-16,2026-07-16
case:cac8bd2c3fd0,species:sandalwood,involves,1,2026-07-16,2026-07-16
case:cac8bd2c3fd0,location:delhi,occurred_at,1,2026-07-16,2026-07-16
case:cac8bd2c3fd0,mode:air,via,1,2026-07-16,2026-07-16
case:0044cfab01c0,species:wildlife_general,involves,1,2026-07-16,2026-07-16
outlet:actus.zoobeauval.com,case:0044cfab01c0,reported,1,2026-07-16,2026-07-16
case:db830af6794b,species:wildlife_general,involves,1,2026-07-16,2026-07-16
case:db830af6794b,location:teolocholco,occurred_at,1,2026-07-16,2026-07-16
case:db830af6794b,mode:online,via,1,2026-07-16,2026-07-16
location:teolocholco,location:tlaxcala,within,1,2026-07-16,2026-07-16
case:fe30ec651a6d,species:wildlife_general,involves,1,2026-07-15,2026-07-15
case:908fcb5129b8,species:wildlife_general,involves,1,2026-07-15,2026-07-15
case:908fcb5129b8,location:goiás,occurred_at,1,2026-07-15,2026-07-15
outlet:o_hoje,case:908fcb5129b8,reported,1,2026-07-15,2026-07-15
outlet:caesegatos.com.br,case:908fcb5129b8,reported,1,2026-07-15,2026-07-15
case:44a0863b2d29,species:wildlife_general,involves,1,2026-07-15,2026-07-15
case:44a0863b2d29,location:india,occurred_at,1,2026-07-15,2026-07-15
case:fa8aadb04813,species:wildlife_general,involves,1,2026-07-15,2026-07-15
case:fa8aadb04813,location:gorakhpur,occurred_at,1,2026-07-15,2026-07-15
location:gorakhpur,location:uttar_pradesh,within,2,2026-07-15,2026-07-15
outlet:navbharatlive.com,case:fa8aadb04813,reported,1,2026-07-15,2026-07-15
case:58dcb917e3bc,species:birds,involves,1,2026-07-15,2026-07-15
case:58dcb917e3bc,location:gorakhpur,occurred_at,1,2026-07-15,2026-07-15
case:04cd0bd7aee4,species:birds,involves,1,2026-07-15,2026-07-15
case:04cd0bd7aee4,species:primates,involves,1,2026-07-15,2026-07-15
case:f103f6dbcfa3,species:birds,involves,1,2026-07-15,2026-07-15
case:c08067d7d2ea,species:red_sanders,involves,1,2026-07-14,2026-07-14
case:c08067d7d2ea,location:tirupati,occurred_at,1,2026-07-14,2026-07-14
case:c08067d7d2ea,mode:road,via,1,2026-07-14,2026-07-14
case:c08067d7d2ea,commodity:red_sanders-logs,seized,1,2026-07-14,2026-07-14
outlet:newindianexpress.com,case:c08067d7d2ea,reported,1,2026-07-14,2026-07-14
outlet:goir_ap,case:c08067d7d2ea,reported,1,2026-07-14,2026-07-14
case:044aedf87507,species:elephant,involves,1,2026-07-14,2026-07-14
case:044aedf87507,commodity:elephant-kg,seized,1,2026-07-14,2026-07-14
outlet:business_standard,case:044aedf87507,reported,1,2026-07-14,2026-07-14
case:a211ca31d413,species:primates,involves,1,2026-07-14,2026-07-14
outlet:international_fund_for_animal_welfare_|_ifaw,case:a211ca31d413,reported,1,2026-07-14,2026-07-14
outlet:international_fund_for_animal_welfare_|_ifaw,case:0ffbf1700bc9,reported,1,2026-06-23,2026-06-23
outlet:international_fund_for_animal_welfare_|_ifaw,case:28c379d92630,reported,2,2026-06-12,2026-06-12
outlet:international_fund_for_animal_welfare_|_ifaw,case:219f61b9b1d2,reported,1,2026-05-21,2026-05-21
outlet:international_fund_for_animal_welfare_|_ifaw,case:31184e32c049,reported,2,2026-05-18,2026-05-18
outlet:international_fund_for_animal_welfare_|_ifaw,case:3bcb47833118,reported,1,2026-05-12,2026-05-12
outlet:international_fund_for_animal_welfare_|_ifaw,case:c9d57ed2b67e,reported,1,2026-05-04,2026-05-04
outlet:international_fund_for_animal_welfare_|_ifaw,case:ce5f82487266,reported,2,2026-04-28,2026-04-28
outlet:international_fund_for_animal_welfare_|_ifaw,case:9343dbd35e51,reported,1,2026-02-10,2026-02-10
case:cb78e3cc30f4,species:birds,involves,1,2026-07-14,2026-07-14
outlet:pmba,case:cb78e3cc30f4,reported,1,2026-07-14,2026-07-14
case:7508ee03d5f6,species:elephant,involves,1,2026-07-14,2026-07-14
case:7508ee03d5f6,location:nampula,occurred_at,1,2026-07-14,2026-07-14
outlet:macau_business,case:7508ee03d5f6,reported,1,2026-07-14,2026-07-14
case:c298ec2d2453,species:elephant,involves,1,2026-07-13,2026-07-13
case:c298ec2d2453,location:sūjāngarh,occurred_at,1,2026-07-13,2026-07-13
case:c298ec2d2453,commodity:elephant-kg,seized,1,2026-07-13,2026-07-13
location:sūjāngarh,location:rajasthan,within,1,2026-07-13,2026-07-13
outlet:newsmeter,case:c298ec2d2453,reported,1,2026-07-13,2026-07-13
outlet:newsmeter,case:87ba1c002e0f,reported,1,2026-05-18,2026-05-18
outlet:rediff.com,case:c298ec2d2453,reported,1,2026-07-13,2026-07-13
case:bb88f51bc31e,species:pangolin,involves,1,2026-07-13,2026-07-13
case:bb88f51bc31e,location:sherghāti,occurred_at,1,2026-07-13,2026-07-13
case:bb88f51bc31e,commodity:pangolin-kg,seized,1,2026-07-13,2026-07-13
location:sherghāti,location:bihar,within,1,2026-07-13,2026-07-13
case:7908b9354efa,species:wildlife_general,involves,1,2026-07-13,2026-07-13
case:98502745bc7a,species:wildlife_general,involves,1,2026-07-13,2026-07-13
case:98502745bc7a,location:natal,occurred_at,1,2026-07-13,2026-07-13
location:natal,location:rio_grande_do_norte,within,3,2024-04-18,2026-07-13
case:6a61e609ac7d,species:abalone,involves,1,2026-07-13,2026-07-13
case:40f88e870e4b,species:sandalwood,involves,1,2026-07-13,2026-07-13
case:40f88e870e4b,location:mysuru,occurred_at,1,2026-07-13,2026-07-13
location:mysuru,location:karnataka,within,3,2026-03-15,2026-07-13
outlet:star_of_mysore,case:40f88e870e4b,reported,1,2026-07-13,2026-07-13
outlet:star_of_mysore,case:47fe3d5f4cfe,reported,1,2026-03-15,2026-03-15
case:1a0fe2c50820,species:birds,involves,1,2026-07-13,2026-07-13
case:1a0fe2c50820,location:santa_maria,occurred_at,1,2026-07-13,2026-07-13
location:santa_maria,location:rio_grande_do_sul,within,2,2026-06-06,2026-07-13
case:50d40e616f5b,species:rosewood,involves,1,2026-07-13,2026-07-13
case:50d40e616f5b,location:tocantins,occurred_at,1,2026-07-13,2026-07-13
case:b441e4f5df58,species:owl,involves,1,2026-07-12,2026-07-12
case:b441e4f5df58,species:turtles,involves,1,2026-07-12,2026-07-12
case:b441e4f5df58,location:ajmer,occurred_at,1,2026-07-12,2026-07-12
location:ajmer,location:rajasthan,within,1,2026-07-12,2026-07-12
outlet:tv9hindi.com,case:b441e4f5df58,reported,1,2026-07-12,2026-07-12
case:516ab51e15a7,species:primates,involves,1,2026-07-12,2026-07-12
outlet:excélsior,case:516ab51e15a7,reported,1,2026-07-12,2026-07-12
outlet:excélsior,case:affdcdcecacc,reported,1,2026-06-29,2026-06-29
outlet:excélsior,case:47acd6ab2599,reported,1,2026-04-22,2026-04-22
outlet:excélsior,case:a560324ad0a9,reported,1,2026-03-01,2026-03-01
case:91e1d4e37edb,species:wildlife_general,involves,1,2026-07-11,2026-07-11
case:91e1d4e37edb,location:malaysia,occurred_at,1,2026-07-11,2026-07-11
outlet:daily_express_malaysia,case:91e1d4e37edb,reported,1,2026-07-11,2026-07-11
outlet:daily_express_malaysia,case:7979a84b495e,reported,1,2026-06-20,2026-06-20
case:0bff38221d39,species:birds,involves,1,2026-07-11,2026-07-11
case:0bff38221d39,location:juiz_de_fora,occurred_at,1,2026-07-11,2026-07-11
location:juiz_de_fora,location:minas_gerais,within,4,2025-09-30,2026-07-11
outlet:tribunademinas.com.br,case:0bff38221d39,reported,1,2026-07-11,2026-07-11
case:55415676f360,species:birds,involves,1,2026-07-11,2026-07-11
case:55415676f360,location:santarém,occurred_at,1,2026-07-11,2026-07-11
location:santarém,location:pará,within,3,2025-10-24,2026-07-11
case:0941d6dc6db8,species:birds,involves,1,2026-07-11,2026-07-11
case:0941d6dc6db8,location:teresina,occurred_at,1,2026-07-11,2026-07-11
location:teresina,location:piauí,within,3,2026-04-13,2026-07-11
outlet:portal_clube_news,case:0941d6dc6db8,reported,1,2026-07-11,2026-07-11
case:884524d516bc,species:elephant,involves,1,2026-07-10,2026-07-10
case:884524d516bc,location:churu,occurred_at,1,2026-07-10,2026-07-10
location:churu,location:rajasthan,within,2,2026-07-10,2026-07-10
case:933488da3498,species:primates,involves,1,2026-07-10,2026-07-10
case:933488da3498,location:kano,occurred_at,1,2026-07-10,2026-07-10
outlet:ships_&_ports,case:933488da3498,reported,1,2026-07-10,2026-07-10
outlet:ships_&_ports,case:21442814a1f7,reported,1,2025-11-17,2025-11-17
case:68120b2d1130,species:elephant,involves,1,2026-07-10,2026-07-10
case:68120b2d1130,location:churu,occurred_at,1,2026-07-10,2026-07-10
case:608767912932,species:rosewood,involves,1,2026-07-10,2026-07-10
outlet:vértigo_político,case:608767912932,reported,1,2026-07-10,2026-07-10
outlet:vértigo_político,case:64116f7388cb,reported,1,2025-06-12,2025-06-12
case:5d3a8a0998c8,species:wildlife_general,involves,1,2026-07-09,2026-07-09
case:5d3a8a0998c8,location:chhatrapati_shivaji,occurred_at,1,2026-07-09,2026-07-09
case:5d3a8a0998c8,mode:air,via,1,2026-07-09,2026-07-09
location:chhatrapati_shivaji,location:maharashtra,within,4,2024-11-05,2026-07-09
outlet:kashmirlife.net,case:5d3a8a0998c8,reported,1,2026-07-09,2026-07-09
outlet:juris_hour,case:5d3a8a0998c8,reported,1,2026-07-09,2026-07-09
case:c97c8565fc3c,species:wildlife_general,involves,1,2026-07-09,2026-07-09
case:c97c8565fc3c,location:madagascar,occurred_at,1,2026-07-09,2026-07-09
case:b481ab5fc5d7,species:wildlife_general,involves,1,2026-07-09,2026-07-09
case:b481ab5fc5d7,location:bangkok,occurred_at,1,2026-07-09,2026-07-09
outlet:khaosod_english,case:b481ab5fc5d7,reported,1,2026-07-09,2026-07-09
outlet:khaosod_english,case:d24bfc34cd93,reported,1,2026-05-27,2026-05-27
outlet:khaosod_english,case:52e31496388d,reported,1,2026-05-11,2026-05-11
outlet:khaosod_english,case:73233b48ecc7,reported,1,2026-04-03,2026-04-03
outlet:khaosod_english,case:1fb3b277f299,reported,1,2025-09-07,2025-09-07
case:eff1fe673d9a,species:wildlife_general,involves,1,2026-07-09,2026-07-09
outlet:animal_wellness_action,case:eff1fe673d9a,reported,1,2026-07-09,2026-07-09
case:835e9029c35a,species:wildlife_general,involves,1,2026-07-09,2026-07-09
case:835e9029c35a,location:kalimantan,occurred_at,1,2026-07-09,2026-07-09
case:b8ed59d788a0,species:leopard,involves,1,2026-07-09,2026-07-09
case:b8ed59d788a0,location:pune,occurred_at,1,2026-07-09,2026-07-09
case:b8ed59d788a0,commodity:leopard-claws,seized,1,2026-07-09,2026-07-09
outlet:punekar_news,case:b8ed59d788a0,reported,1,2026-07-09,2026-07-09
outlet:punekar_news,case:dade7d6038d1,reported,1,2026-01-11,2026-01-11
case:b787577cb1bf,species:turtles,involves,1,2026-07-09,2026-07-09
case:c83573b97712,species:hornbill,involves,1,2026-07-08,2026-07-08
case:c83573b97712,location:philippines,occurred_at,1,2026-07-08,2026-07-08
outlet:inquirer.net,case:c83573b97712,reported,1,2026-07-08,2026-07-08
case:24f2414720e7,species:wildlife_general,involves,1,2026-07-08,2026-07-08
case:24f2414720e7,mode:online,via,1,2026-07-08,2026-07-08
outlet:ice_|_u.s._immigration_and_customs_enforcement_(.gov),case:24f2414720e7,reported,1,2026-07-08,2026-07-08
outlet:ice_|_u.s._immigration_and_customs_enforcement_(.gov),case:ae162fc35873,reported,3,2026-06-24,2026-06-24
case:e6c35800599b,species:hornbill,involves,1,2026-07-08,2026-07-08
outlet:sunstar_publishing_inc.,case:e6c35800599b,reported,1,2026-07-08,2026-07-08
outlet:sunstar_publishing_inc.,case:94f7df0c4fe4,reported,1,2026-02-23,2026-02-23
case:212653dbea61,species:birds,involves,1,2026-07-08,2026-07-08
outlet:grupo_a_hora,case:212653dbea61,reported,1,2026-07-08,2026-07-08
outlet:grupo_a_hora,case:d62d3e4ec251,reported,1,2026-03-16,2026-03-16
case:c76fdcd54fc2,species:pangolin,involves,1,2026-07-07,2026-07-07
outlet:ird_le_mag,case:c76fdcd54fc2,reported,1,2026-07-07,2026-07-07
outlet:ird_le_mag,case:98f8852c53cf,reported,1,2026-07-07,2026-07-07
case:03da469457f0,species:wildlife_general,involves,1,2026-07-07,2026-07-07
outlet:gma_network,case:03da469457f0,reported,1,2026-07-07,2026-07-07
case:98f8852c53cf,species:pangolin,involves,1,2026-07-07,2026-07-07
case:3ad11ab3a7f9,species:monitor_lizard,involves,1,2026-07-06,2026-07-06
case:3ad11ab3a7f9,location:kokrajhar,occurred_at,1,2026-07-06,2026-07-06
location:kokrajhar,location:assam,within,1,2026-07-06,2026-07-06
case:8185a42f4268,species:wildlife_general,involves,1,2026-07-06,2026-07-06
case:8185a42f4268,location:niterói,occurred_at,1,2026-07-06,2026-07-06
location:niterói,location:rio_de_janeiro,within,1,2026-07-06,2026-07-06
outlet:maricá_info,case:8185a42f4268,reported,1,2026-07-06,2026-07-06
outlet:oglobo.globo.com,case:8185a42f4268,reported,1,2026-07-06,2026-07-06
outlet:oglobo.globo.com,case:0e621ae1d77b,reported,1,2026-04-17,2026-04-17
outlet:oglobo.globo.com,case:cd2ae3f5242c,reported,1,2025-09-22,2025-09-22
outlet:oglobo.globo.com,case:dee1faa8c792,reported,1,2025-09-16,2025-09-16
outlet:oglobo.globo.com,case:a3720171b60f,reported,1,2025-09-05,2025-09-05
outlet:governo_do_estado_do_rio_de_janeiro,case:8185a42f4268,reported,1,2026-07-06,2026-07-06
outlet:governo_do_estado_do_rio_de_janeiro,case:19b16ac387da,reported,1,2025-10-21,2025-10-21
outlet:a_tribuna_rj,case:8185a42f4268,reported,1,2026-07-06,2026-07-06
outlet:r7,case:8185a42f4268,reported,1,2026-07-06,2026-07-06
outlet:r7,case:12e287152504,reported,2,2026-06-04,2026-06-04
outlet:r7,case:9c76e14d1dae,reported,1,2026-04-25,2026-04-25
outlet:r7,case:3d5e6ab16728,reported,1,2025-12-15,2025-12-15
outlet:diário_do_vale,case:8185a42f4268,reported,1,2026-07-06,2026-07-06
outlet:ponta_porã_informa,case:8185a42f4268,reported,1,2026-07-06,2026-07-06
outlet:tempo_real,case:8185a42f4268,reported,1,2026-07-06,2026-07-06
case:f587f886a1af,species:wildlife_general,involves,1,2026-07-06,2026-07-06
case:f587f886a1af,location:cartagena,occurred_at,1,2026-07-06,2026-07-06
location:cartagena,location:bolívar,within,1,2026-07-06,2026-07-06
outlet:cartagena.alerta.com.co,case:f587f886a1af,reported,1,2026-07-06,2026-07-06
outlet:caracol_radio,case:f587f886a1af,reported,1,2026-07-06,2026-07-06
outlet:caracol_radio,case:27f26a48b672,reported,1,2026-05-15,2026-05-15
outlet:caracol_radio,case:d780db645990,reported,1,2026-04-12,2026-04-12
case:6d95ac96c3b1,species:elephant,involves,1,2026-07-06,2026-07-06
case:6d95ac96c3b1,location:greater_noida,occurred_at,1,2026-07-06,2026-07-06
location:greater_noida,location:uttar_pradesh,within,2,2026-04-01,2026-07-06
outlet:india_tv_hindi,case:6d95ac96c3b1,reported,1,2026-07-06,2026-07-06
outlet:india_tv_hindi,case:e0bbbdc95b57,reported,1,2025-10-07,2025-10-07
case:564657fe2077,species:elephant,involves,1,2026-07-05,2026-07-05
outlet:lankanewspapers.com,case:564657fe2077,reported,1,2026-07-05,2026-07-05
case:f12655d28c55,species:elephant,involves,1,2026-07-05,2026-07-05
case:4b296839c53c,species:birds,involves,1,2026-07-04,2026-07-04
case:2523bea4eb14,species:elephant,involves,1,2026-07-04,2026-07-04
case:2523bea4eb14,location:assam,occurred_at,1,2026-07-04,2026-07-04
case:2523bea4eb14,commodity:elephant-tusks,seized,1,2026-07-04,2026-07-04
case:3e65e2d4096c,species:birds,involves,1,2026-07-04,2026-07-04
case:3e65e2d4096c,location:bertioga,occurred_at,1,2026-07-04,2026-07-04
location:bertioga,location:são_paulo,within,1,2026-07-04,2026-07-04
outlet:costa_norte,case:3e65e2d4096c,reported,1,2026-07-04,2026-07-04
case:8830fa403ba2,species:wildlife_general,involves,1,2026-07-03,2026-07-03
case:8830fa403ba2,location:indonesia,occurred_at,1,2026-07-03,2026-07-03
outlet:saibumi.com,case:8830fa403ba2,reported,1,2026-07-03,2026-07-03
outlet:kompas.tv,case:8830fa403ba2,reported,1,2026-07-03,2026-07-03
case:25ecfa6ac278,species:wildlife_general,involves,1,2026-07-02,2026-07-02
case:851196d484e7,species:wildlife_general,involves,1,2026-07-02,2026-07-02
case:851196d484e7,location:teresina,occurred_at,1,2026-07-02,2026-07-02
case:1db420cd3ec0,species:shark_ray,involves,1,2026-07-02,2026-07-02
outlet:24_horas_yucatán,case:1db420cd3ec0,reported,1,2026-07-02,2026-07-02
case:38e3cfc87fa5,species:wildlife_general,involves,1,2026-07-02,2026-07-02
outlet:minuto30,case:38e3cfc87fa5,reported,1,2026-07-02,2026-07-02
case:7ef05d4f3767,species:cycads,involves,1,2026-07-02,2026-07-02
case:067e2ec5d278,species:primates,involves,1,2026-07-02,2026-07-02
outlet:business_news,case:067e2ec5d278,reported,1,2026-07-02,2026-07-02
case:17aef856c939,species:pangolin,involves,1,2026-07-01,2026-07-01
case:17aef856c939,species:tiger,involves,1,2026-07-01,2026-07-01
case:17aef856c939,location:bastar,occurred_at,1,2026-07-01,2026-07-01
case:17aef856c939,commodity:pangolin-skins,seized,1,2026-07-01,2026-07-01
case:17aef856c939,commodity:tiger-skins,seized,1,2026-07-01,2026-07-01
location:bastar,location:chhattisgarh,within,2,2026-03-18,2026-07-01
outlet:national_herald,case:17aef856c939,reported,1,2026-07-01,2026-07-01
case:0e382aa4de25,species:wildlife_general,involves,1,2026-07-01,2026-07-01
case:3488640a5c65,species:birds,involves,1,2026-07-01,2026-07-01
case:3488640a5c65,location:juiz_de_fora,occurred_at,1,2026-07-01,2026-07-01
case:3488640a5c65,mode:online,via,1,2026-07-01,2026-07-01
outlet:vertentesdasgerais.com.br,case:3488640a5c65,reported,1,2026-07-01,2026-07-01
outlet:hoje_em_dia,case:3488640a5c65,reported,1,2026-07-01,2026-07-01
outlet:barbacena_online,case:3488640a5c65,reported,1,2026-07-01,2026-07-01
case:239b7e4b2c10,species:wildlife_general,involves,1,2026-07-01,2026-07-01
case:239b7e4b2c10,location:santos_dumont,occurred_at,1,2026-07-01,2026-07-01
location:santos_dumont,location:minas_gerais,within,1,2026-07-01,2026-07-01
outlet:portal_14b,case:239b7e4b2c10,reported,1,2026-07-01,2026-07-01
case:56b3fc272367,species:cycads,involves,1,2026-07-01,2026-07-01
case:56b3fc272367,location:kariega,occurred_at,1,2026-07-01,2026-07-01
location:kariega,location:eastern_cape,within,2,2026-06-26,2026-07-01
outlet:algoa_fm,case:56b3fc272367,reported,1,2026-07-01,2026-07-01
outlet:algoa_fm,case:65e6976f4953,reported,1,2025-10-15,2025-10-15
case:76b30667a0f2,species:cycads,involves,1,2026-07-01,2026-07-01
case:ddd2359cabb7,species:pangolin,involves,1,2026-07-01,2026-07-01
case:ddd2359cabb7,species:tiger,involves,1,2026-07-01,2026-07-01
case:ddd2359cabb7,location:maharashtra,occurred_at,1,2026-07-01,2026-07-01
case:676df67e0bbd,species:tiger,involves,1,2026-07-01,2026-07-01
case:c4bad2f3dbe3,species:elephant,involves,1,2026-07-01,2026-07-01
outlet:le_chasseur_français,case:c4bad2f3dbe3,reported,1,2026-07-01,2026-07-01
case:8ac92366a8fd,species:wildlife_general,involves,1,2026-07-01,2026-07-01
case:8ac92366a8fd,location:bolivia,occurred_at,1,2026-07-01,2026-07-01
case:2a2c3b09a40f,species:totoaba,involves,1,2026-06-30,2026-06-30
case:2a2c3b09a40f,location:hong_kong,occurred_at,1,2026-06-30,2026-06-30
outlet:undercurrent_news,case:2a2c3b09a40f,reported,1,2026-06-30,2026-06-30
case:1435461a2ed2,species:wildlife_general,involves,1,2026-06-30,2026-06-30
case:1435461a2ed2,location:soledad,occurred_at,1,2026-06-30,2026-06-30
location:soledad,location:atlántico,within,1,2026-06-30,2026-06-30
case:1b5c3635c6a6,species:rhino,involves,1,2026-06-29,2026-06-29
case:1b5c3635c6a6,location:sonapur,occurred_at,1,2026-06-29,2026-06-29
case:1b5c3635c6a6,commodity:rhino-g,seized,1,2026-06-29,2026-06-29
case:a30f62bbfabc,species:wildlife_general,involves,1,2026-06-29,2026-06-29
case:b26727bbfbe2,species:pangolin,involves,1,2026-06-29,2026-06-29
case:b26727bbfbe2,species:rhino,involves,1,2026-06-29,2026-06-29
case:b26727bbfbe2,mode:online,via,1,2026-06-29,2026-06-29
outlet:dawn,case:b26727bbfbe2,reported,1,2026-06-29,2026-06-29
case:affdcdcecacc,species:turtles,involves,1,2026-06-29,2026-06-29
case:affdcdcecacc,location:colima,occurred_at,1,2026-06-29,2026-06-29
outlet:los_noticieristas,case:affdcdcecacc,reported,1,2026-06-29,2026-06-29
outlet:desde_el_balcon,case:affdcdcecacc,reported,1,2026-06-29,2026-06-29
case:23d9e2f14a59,species:shark_ray,involves,1,2026-06-29,2026-06-29
case:23d9e2f14a59,commodity:shark_ray-kilos,seized,1,2026-06-29,2026-06-29
outlet:el_imparcial,case:23d9e2f14a59,reported,1,2026-06-29,2026-06-29
outlet:el_imparcial,case:de7d4a42378c,reported,1,2026-01-25,2026-01-25
outlet:el_imparcial,case:ab03a26619f5,reported,1,2025-11-19,2025-11-19
case:89dde5cca151,species:turtles,involves,1,2026-06-29,2026-06-29
case:89dde5cca151,location:district_pratapgarh,occurred_at,1,2026-06-29,2026-06-29
location:district_pratapgarh,location:uttar_pradesh,within,1,2026-06-29,2026-06-29
case:34b94d002165,species:wildlife_general,involves,1,2026-06-28,2026-06-28
case:34b94d002165,location:costa_rica,occurred_at,1,2026-06-28,2026-06-28
case:8e145ce25883,species:shark_ray,involves,1,2026-06-28,2026-06-28
case:8e145ce25883,commodity:shark_ray-kilos,seized,1,2026-06-28,2026-06-28
case:4fff65c836ab,species:turtles,involves,1,2026-06-28,2026-06-28
case:4fff65c836ab,location:thailand,occurred_at,1,2026-06-28,2026-06-28
case:23c8b79c5701,species:elephant,involves,1,2026-06-27,2026-06-27
case:23c8b79c5701,location:south_africa,occurred_at,1,2026-06-27,2026-06-27
outlet:nyasatimes.com,case:23c8b79c5701,reported,1,2026-06-27,2026-06-27
case:8228dbdab2da,species:elephant,involves,1,2026-06-27,2026-06-27
case:8228dbdab2da,location:malawi,occurred_at,1,2026-06-27,2026-06-27
outlet:malawivoice.com,case:8228dbdab2da,reported,1,2026-06-27,2026-06-27
case:51ec92a966f7,species:hornbill,involves,1,2026-06-27,2026-06-27
case:51ec92a966f7,location:margherita,occurred_at,1,2026-06-27,2026-06-27
location:margherita,location:assam,within,1,2026-06-27,2026-06-27
case:14590032adcf,species:sandalwood,involves,1,2026-06-27,2026-06-27
case:14590032adcf,location:delhi,occurred_at,1,2026-06-27,2026-06-27
case:a27c20e1f0ce,species:wildlife_general,involves,1,2026-06-27,2026-06-27
outlet:elnacional.com.py,case:a27c20e1f0ce,reported,1,2026-06-27,2026-06-27
case:11be888f42df,species:turtles,involves,1,2026-06-26,2026-06-26
case:11be888f42df,location:nagpur,occurred_at,1,2026-06-26,2026-06-26
location:nagpur,location:maharashtra,within,5,2025-05-06,2026-06-26
case:5e268904589b,species:wildlife_general,involves,1,2026-06-26,2026-06-26
case:5e268904589b,location:srīkākulam,occurred_at,1,2026-06-26,2026-06-26
location:srīkākulam,location:andhra_pradesh,within,1,2026-06-26,2026-06-26
outlet:the420.in,case:5e268904589b,reported,1,2026-06-26,2026-06-26
case:7a6584e99566,species:elephant,involves,1,2026-06-26,2026-06-26
case:7a6584e99566,location:malawi,occurred_at,1,2026-06-26,2026-06-26
case:7a6584e99566,mode:road,via,1,2026-06-26,2026-06-26
case:7a6584e99566,commodity:elephant-tusks,seized,1,2026-06-26,2026-06-26
outlet:maravipost.com,case:7a6584e99566,reported,1,2026-06-26,2026-06-26
case:006c06ea4c5e,species:red_sanders,involves,1,2026-06-26,2026-06-26
case:006c06ea4c5e,location:kalyān,occurred_at,1,2026-06-26,2026-06-26
location:kalyān,location:maharashtra,within,4,2025-02-07,2026-06-26
outlet:thehawk.in,case:006c06ea4c5e,reported,1,2026-06-26,2026-06-26
case:7af7f82beed6,species:wildlife_general,involves,1,2026-06-26,2026-06-26
case:7af7f82beed6,location:nagpur,occurred_at,1,2026-06-26,2026-06-26
case:b3cbdd3a3a02,species:wildlife_general,involves,1,2026-06-26,2026-06-26
case:b3cbdd3a3a02,mode:air,via,1,2026-06-26,2026-06-26
case:f1f24046dfb6,species:abalone,involves,1,2026-06-26,2026-06-26
case:c0acf99f84e9,species:abalone,involves,1,2026-06-26,2026-06-26
case:c0acf99f84e9,location:kariega,occurred_at,1,2026-06-26,2026-06-26
case:711a62f14e36,species:pangolin,involves,1,2026-06-26,2026-06-26
outlet:dtinews,case:711a62f14e36,reported,1,2026-06-26,2026-06-26
outlet:dtinews,case:01d7f11ba06a,reported,1,2025-11-18,2025-11-18
case:8988ad5de537,species:birds,involves,1,2026-06-26,2026-06-26
case:8988ad5de537,location:jaguarão,occurred_at,1,2026-06-26,2026-06-26
location:jaguarão,location:rio_grande_do_sul,within,1,2026-06-26,2026-06-26
outlet:gzh,case:8988ad5de537,reported,1,2026-06-26,2026-06-26
outlet:gzh,case:649276cef5b2,reported,1,2026-06-16,2026-06-16
outlet:gzh,case:e94ded54e8ce,reported,1,2026-02-12,2026-02-12
case:8eed68e0aefe,species:monitor_lizard,involves,1,2026-06-25,2026-06-25
case:8eed68e0aefe,commodity:monitor_lizard-lizards,seized,1,2026-06-25,2026-06-25
outlet:hyderabadmail.com,case:8eed68e0aefe,reported,1,2026-06-25,2026-06-25
case:b244a1d77366,species:red_sanders,involves,1,2026-06-25,2026-06-25
case:b244a1d77366,location:anantapur,occurred_at,1,2026-06-25,2026-06-25
case:b244a1d77366,commodity:red_sanders-logs,seized,1,2026-06-25,2026-06-25
location:anantapur,location:andhra_pradesh,within,1,2026-06-25,2026-06-25
case:9e68842aef48,species:abalone,involves,1,2026-06-25,2026-06-25
case:8f685eb33865,species:turtles,involves,1,2026-06-25,2026-06-25
case:8f685eb33865,location:odisha,occurred_at,1,2026-06-25,2026-06-25
case:8f685eb33865,commodity:turtles-turtles,seized,1,2026-06-25,2026-06-25
case:7efe0873736c,species:wildlife_general,involves,1,2026-06-25,2026-06-25
case:7efe0873736c,location:madagascar,occurred_at,1,2026-06-25,2026-06-25
case:bd5b6d668ebf,species:wildlife_general,involves,1,2026-06-25,2026-06-25
case:bd5b6d668ebf,location:china,occurred_at,1,2026-06-25,2026-06-25
outlet:south_china_morning_post,case:bd5b6d668ebf,reported,2,2026-06-25,2026-06-25
outlet:south_china_morning_post,case:69a8ba302f46,reported,1,2026-04-03,2026-04-03
outlet:south_china_morning_post,case:820a1b30f8a5,reported,1,2026-03-27,2026-03-27
outlet:south_china_morning_post,case:c5a6bec8d26a,reported,2,2025-11-05,2025-11-05
case:3d7e52308e8e,species:wildlife_general,involves,1,2026-06-25,2026-06-25
case:4c8a1d439f69,species:elephant,involves,1,2026-06-25,2026-06-25
case:4c8a1d439f69,location:mumbai,occurred_at,1,2026-06-25,2026-06-25
case:e384d063011c,species:rhino,involves,1,2026-06-25,2026-06-25
outlet:the_namibian_-,case:e384d063011c,reported,1,2026-06-25,2026-06-25
outlet:the_namibian_-,case:656a6ba2f673,reported,1,2026-03-04,2026-03-04
case:79700796799b,species:abalone,involves,1,2026-06-25,2026-06-25
case:79700796799b,location:gqeberha,occurred_at,1,2026-06-25,2026-06-25
location:gqeberha,location:eastern_cape,within,2,2026-02-17,2026-06-25
case:361da69962a5,species:wildlife_general,involves,1,2026-06-25,2026-06-25
case:361da69962a5,location:south_africa,occurred_at,1,2026-06-25,2026-06-25
outlet:environewsnigeria.com,case:361da69962a5,reported,1,2026-06-25,2026-06-25
case:e0fcc54c00df,species:elephant,involves,1,2026-06-24,2026-06-24
case:e0fcc54c00df,location:mumbai,occurred_at,1,2026-06-24,2026-06-24
case:ae162fc35873,species:wildlife_general,involves,1,2026-06-24,2026-06-24
case:01b3eb592ad4,species:wildlife_general,involves,1,2026-06-24,2026-06-24
outlet:trm_labs,case:01b3eb592ad4,reported,1,2026-06-24,2026-06-24
case:bc4a98ba4591,species:birds,involves,1,2026-06-24,2026-06-24
case:bc4a98ba4591,location:serra,occurred_at,1,2026-06-24,2026-06-24
outlet:portaltemponovo.com.br,case:bc4a98ba4591,reported,1,2026-06-24,2026-06-24
outlet:canal_rural,case:bc4a98ba4591,reported,1,2026-06-24,2026-06-24
outlet:canal_rural,case:973d40766f93,reported,1,2026-01-01,2026-01-01
outlet:canal_rural,case:dee1faa8c792,reported,1,2025-09-16,2025-09-16
outlet:folha_jf,case:bc4a98ba4591,reported,1,2026-06-24,2026-06-24
outlet:mpmg.mp.br,case:bc4a98ba4591,reported,1,2026-06-24,2026-06-24
outlet:mpmg.mp.br,case:bf84786f5ecc,reported,1,2025-10-29,2025-10-29
outlet:impactto_news,case:bc4a98ba4591,reported,1,2026-06-24,2026-06-24
outlet:portal_diário_do_aço,case:bc4a98ba4591,reported,1,2026-06-24,2026-06-24
case:c948550b4bb8,species:hornbill,involves,1,2026-06-24,2026-06-24
case:c948550b4bb8,location:india,occurred_at,1,2026-06-24,2026-06-24
outlet:thai_pbs_world,case:c948550b4bb8,reported,1,2026-06-24,2026-06-24
case:882af35e09fa,species:primates,involves,1,2026-06-24,2026-06-24
case:882af35e09fa,location:indonesia,occurred_at,1,2026-06-24,2026-06-24
case:98971ad6bd6b,species:abalone,involves,1,2026-06-24,2026-06-24
outlet:vocfm.co.za,case:98971ad6bd6b,reported,1,2026-06-24,2026-06-24
outlet:bolander_lifestyle,case:98971ad6bd6b,reported,1,2026-06-24,2026-06-24
case:6c1fb2c4a11a,species:elephant,involves,1,2026-06-24,2026-06-24
case:f11b69b1c2fa,species:elephant,involves,1,2026-06-24,2026-06-24
case:f11b69b1c2fa,commodity:elephant-tusks,seized,1,2026-06-24,2026-06-24
case:5b9fe62d00ed,species:wildlife_general,involves,1,2026-06-24,2026-06-24
outlet:el_destape,case:5b9fe62d00ed,reported,1,2026-06-24,2026-06-24
case:0ffbf1700bc9,species:wildlife_general,involves,1,2026-06-23,2026-06-23
case:1e9bc2d3d2a8,species:wildlife_general,involves,1,2026-06-23,2026-06-23
outlet:the_nation_newspaper,case:1e9bc2d3d2a8,reported,1,2026-06-23,2026-06-23
outlet:the_nation_newspaper,case:e901b0faa8ae,reported,1,2026-04-09,2026-04-09
case:06e65e8b2ac1,species:wildlife_general,involves,1,2026-06-23,2026-06-23
case:06e65e8b2ac1,location:belo_horizonte,occurred_at,1,2026-06-23,2026-06-23
location:belo_horizonte,location:minas_gerais,within,2,2024-06-20,2026-06-23
outlet:prefeitura_de_belo_horizonte,case:06e65e8b2ac1,reported,1,2026-06-23,2026-06-23
outlet:prefeitura_de_belo_horizonte,case:6ac01b617ce2,reported,1,2024-06-20,2024-06-20
case:1e1531e82b7c,species:wildlife_general,involves,1,2026-06-23,2026-06-23
outlet:alagoas_alerta,case:1e1531e82b7c,reported,1,2026-06-23,2026-06-23
case:9b04a2345d6b,species:wildlife_general,involves,1,2026-06-23,2026-06-23
case:fa358d7e0ec2,species:rhino,involves,1,2026-06-23,2026-06-23
outlet:sapeople,case:fa358d7e0ec2,reported,1,2026-06-23,2026-06-23
case:b30c92803793,species:wildlife_general,involves,1,2026-06-22,2026-06-22
outlet:anewz,case:b30c92803793,reported,1,2026-06-22,2026-06-22
case:53faf90bc3ba,species:wildlife_general,involves,1,2026-06-22,2026-06-22
outlet:fedagent,case:53faf90bc3ba,reported,1,2026-06-22,2026-06-22
case:0af96e04d745,species:wildlife_general,involves,1,2026-06-22,2026-06-22
outlet:lbc.co.uk,case:0af96e04d745,reported,1,2026-06-22,2026-06-22
case:702f1e85caec,species:turtles,involves,1,2026-06-22,2026-06-22
case:702f1e85caec,location:air_molek,occurred_at,1,2026-06-22,2026-06-22
case:702f1e85caec,commodity:turtles-gram,seized,1,2026-06-22,2026-06-22
location:air_molek,location:riau,within,1,2026-06-22,2026-06-22
outlet:indragirione.com,case:702f1e85caec,reported,1,2026-06-22,2026-06-22
case:914ad17b41c6,species:wildlife_general,involves,1,2026-06-22,2026-06-22
case:914ad17b41c6,location:kalimantan,occurred_at,1,2026-06-22,2026-06-22
case:26cdd7fd9b89,species:wildlife_general,involves,1,2026-06-22,2026-06-22
outlet:rci.fm,case:26cdd7fd9b89,reported,1,2026-06-22,2026-06-22
case:3426dd3ac8af,species:birds,involves,1,2026-06-22,2026-06-22
case:92d711866c8e,species:monitor_lizard,involves,1,2026-06-21,2026-06-21
case:64eb11ebabc5,species:elephant,involves,1,2026-06-21,2026-06-21
outlet:jornal_de_notícias,case:64eb11ebabc5,reported,1,2026-06-21,2026-06-21
case:b02b29622fb4,species:pangolin,involves,1,2026-06-20,2026-06-20
case:1b53bee9ae06,species:tiger,involves,1,2026-06-20,2026-06-20
case:1b53bee9ae06,location:nabarangpur,occurred_at,1,2026-06-20,2026-06-20
location:nabarangpur,location:odisha,within,3,2026-01-23,2026-06-20
case:54004b559dc0,species:primates,involves,1,2026-06-20,2026-06-20
case:54004b559dc0,location:chirang,occurred_at,1,2026-06-20,2026-06-20
location:chirang,location:assam,within,1,2026-06-20,2026-06-20
case:8b84d8c26b3a,species:wildlife_general,involves,1,2026-06-20,2026-06-20
case:8b84d8c26b3a,location:laos,occurred_at,1,2026-06-20,2026-06-20
case:8b84d8c26b3a,mode:online,via,1,2026-06-20,2026-06-20
case:5aac4cea962f,species:wildlife_general,involves,1,2026-06-20,2026-06-20
case:5aac4cea962f,location:assam,occurred_at,1,2026-06-20,2026-06-20
case:db175472a45e,species:elephant,involves,1,2026-06-20,2026-06-20
case:db175472a45e,species:pangolin,involves,1,2026-06-20,2026-06-20
case:db175472a45e,location:kinabatangan,occurred_at,1,2026-06-20,2026-06-20
case:db175472a45e,commodity:elephant-live,seized,1,2026-06-20,2026-06-20
case:db175472a45e,commodity:pangolin-live,seized,1,2026-06-20,2026-06-20
location:kinabatangan,location:sabah,within,1,2026-06-20,2026-06-20
outlet:borneo_post,case:db175472a45e,reported,1,2026-06-20,2026-06-20
case:1db9b92e7717,species:sandalwood,involves,1,2026-06-20,2026-06-20
case:1db9b92e7717,location:india,occurred_at,1,2026-06-20,2026-06-20
case:7979a84b495e,species:elephant,involves,1,2026-06-20,2026-06-20
case:7979a84b495e,species:pangolin,involves,1,2026-06-20,2026-06-20
case:7979a84b495e,location:malaysia,occurred_at,1,2026-06-20,2026-06-20
case:dd9b85806168,species:wildlife_general,involves,1,2026-06-20,2026-06-20
case:dd9b85806168,location:sevilla,occurred_at,1,2026-06-20,2026-06-20
location:sevilla,location:andalusia,within,1,2026-06-20,2026-06-20
outlet:abc,case:dd9b85806168,reported,1,2026-06-20,2026-06-20
case:23708c445f84,species:wild_boar,involves,1,2026-06-19,2026-06-19
case:c1888e63e012,species:turtles,involves,1,2026-06-19,2026-06-19
case:6a9ef75cbc91,species:turtles,involves,1,2026-06-19,2026-06-19
case:6a9ef75cbc91,location:bali,occurred_at,1,2026-06-19,2026-06-19
outlet:serambinews.com,case:6a9ef75cbc91,reported,1,2026-06-19,2026-06-19
outlet:radar_badung,case:6a9ef75cbc91,reported,1,2026-06-19,2026-06-19
case:987426c42a0f,species:rhino,involves,1,2026-06-19,2026-06-19
outlet:npa.gov.za,case:987426c42a0f,reported,1,2026-06-19,2026-06-19
case:e7ee56423e1e,species:rhino,involves,1,2026-06-18,2026-06-18
case:e7ee56423e1e,location:bānk,occurred_at,1,2026-06-18,2026-06-18
location:bānk,location:madhya_pradesh,within,1,2026-06-18,2026-06-18
outlet:the_witness_|_your_compass_in_the_community,case:e7ee56423e1e,reported,1,2026-06-18,2026-06-18
outlet:the_witness_|_your_compass_in_the_community,case:c4ae4f3adf77,reported,1,2026-05-28,2026-05-28
outlet:the_witness_|_your_compass_in_the_community,case:4ccfa84e2cbc,reported,1,2026-05-11,2026-05-11
outlet:the_witness_|_your_compass_in_the_community,case:d73e9b3624a9,reported,1,2026-05-01,2026-05-01
outlet:the_witness_|_your_compass_in_the_community,case:a26f6ae05662,reported,1,2026-02-09,2026-02-09
case:5674666ce539,species:birds,involves,1,2026-06-18,2026-06-18
case:5674666ce539,location:paraná,occurred_at,1,2026-06-18,2026-06-18
outlet:bem_paraná,case:5674666ce539,reported,1,2026-06-18,2026-06-18
outlet:portal_rsn,case:5674666ce539,reported,1,2026-06-18,2026-06-18
case:fc902f269fbc,species:rhino,involves,1,2026-06-18,2026-06-18
outlet:le_parisien,case:fc902f269fbc,reported,1,2026-06-18,2026-06-18
outlet:le_dauphiné_libéré,case:fc902f269fbc,reported,1,2026-06-18,2026-06-18
outlet:le_dauphiné_libéré,case:24b22e185bd0,reported,1,2026-06-08,2026-06-08
outlet:sud_ouest,case:fc902f269fbc,reported,1,2026-06-18,2026-06-18
outlet:sud_ouest,case:133e012b7ee5,reported,1,2026-03-12,2026-03-12
case:cfd060c8f132,species:rhino,involves,1,2026-06-18,2026-06-18
outlet:observador,case:cfd060c8f132,reported,1,2026-06-18,2026-06-18
case:dd4652a14c50,species:turtles,involves,1,2026-06-17,2026-06-17
case:dd4652a14c50,location:madikeri,occurred_at,1,2026-06-17,2026-06-17
location:madikeri,location:karnataka,within,1,2026-06-17,2026-06-17
case:17b397116714,species:elephant,involves,1,2026-06-17,2026-06-17
case:17b397116714,location:assam,occurred_at,1,2026-06-17,2026-06-17
outlet:prag_news,case:17b397116714,reported,1,2026-06-17,2026-06-17
case:988524970793,species:wildlife_general,involves,1,2026-06-17,2026-06-17
case:988524970793,location:hortolândia,occurred_at,1,2026-06-17,2026-06-17
case:988524970793,commodity:wildlife_general-nos,seized,1,2026-06-17,2026-06-17
location:hortolândia,location:são_paulo,within,2,2026-05-11,2026-06-17
outlet:tribuna_liberal,case:988524970793,reported,1,2026-06-17,2026-06-17
outlet:diário_de_suzano,case:988524970793,reported,1,2026-06-17,2026-06-17
case:7ce3ecedcb1d,species:wildlife_general,involves,1,2026-06-17,2026-06-17
case:7ce3ecedcb1d,location:manaus,occurred_at,1,2026-06-17,2026-06-17
location:manaus,location:amazonas,within,6,2025-12-01,2026-06-17
outlet:prefeitura_de_manaus,case:7ce3ecedcb1d,reported,1,2026-06-17,2026-06-17
outlet:prefeitura_de_manaus,case:870a5cbc6c55,reported,1,2026-05-12,2026-05-12
case:a4e9fc6f49e5,species:rhino,involves,1,2026-06-17,2026-06-17
case:a4e9fc6f49e5,location:polokwane,occurred_at,1,2026-06-17,2026-06-17
location:polokwane,location:limpopo,within,2,2026-03-11,2026-06-17
outlet:inside_metros,case:a4e9fc6f49e5,reported,1,2026-06-17,2026-06-17
outlet:limpopo_mirror,case:a4e9fc6f49e5,reported,1,2026-06-17,2026-06-17
outlet:ecr,case:a4e9fc6f49e5,reported,1,2026-06-17,2026-06-17
outlet:ecr,case:4ccfa84e2cbc,reported,1,2026-05-11,2026-05-11
outlet:mail_&_guardian,case:a4e9fc6f49e5,reported,1,2026-06-17,2026-06-17
outlet:mail_&_guardian,case:c5c952697fc4,reported,1,2025-12-17,2025-12-17
outlet:cape_town_etc,case:a4e9fc6f49e5,reported,1,2026-06-17,2026-06-17
outlet:cape_town_etc,case:914aaf6df1d7,reported,1,2026-06-11,2026-06-11
outlet:cape_town_etc,case:ff7b47ac9ac2,reported,1,2026-05-23,2026-05-23
case:15b042517fef,species:wildlife_general,involves,1,2026-06-17,2026-06-17
case:15b042517fef,location:gazipur,occurred_at,1,2026-06-17,2026-06-17
case:15b042517fef,commodity:wildlife_general-birds,seized,1,2026-06-17,2026-06-17
location:gazipur,location:dhaka_division,within,1,2026-06-17,2026-06-17
outlet:tbsnews.net,case:15b042517fef,reported,1,2026-06-17,2026-06-17
outlet:tbsnews.net,case:fb1c7317feda,reported,1,2026-06-06,2026-06-06
case:9177f1b6dc7f,species:elephant,involves,1,2026-06-17,2026-06-17
case:9e37ffd31dd7,species:birds,involves,1,2026-06-17,2026-06-17
case:9e37ffd31dd7,location:pucallpa,occurred_at,1,2026-06-17,2026-06-17
location:pucallpa,location:ucayali,within,2,2026-06-16,2026-06-17
outlet:agencia_andina,case:9e37ffd31dd7,reported,1,2026-06-17,2026-06-17
outlet:agencia_andina,case:0c6abdcd2e6b,reported,1,2026-06-11,2026-06-11
outlet:agencia_andina,case:fcde8e70a263,reported,1,2026-05-27,2026-05-27
case:c1d8acc36e6d,species:elephant,involves,1,2026-06-16,2026-06-16
case:c1d8acc36e6d,commodity:elephant-kg,seized,1,2026-06-16,2026-06-16
outlet:good_things_guy,case:c1d8acc36e6d,reported,1,2026-06-16,2026-06-16
case:ff39bb82dd02,species:wildlife_general,involves,1,2026-06-16,2026-06-16
case:8add6645fdfd,species:wildlife_general,involves,1,2026-06-16,2026-06-16
case:8add6645fdfd,location:walla_walla,occurred_at,1,2026-06-16,2026-06-16
location:walla_walla,location:washington,within,2,2026-02-03,2026-06-16
location:washington,location:district_of_columbia,within,3,2025-09-15,2025-11-16
outlet:elkhorn_media_group,case:8add6645fdfd,reported,1,2026-06-16,2026-06-16
outlet:elkhorn_media_group,case:711a6ffbc524,reported,1,2026-02-03,2026-02-03
case:649276cef5b2,species:turtles,involves,1,2026-06-16,2026-06-16
case:3869196969f0,species:shark_ray,involves,1,2026-06-16,2026-06-16
outlet:infonet,case:3869196969f0,reported,1,2026-06-16,2026-06-16
case:456b3d929999,species:birds,involves,1,2026-06-16,2026-06-16
case:456b3d929999,location:praia_grande,occurred_at,1,2026-06-16,2026-06-16
location:praia_grande,location:são_paulo,within,1,2026-06-16,2026-06-16
outlet:folha_pe,case:456b3d929999,reported,1,2026-06-16,2026-06-16
outlet:jornal_da_orla_de_santos,case:456b3d929999,reported,1,2026-06-16,2026-06-16
case:eb4ea5c77d4e,species:pangolin,involves,1,2026-06-16,2026-06-16
case:eb4ea5c77d4e,location:indonesia,occurred_at,1,2026-06-16,2026-06-16
case:bbad74295929,species:elephant,involves,1,2026-06-16,2026-06-16
case:bbad74295929,location:tanzania,occurred_at,1,2026-06-16,2026-06-16
case:bbad74295929,commodity:elephant-tusks,seized,1,2026-06-16,2026-06-16
case:4888b712b3fb,species:sandalwood,involves,1,2026-06-16,2026-06-16
case:4888b712b3fb,location:balrāmpur,occurred_at,1,2026-06-16,2026-06-16
case:0e4b1a6c4b7b,species:bear,involves,1,2026-06-16,2026-06-16
case:0e4b1a6c4b7b,location:pucallpa,occurred_at,1,2026-06-16,2026-06-16
case:b816e2cbc841,species:wildlife_general,involves,1,2026-06-15,2026-06-15
case:b816e2cbc841,location:manila,occurred_at,1,2026-06-15,2026-06-15
outlet:the_manila_times,case:b816e2cbc841,reported,1,2026-06-15,2026-06-15
outlet:the_manila_times,case:9aca2f99b67c,reported,1,2026-06-14,2026-06-14
case:11f34b2560de,species:wildlife_general,involves,1,2026-06-15,2026-06-15
outlet:brasil_247,case:11f34b2560de,reported,1,2026-06-15,2026-06-15
case:9447607bcb42,species:pangolin,involves,1,2026-06-15,2026-06-15
case:358edbb72ea8,species:pangolin,involves,1,2026-06-15,2026-06-15
case:358edbb72ea8,commodity:pangolin-kilogram,seized,1,2026-06-15,2026-06-15
outlet:dailyklik.id,case:358edbb72ea8,reported,1,2026-06-15,2026-06-15
outlet:divisi_humas_polri,case:358edbb72ea8,reported,1,2026-06-15,2026-06-15
outlet:divisi_humas_polri,case:69a50305933f,reported,1,2026-05-02,2026-05-02
outlet:rmolsumut.id,case:358edbb72ea8,reported,1,2026-06-15,2026-06-15
outlet:rmolsumut.id,case:69a50305933f,reported,1,2026-05-02,2026-05-02
case:338d8a6a54ae,species:turtles,involves,1,2026-06-15,2026-06-15
case:338d8a6a54ae,commodity:turtles-tortoises,seized,1,2026-06-15,2026-06-15
outlet:philippine_news_agency,case:338d8a6a54ae,reported,1,2026-06-15,2026-06-15
case:3732d7adb24b,species:turtles,involves,1,2026-06-15,2026-06-15
case:3732d7adb24b,commodity:turtles-tortoises,seized,1,2026-06-15,2026-06-15
agency:bureau_of_customs,case:3732d7adb24b,acted_in,1,2026-06-15,2026-06-15
agency:bureau_of_customs,case:09aabad356e1,acted_in,1,2026-06-14,2026-06-14
agency:bureau_of_customs,case:47abde080be7,acted_in,1,2025-02-06,2025-02-06
outlet:bureau_of_customs,case:3732d7adb24b,reported,1,2026-06-15,2026-06-15
outlet:bureau_of_customs,case:47abde080be7,reported,1,2025-02-06,2025-02-06
case:aa3947272646,species:elephant,involves,1,2026-06-15,2026-06-15
case:aa3947272646,location:lagos,occurred_at,1,2026-06-15,2026-06-15
case:aa3947272646,commodity:elephant-kg,seized,1,2026-06-15,2026-06-15
outlet:arise_news,case:aa3947272646,reported,1,2026-06-15,2026-06-15
outlet:arise_news,case:e40114acf70b,reported,1,2026-03-17,2026-03-17
outlet:arise_news,case:22b424bb1c93,reported,1,2025-12-11,2025-12-11
outlet:punch_newspapers,case:aa3947272646,reported,1,2026-06-15,2026-06-15
outlet:punch_newspapers,case:215e74ee88fb,reported,1,2026-04-10,2026-04-10
outlet:punch_newspapers,case:4e9de0e0ca22,reported,1,2026-03-31,2026-03-31
outlet:nigeria_maritime_news,case:aa3947272646,reported,1,2026-06-15,2026-06-15
outlet:business_post_nigeria,case:aa3947272646,reported,1,2026-06-15,2026-06-15
outlet:daily_trust,case:aa3947272646,reported,1,2026-06-15,2026-06-15
case:004f7475434f,species:wildlife_general,involves,1,2026-06-15,2026-06-15
case:004f7475434f,location:nigeria,occurred_at,1,2026-06-15,2026-06-15
outlet:realnews_magazine,case:004f7475434f,reported,1,2026-06-15,2026-06-15
outlet:realnews_magazine,case:0cf789138195,reported,1,2026-06-11,2026-06-11
outlet:realnews_magazine,case:55ee20d6116f,reported,1,2026-06-06,2026-06-06
case:6882d917bde8,species:turtles,involves,1,2026-06-14,2026-06-14
case:6882d917bde8,location:philippines,occurred_at,1,2026-06-14,2026-06-14
outlet:philstar.com,case:6882d917bde8,reported,1,2026-06-14,2026-06-14
outlet:philstar.com,case:31e166071957,reported,1,2025-11-27,2025-11-27
case:9aca2f99b67c,species:turtles,involves,1,2026-06-14,2026-06-14
case:9aca2f99b67c,location:manila,occurred_at,1,2026-06-14,2026-06-14
case:0f79e9514c66,species:wildlife_general,involves,1,2026-06-14,2026-06-14
case:0f79e9514c66,location:bangladesh,occurred_at,1,2026-06-14,2026-06-14
outlet:prothom_alo_english,case:0f79e9514c66,reported,1,2026-06-14,2026-06-14
case:09aabad356e1,species:turtles,involves,1,2026-06-14,2026-06-14
case:09aabad356e1,location:bangkok,occurred_at,1,2026-06-14,2026-06-14
case:09aabad356e1,mode:online,via,1,2026-06-14,2026-06-14
case:358325668e9e,species:rosewood,involves,1,2026-06-13,2026-06-13
outlet:wwbt,case:358325668e9e,reported,1,2026-06-13,2026-06-13
case:2765e27e82a8,species:elephant,involves,1,2026-06-13,2026-06-13
case:2765e27e82a8,location:mirzāpur,occurred_at,1,2026-06-13,2026-06-13
location:mirzāpur,location:uttar_pradesh,within,3,2026-02-28,2026-06-13
case:12178cfcfb66,species:elephant,involves,1,2026-06-12,2026-06-12
case:12178cfcfb66,location:mangaluru,occurred_at,1,2026-06-12,2026-06-12
case:12178cfcfb66,commodity:elephant-tusks,seized,1,2026-06-12,2026-06-12
location:mangaluru,location:karnataka,within,2,2026-05-04,2026-06-12
outlet:mangalore_today,case:12178cfcfb66,reported,1,2026-06-12,2026-06-12
outlet:mangalore_today,case:0e739bb8815c,reported,1,2026-05-04,2026-05-04
case:28c379d92630,species:wildlife_general,involves,1,2026-06-12,2026-06-12
case:690b8e30882c,species:wildlife_general,involves,1,2026-06-12,2026-06-12
case:690b8e30882c,location:malawi,occurred_at,1,2026-06-12,2026-06-12
case:f7a0be869418,species:wildlife_general,involves,1,2026-06-12,2026-06-12
case:f7a0be869418,location:dubai,occurred_at,1,2026-06-12,2026-06-12
case:f7a0be869418,mode:air,via,1,2026-06-12,2026-06-12
location:dubai,location:uttar_pradesh,within,4,2025-02-03,2026-06-12
outlet:wam.ae,case:f7a0be869418,reported,1,2026-06-12,2026-06-12
outlet:wam.ae,case:b1544a1400a5,reported,1,2026-05-14,2026-05-14
case:7c76fa650e5e,species:shark_ray,involves,1,2026-06-12,2026-06-12
case:7c76fa650e5e,location:guayaquil,occurred_at,1,2026-06-12,2026-06-12
case:823bc1849a00,species:elephant,involves,1,2026-06-12,2026-06-12
case:0b4e3815ae6a,species:totoaba,involves,1,2026-06-11,2026-06-11
case:0b4e3815ae6a,location:hong_kong,occurred_at,1,2026-06-11,2026-06-11
outlet:hong_kong_customs_and_excise_department,case:0b4e3815ae6a,reported,1,2026-06-11,2026-06-11
outlet:info.gov.hk,case:0b4e3815ae6a,reported,1,2026-06-11,2026-06-11
case:914aaf6df1d7,species:abalone,involves,1,2026-06-11,2026-06-11
case:914aaf6df1d7,location:cape_town,occurred_at,1,2026-06-11,2026-06-11
outlet:sabc_news,case:914aaf6df1d7,reported,1,2026-06-11,2026-06-11
outlet:sabc_news,case:bda0efede9e1,reported,1,2026-03-26,2026-03-26
outlet:sabc_news,case:82fe0fcb0b8b,reported,1,2024-09-16,2024-09-16
case:0cf789138195,species:wildlife_general,involves,1,2026-06-11,2026-06-11
case:0cf789138195,location:vienna,occurred_at,1,2026-06-11,2026-06-11
outlet:independent_corrupt_practices_and_other_related_offences_commission,case:0cf789138195,reported,1,2026-06-11,2026-06-11
case:2e9b86d34a4a,species:wildlife_general,involves,1,2026-06-11,2026-06-11
case:3d74d28a553b,species:sandalwood,involves,1,2026-06-11,2026-06-11
case:3d74d28a553b,location:bengaluru,occurred_at,1,2026-06-11,2026-06-11
case:037210fde725,species:elephant,involves,1,2026-06-11,2026-06-11
case:037210fde725,location:marsabit,occurred_at,1,2026-06-11,2026-06-11
case:037210fde725,commodity:elephant-kg,seized,1,2026-06-11,2026-06-11
location:marsabit,location:marsabit_county,within,1,2026-06-11,2026-06-11
outlet:citizen_digital,case:037210fde725,reported,1,2026-06-11,2026-06-11
outlet:citizen_digital,case:e6b7db65c15e,reported,1,2025-09-16,2025-09-16
case:e7110dc1c64f,species:birds,involves,1,2026-06-11,2026-06-11
case:ce0fae65a982,species:birds,involves,1,2026-06-11,2026-06-11
case:0c6abdcd2e6b,species:birds,involves,1,2026-06-11,2026-06-11
case:3c1df1b7f366,species:pangolin,involves,1,2026-06-10,2026-06-10
case:3c1df1b7f366,location:south_africa,occurred_at,1,2026-06-10,2026-06-10
case:6d58dfb4c77c,species:shark_ray,involves,1,2026-06-10,2026-06-10
case:6d58dfb4c77c,location:guinea,occurred_at,1,2026-06-10,2026-06-10
case:c603dd920a7d,species:turtles,involves,1,2026-06-10,2026-06-10
case:c603dd920a7d,location:goiás,occurred_at,1,2026-06-10,2026-06-10
outlet:jornal_opção,case:c603dd920a7d,reported,1,2026-06-10,2026-06-10
case:22dd25ad7c58,species:elephant,involves,1,2026-06-10,2026-06-10
case:22dd25ad7c58,location:mirzāpur,occurred_at,1,2026-06-10,2026-06-10
case:0af4d2082a61,species:red_sanders,involves,1,2026-06-10,2026-06-10
case:0af4d2082a61,commodity:red_sanders-logs,seized,1,2026-06-10,2026-06-10
case:cf40590bd0eb,species:turtles,involves,1,2026-06-10,2026-06-10
case:cf40590bd0eb,location:france,occurred_at,1,2026-06-10,2026-06-10
case:a10c0a908972,species:turtles,involves,1,2026-06-10,2026-06-10
outlet:ionnews,case:a10c0a908972,reported,1,2026-06-10,2026-06-10
case:ce4e1e2f00ff,species:shark_ray,involves,1,2026-06-10,2026-06-10
case:ce4e1e2f00ff,location:conakry,occurred_at,1,2026-06-10,2026-06-10
outlet:guineematin.com,case:ce4e1e2f00ff,reported,1,2026-06-10,2026-06-10
case:49280364da10,species:wildlife_general,involves,1,2026-06-10,2026-06-10
case:49280364da10,location:piura,occurred_at,1,2026-06-10,2026-06-10
outlet:inforegion.pe,case:49280364da10,reported,1,2026-06-10,2026-06-10
outlet:inforegion.pe,case:4f1c4b50fc59,reported,1,2026-04-13,2026-04-13
outlet:inforegion.pe,case:74e0cf1fae46,reported,1,2026-04-07,2026-04-07
outlet:inforegion.pe,case:e2ef478845ca,reported,1,2026-03-24,2026-03-24
outlet:inforegion.pe,case:1e030b9041b9,reported,1,2026-03-02,2026-03-02
outlet:inforegion.pe,case:122534f5296e,reported,1,2026-02-05,2026-02-05
outlet:inforegion.pe,case:22c192157dfc,reported,1,2024-03-13,2024-03-13
case:51040ac96c10,species:primates,involves,1,2026-06-09,2026-06-09
case:51040ac96c10,location:kuala_lumpur,occurred_at,1,2026-06-09,2026-06-09
case:51040ac96c10,commodity:primates-live,seized,1,2026-06-09,2026-06-09
outlet:world_of_buzz,case:51040ac96c10,reported,1,2026-06-09,2026-06-09
case:78969d70361c,species:pangolin,involves,1,2026-06-09,2026-06-09
case:78969d70361c,commodity:pangolin-kg,seized,1,2026-06-09,2026-06-09
outlet:allafrica.com,case:78969d70361c,reported,1,2026-06-09,2026-06-09
case:b10f41e2361c,species:turtles,involves,1,2026-06-09,2026-06-09
outlet:ici.fr,case:b10f41e2361c,reported,1,2026-06-09,2026-06-09
outlet:ici.fr,case:133e012b7ee5,reported,1,2026-03-12,2026-03-12
outlet:ici.fr,case:64030aa2eb14,reported,1,2026-01-15,2026-01-15
case:eaaffe1b2ea0,species:elephant,involves,1,2026-06-09,2026-06-09
outlet:burkina24.com,case:eaaffe1b2ea0,reported,1,2026-06-09,2026-06-09
case:cd047db3ef16,species:elephant,involves,1,2026-06-08,2026-06-08
case:cd047db3ef16,location:tanzania,occurred_at,1,2026-06-08,2026-06-08
case:3fcbaae146cd,species:wildlife_general,involves,1,2026-06-08,2026-06-08
case:3fcbaae146cd,location:asia,occurred_at,1,2026-06-08,2026-06-08
location:asia,location:western_visayas,within,5,2025-06-25,2026-06-08
outlet:asia_news_network,case:3fcbaae146cd,reported,1,2026-06-08,2026-06-08
outlet:asia_news_network,case:d3ae6a2ff5ed,reported,1,2025-10-20,2025-10-20
outlet:asia_news_network,case:d3474bdb2898,reported,1,2025-06-25,2025-06-25
case:be63b4823344,species:wildlife_general,involves,1,2026-06-08,2026-06-08
outlet:abc_news_&_headlines_–_australian_broadcasting_corporation,case:be63b4823344,reported,1,2026-06-08,2026-06-08
outlet:abc_news_&_headlines_–_australian_broadcasting_corporation,case:e7ff25695c8d,reported,1,2026-01-26,2026-01-26
outlet:abc_news_&_headlines_–_australian_broadcasting_corporation,case:754d6815487b,reported,1,2025-09-16,2025-09-16
case:d09e04f25eea,species:wildlife_general,involves,1,2026-06-08,2026-06-08
case:d09e04f25eea,location:jomo_kenyatta,occurred_at,1,2026-06-08,2026-06-08
location:jomo_kenyatta,location:nairobi,within,2,2026-02-19,2026-06-08
outlet:standardmedia.co.ke,case:d09e04f25eea,reported,1,2026-06-08,2026-06-08
outlet:standardmedia.co.ke,case:7d943321a960,reported,1,2026-01-28,2026-01-28
case:62700debaa37,species:shark_ray,involves,1,2026-06-08,2026-06-08
outlet:environment_coastal_&_offshore,case:62700debaa37,reported,1,2026-06-08,2026-06-08
case:24b22e185bd0,species:turtles,involves,1,2026-06-08,2026-06-08
case:377b03c434a2,species:sand_boa,involves,1,2026-06-07,2026-06-07
case:377b03c434a2,location:narmadapuram,occurred_at,1,2026-06-07,2026-06-07
location:narmadapuram,location:madhya_pradesh,within,1,2026-06-07,2026-06-07
case:df8c3c0fe1e7,species:leopard,involves,1,2026-06-07,2026-06-07
case:df8c3c0fe1e7,location:ganjām,occurred_at,1,2026-06-07,2026-06-07
case:df8c3c0fe1e7,commodity:leopard-skins,seized,1,2026-06-07,2026-06-07
location:ganjām,location:odisha,within,2,2026-05-16,2026-06-07
outlet:odishabarta.com,case:df8c3c0fe1e7,reported,1,2026-06-07,2026-06-07
outlet:odishabarta.com,case:257a18c99e71,reported,1,2026-05-16,2026-05-16
case:cf475a6a7ae0,species:rosewood,involves,1,2026-06-07,2026-06-07
case:cf475a6a7ae0,location:puebla,occurred_at,1,2026-06-07,2026-06-07
case:f6eb6199cbca,species:leopard,involves,1,2026-06-06,2026-06-06
case:f6eb6199cbca,location:rayagada,occurred_at,1,2026-06-06,2026-06-06
location:rayagada,location:odisha,within,2,2026-06-06,2026-06-06
case:0f678c808ce3,species:tiger,involves,1,2026-06-06,2026-06-06
case:0f678c808ce3,location:rayagada,occurred_at,1,2026-06-06,2026-06-06
case:55ee20d6116f,species:wildlife_general,involves,1,2026-06-06,2026-06-06
case:fb1c7317feda,species:primates,involves,1,2026-06-06,2026-06-06
case:f74d5ca1c65a,species:sand_boa,involves,1,2026-06-06,2026-06-06
outlet:bhaskar_english,case:f74d5ca1c65a,reported,1,2026-06-06,2026-06-06
outlet:bhaskar_english,case:11e88909f584,reported,1,2026-04-03,2026-04-03
outlet:bhaskar_english,case:aa5938cc4185,reported,1,2026-01-06,2026-01-06
outlet:bhaskar_english,case:a1f0fbc38147,reported,1,2025-11-19,2025-11-19
outlet:bhaskar_english,case:9dec08c09a96,reported,1,2025-10-20,2025-10-20
outlet:bhaskar_english,case:c82f9900d6b3,reported,1,2025-10-05,2025-10-05
outlet:bhaskar_english,case:f74b4bdfb8c2,reported,1,2025-05-08,2025-05-08
case:33a1e7cfb7bc,species:sand_boa,involves,1,2026-06-06,2026-06-06
case:33a1e7cfb7bc,location:lakhnā,occurred_at,1,2026-06-06,2026-06-06
location:lakhnā,location:uttar_pradesh,within,1,2026-06-06,2026-06-06
case:854cef93baee,species:birds,involves,1,2026-06-06,2026-06-06
case:854cef93baee,location:santa_maria,occurred_at,1,2026-06-06,2026-06-06
case:c004d4a9226f,species:pangolin,involves,1,2026-06-05,2026-06-05
case:b53dd982efe4,species:turtles,involves,1,2026-06-05,2026-06-05
case:b53dd982efe4,location:bengaluru,occurred_at,1,2026-06-05,2026-06-05
case:bb7f4b49499f,species:wildlife_general,involves,1,2026-06-05,2026-06-05
case:bb7f4b49499f,location:united_arab_emirates,occurred_at,1,2026-06-05,2026-06-05
case:9e827163d6f2,species:pangolin,involves,1,2026-06-05,2026-06-05
case:d4bd10910dc0,species:wildlife_general,involves,1,2026-06-05,2026-06-05
case:d4bd10910dc0,location:cambodia,occurred_at,1,2026-06-05,2026-06-05
outlet:phnompenhpost.com,case:d4bd10910dc0,reported,1,2026-06-05,2026-06-05
case:3e5539e5de92,species:pangolin,involves,1,2026-06-05,2026-06-05
case:59600fb8f6c3,species:monitor_lizard,involves,1,2026-06-04,2026-06-04
case:59600fb8f6c3,location:kollegāl,occurred_at,1,2026-06-04,2026-06-04
location:kollegāl,location:karnataka,within,1,2026-06-04,2026-06-04
case:36f387730280,species:wildlife_general,involves,1,2026-06-04,2026-06-04
case:36f387730280,location:bengaluru,occurred_at,1,2026-06-04,2026-06-04
outlet:medical_dialogues,case:36f387730280,reported,1,2026-06-04,2026-06-04
case:c844e418526e,species:wildlife_general,involves,1,2026-06-04,2026-06-04
case:c844e418526e,location:indonesia,occurred_at,1,2026-06-04,2026-06-04
case:12e287152504,species:birds,involves,1,2026-06-04,2026-06-04
case:12e287152504,location:sobradinho,occurred_at,1,2026-06-04,2026-06-04
location:sobradinho,location:federal_district,within,2,2026-02-07,2026-06-04
outlet:pm_df,case:12e287152504,reported,2,2026-06-04,2026-06-04
outlet:pm_df,case:f931a2424597,reported,1,2026-02-07,2026-02-07
outlet:polícia_militar_do_distrito_federal,case:12e287152504,reported,3,2026-06-04,2026-06-04
outlet:polícia_militar_do_distrito_federal,case:7376ec46268a,reported,2,2026-05-21,2026-05-21
outlet:polícia_militar_do_distrito_federal,case:0b0f33721c11,reported,1,2026-05-20,2026-05-20
outlet:polícia_militar_do_distrito_federal,case:b4945bc9bb8f,reported,1,2026-05-05,2026-05-05
outlet:polícia_militar_do_distrito_federal,case:454d07f2554f,reported,1,2026-01-10,2026-01-10
outlet:polícia_militar_do_distrito_federal,case:c142850a205d,reported,1,2025-08-08,2025-08-08
outlet:polícia_militar_do_distrito_federal,case:0c9967ead6e8,reported,1,2025-07-14,2025-07-14
case:8ef446b07de5,species:elephant,involves,1,2026-06-03,2026-06-03
outlet:millenniumpost,case:8ef446b07de5,reported,1,2026-06-03,2026-06-03
outlet:millenniumpost,case:fc7a439782d9,reported,1,2026-05-29,2026-05-29
outlet:millenniumpost,case:e1bba5713961,reported,1,2026-02-16,2026-02-16
case:fababe4b6c93,species:pangolin,involves,1,2026-06-03,2026-06-03
outlet:leadership_newspapers,case:fababe4b6c93,reported,1,2026-06-03,2026-06-03
case:9016e3745d39,species:wildlife_general,involves,1,2026-06-03,2026-06-03
outlet:acritica.com,case:9016e3745d39,reported,1,2026-06-03,2026-06-03
outlet:acritica.com,case:d8b7728dedd8,reported,1,2026-04-10,2026-04-10
outlet:acritica.com,case:db49100e76b4,reported,1,2024-07-04,2024-07-04
case:f1cd001ce7b9,species:wildlife_general,involves,1,2026-06-03,2026-06-03
outlet:corantioquia,case:f1cd001ce7b9,reported,1,2026-06-03,2026-06-03
case:3d2710cea2b6,species:elephant,involves,1,2026-06-03,2026-06-03
case:4b7f80c94c31,species:leopard,involves,1,2026-06-03,2026-06-03
case:4b7f80c94c31,location:surat,occurred_at,1,2026-06-03,2026-06-03
case:973e957dfaa1,species:birds,involves,1,2026-06-03,2026-06-03
case:973e957dfaa1,location:parnamirim,occurred_at,1,2026-06-03,2026-06-03
location:parnamirim,location:rio_grande_do_norte,within,1,2026-06-03,2026-06-03
outlet:edenevaldo_alves,case:973e957dfaa1,reported,1,2026-06-03,2026-06-03
case:01f91ec99f09,species:elephant,involves,1,2026-06-03,2026-06-03
outlet:africtelegraph,case:01f91ec99f09,reported,1,2026-06-03,2026-06-03
case:462aebd1ae5a,species:birds,involves,1,2026-06-02,2026-06-02
case:a353344d8ee9,species:wildlife_general,involves,1,2026-06-02,2026-06-02
case:a353344d8ee9,location:nigeria,occurred_at,1,2026-06-02,2026-06-02
case:a353344d8ee9,commodity:wildlife_general-parrots,seized,1,2026-06-02,2026-06-02
case:7ec989c5f1dd,species:eels,involves,1,2026-06-02,2026-06-02
outlet:ctv_news,case:7ec989c5f1dd,reported,1,2026-06-02,2026-06-02
outlet:ctv_news,case:436db94d126b,reported,1,2026-04-30,2026-04-30
outlet:ctv_news,case:fe7bc7510f94,reported,1,2025-11-16,2025-11-16
case:c3d1d04d3755,species:turtles,involves,1,2026-06-02,2026-06-02
outlet:linfo.re,case:c3d1d04d3755,reported,1,2026-06-02,2026-06-02
outlet:linfo.re,case:495af8d381b2,reported,1,2025-11-10,2025-11-10
case:cdd06ee4662d,species:musk_deer,involves,1,2026-06-01,2026-06-01
outlet:kashmir_life,case:cdd06ee4662d,reported,1,2026-06-01,2026-06-01
outlet:kashmir_convener,case:cdd06ee4662d,reported,1,2026-06-01,2026-06-01
case:ef141f7d0b93,species:wildlife_general,involves,1,2026-05-30,2026-05-30
case:ef141f7d0b93,location:ethiopia,occurred_at,1,2026-05-30,2026-05-30
outlet:the_reporter_ethiopia,case:ef141f7d0b93,reported,1,2026-05-30,2026-05-30
case:b410f15f191e,species:wildlife_general,involves,1,2026-05-30,2026-05-30
case:b410f15f191e,location:bekasi,occurred_at,1,2026-05-30,2026-05-30
location:bekasi,location:west_java,within,2,2026-01-29,2026-05-30
case:30b1c19d86be,species:turtles,involves,1,2026-05-30,2026-05-30
case:30b1c19d86be,mode:online,via,1,2026-05-30,2026-05-30
outlet:mdz_online,case:30b1c19d86be,reported,1,2026-05-30,2026-05-30
case:c06735663aa4,species:wildlife_general,involves,1,2026-05-29,2026-05-29
outlet:pbs,case:c06735663aa4,reported,1,2026-05-29,2026-05-29
case:5dc932c9d613,species:birds,involves,1,2026-05-29,2026-05-29
case:5dc932c9d613,species:turtles,involves,1,2026-05-29,2026-05-29
case:5dc932c9d613,location:manaus,occurred_at,1,2026-05-29,2026-05-29
outlet:d24am,case:5dc932c9d613,reported,1,2026-05-29,2026-05-29
outlet:d24am,case:d8b7728dedd8,reported,1,2026-04-10,2026-04-10
outlet:d24am,case:c26797d510f1,reported,1,2025-10-09,2025-10-09
outlet:a_crítica,case:5dc932c9d613,reported,1,2026-05-29,2026-05-29
outlet:emtempo.com.br,case:5dc932c9d613,reported,1,2026-05-29,2026-05-29
case:a2a1992aff9f,species:rosewood,involves,1,2026-05-29,2026-05-29
case:a2a1992aff9f,location:zipaquirá,occurred_at,1,2026-05-29,2026-05-29
location:zipaquirá,location:cundinamarca,within,1,2026-05-29,2026-05-29
outlet:extrategia_medios,case:a2a1992aff9f,reported,1,2026-05-29,2026-05-29
case:fc7a439782d9,species:elephant,involves,1,2026-05-29,2026-05-29
case:723b6b741969,species:rhino,involves,1,2026-05-29,2026-05-29
case:009a67bb3b84,species:rhino,involves,1,2026-05-29,2026-05-29
case:009a67bb3b84,location:orange,occurred_at,1,2026-05-29,2026-05-29
location:orange,location:california,within,1,2026-05-29,2026-05-29
case:16d9a8fdc651,species:pangolin,involves,1,2026-05-29,2026-05-29
case:fa494b48edc6,species:wildlife_general,involves,1,2026-05-29,2026-05-29
outlet:stopblablacam,case:fa494b48edc6,reported,1,2026-05-29,2026-05-29
outlet:stopblablacam,case:541d6349eeb3,reported,1,2025-12-23,2025-12-23
case:c4ae4f3adf77,species:pangolin,involves,1,2026-05-28,2026-05-28
case:26aa04098e28,species:shark_ray,involves,1,2026-05-28,2026-05-28
case:3272fe36f582,species:rosewood,involves,1,2026-05-28,2026-05-28
case:3272fe36f582,location:rolim_de_moura,occurred_at,1,2026-05-28,2026-05-28
location:rolim_de_moura,location:rondônia,within,1,2026-05-28,2026-05-28
outlet:polícia_militar_do_estado_de_rondônia,case:3272fe36f582,reported,1,2026-05-28,2026-05-28
outlet:polícia_militar_do_estado_de_rondônia,case:f0e731c53b7d,reported,1,2026-04-30,2026-04-30
outlet:polícia_militar_do_estado_de_rondônia,case:43c70fb71254,reported,1,2026-04-25,2026-04-25
outlet:polícia_militar_do_estado_de_rondônia,case:0cc64c1dc472,reported,1,2026-03-30,2026-03-30
outlet:polícia_militar_do_estado_de_rondônia,case:3c5f3b8b5043,reported,1,2025-06-06,2025-06-06
outlet:polícia_militar_do_estado_de_rondônia,case:a1439e6eba49,reported,1,2025-04-03,2025-04-03
case:2efcd4666f23,species:turtles,involves,1,2026-05-28,2026-05-28
case:2efcd4666f23,mode:online,via,1,2026-05-28,2026-05-28
outlet:eldoce.tv,case:2efcd4666f23,reported,1,2026-05-28,2026-05-28
case:919e270376b2,species:wildlife_general,involves,1,2026-05-28,2026-05-28
case:919e270376b2,mode:online,via,1,2026-05-28,2026-05-28
outlet:la_voz_del_interior,case:919e270376b2,reported,1,2026-05-28,2026-05-28
case:07a491d5a32b,species:elephant,involves,1,2026-05-27,2026-05-27
case:07a491d5a32b,location:nagpur,occurred_at,1,2026-05-27,2026-05-27
case:2aec2e5029e8,species:elephant,involves,1,2026-05-27,2026-05-27
case:b9057b87ca68,species:wildlife_general,involves,1,2026-05-27,2026-05-27
case:b9057b87ca68,location:lima,occurred_at,1,2026-05-27,2026-05-27
location:lima,location:lima_province,within,2,2025-10-27,2026-05-27
outlet:tribratanews_polda_lampung,case:b9057b87ca68,reported,1,2026-05-27,2026-05-27
case:aedbdf9959e6,species:elephant,involves,1,2026-05-27,2026-05-27
case:aedbdf9959e6,location:karnataka,occurred_at,1,2026-05-27,2026-05-27
case:3514948b01dc,species:elephant,involves,1,2026-05-27,2026-05-27
case:3514948b01dc,location:mysuru,occurred_at,1,2026-05-27,2026-05-27
case:d24bfc34cd93,species:pangolin,involves,1,2026-05-27,2026-05-27
case:d24bfc34cd93,species:tiger,involves,1,2026-05-27,2026-05-27
case:d24bfc34cd93,location:nakhon_phanom,occurred_at,1,2026-05-27,2026-05-27
case:fcde8e70a263,species:rosewood,involves,1,2026-05-27,2026-05-27
case:d6ba3fa0606d,species:wildlife_general,involves,1,2026-05-26,2026-05-26
outlet:business_today,case:d6ba3fa0606d,reported,1,2026-05-26,2026-05-26
case:52585e498f9b,species:wildlife_general,involves,1,2026-05-26,2026-05-26
case:52585e498f9b,location:argentina,occurred_at,1,2026-05-26,2026-05-26
outlet:face2face_africa,case:52585e498f9b,reported,1,2026-05-26,2026-05-26
case:bbb61d0829ff,species:pangolin,involves,1,2026-05-26,2026-05-26
case:bbb61d0829ff,location:binatang,occurred_at,1,2026-05-26,2026-05-26
location:binatang,location:sarawak,within,1,2026-05-26,2026-05-26
outlet:focus_taiwan,case:bbb61d0829ff,reported,1,2026-05-26,2026-05-26
case:7508828f988d,species:shark_ray,involves,1,2026-05-26,2026-05-26
case:7508828f988d,location:conakry,occurred_at,1,2026-05-26,2026-05-26
outlet:mosaiqueguinee.com,case:7508828f988d,reported,1,2026-05-26,2026-05-26
case:d2e2360b075e,species:wildlife_general,involves,1,2026-05-26,2026-05-26
case:fea952414fd3,species:birds,involves,1,2026-05-26,2026-05-26
case:fea952414fd3,location:guarabira,occurred_at,1,2026-05-26,2026-05-26
location:guarabira,location:paraíba,within,1,2026-05-26,2026-05-26
outlet:clickpb,case:fea952414fd3,reported,1,2026-05-26,2026-05-26
outlet:clickpb,case:e9f8672d23b3,reported,1,2026-03-03,2026-03-03
outlet:clickpb,case:c894c6718f5d,reported,1,2025-12-16,2025-12-16
case:0c831e15a14e,species:wildlife_general,involves,1,2026-05-25,2026-05-25
case:0c831e15a14e,mode:online,via,1,2026-05-25,2026-05-25
outlet:the_association_for_the_advancement_of_artificial_intelligence,case:0c831e15a14e,reported,1,2026-05-25,2026-05-25
case:b3498328118d,species:shark_ray,involves,1,2026-05-25,2026-05-25
case:b3498328118d,location:makassar,occurred_at,1,2026-05-25,2026-05-25
outlet:idn_times_sulsel,case:b3498328118d,reported,1,2026-05-25,2026-05-25
case:0d41c6514bc9,species:birds,involves,1,2026-05-25,2026-05-25
case:0d41c6514bc9,location:india,occurred_at,1,2026-05-25,2026-05-25
case:0e5510e3a5c2,species:rosewood,involves,1,2026-05-25,2026-05-25
case:0e5510e3a5c2,location:picos,occurred_at,1,2026-05-25,2026-05-25
location:picos,location:piauí,within,2,2026-04-10,2026-05-25
outlet:portal_grande_picos,case:0e5510e3a5c2,reported,1,2026-05-25,2026-05-25
case:f0a1a7c655ff,species:abalone,involves,1,2026-05-24,2026-05-24
case:2930415eb79b,species:wildlife_general,involves,1,2026-05-24,2026-05-24
case:2930415eb79b,location:guwahati,occurred_at,1,2026-05-24,2026-05-24
case:2930415eb79b,commodity:wildlife_general-live,seized,1,2026-05-24,2026-05-24
location:guwahati,location:assam,within,4,2024-12-11,2026-05-24
case:3fc0f7465e75,species:pangolin,involves,1,2026-05-24,2026-05-24
case:3fc0f7465e75,location:indonesia,occurred_at,1,2026-05-24,2026-05-24
case:3fc0f7465e75,commodity:pangolin-ton,seized,1,2026-05-24,2026-05-24
outlet:media_indonesia,case:3fc0f7465e75,reported,1,2026-05-24,2026-05-24
outlet:media_indonesia,case:c7ffc342ff0c,reported,1,2025-06-29,2025-06-29
outlet:en.antaranews.com,case:3fc0f7465e75,reported,1,2026-05-24,2026-05-24
outlet:en.antaranews.com,case:de5a4234cf63,reported,1,2026-02-09,2026-02-09
outlet:tempo.co,case:3fc0f7465e75,reported,1,2026-05-24,2026-05-24
outlet:tempo.co,case:74398a5eb1ef,reported,1,2026-03-06,2026-03-06
outlet:tempo.co,case:96d687c3f940,reported,1,2024-08-27,2024-08-27
case:c3fdf1687d0b,species:sandalwood,involves,1,2026-05-24,2026-05-24
case:c3fdf1687d0b,location:tirupattur,occurred_at,1,2026-05-24,2026-05-24
location:tirupattur,location:tamil_nadu,within,1,2026-05-24,2026-05-24
case:5fff71a1efd9,species:birds,involves,1,2026-05-24,2026-05-24
case:f40a8a1ba5db,species:tokay_gecko,involves,1,2026-05-23,2026-05-23
case:f40a8a1ba5db,location:guwahati,occurred_at,1,2026-05-23,2026-05-23
case:f40a8a1ba5db,commodity:tokay_gecko-geckos,seized,1,2026-05-23,2026-05-23
outlet:ubwire,case:f40a8a1ba5db,reported,1,2026-05-23,2026-05-23
case:ff7b47ac9ac2,species:abalone,involves,1,2026-05-23,2026-05-23
case:ff7b47ac9ac2,location:cape_town,occurred_at,1,2026-05-23,2026-05-23
case:ffa2a53a7bb5,species:wildlife_general,involves,1,2026-05-23,2026-05-23
case:ffa2a53a7bb5,location:baghpat,occurred_at,1,2026-05-23,2026-05-23
location:baghpat,location:uttar_pradesh,within,2,2026-04-06,2026-05-23
case:6b43a0e1fb7d,species:turtles,involves,1,2026-05-23,2026-05-23
case:fba7726debca,species:elephant,involves,1,2026-05-22,2026-05-22
case:fba7726debca,location:zambia,occurred_at,1,2026-05-22,2026-05-22
case:fba7726debca,commodity:elephant-kg,seized,1,2026-05-22,2026-05-22
case:86988f51e56f,species:elephant,involves,1,2026-05-22,2026-05-22
outlet:pháp_luật_plus,case:86988f51e56f,reported,1,2026-05-22,2026-05-22
outlet:báo_đại_đoàn_kết,case:86988f51e56f,reported,1,2026-05-22,2026-05-22
outlet:cổng_thông_tin_điện_tử_bộ_công_an,case:86988f51e56f,reported,2,2026-05-22,2026-05-22
case:302b76082897,species:sandalwood,involves,1,2026-05-22,2026-05-22
case:302b76082897,location:pakur,occurred_at,1,2026-05-22,2026-05-22
location:pakur,location:jharkhand,within,1,2026-05-22,2026-05-22
case:287f53c4a936,species:turtles,involves,1,2026-05-22,2026-05-22
case:287f53c4a936,location:bangkok,occurred_at,1,2026-05-22,2026-05-22
outlet:liputan6.com,case:287f53c4a936,reported,1,2026-05-22,2026-05-22
outlet:liputan6.com,case:d49613eb5496,reported,1,2025-12-13,2025-12-13
case:c1a4e1999b16,species:tiger,involves,1,2026-05-22,2026-05-22
case:c1a4e1999b16,location:bali,occurred_at,1,2026-05-22,2026-05-22
outlet:antara_news_bali,case:c1a4e1999b16,reported,1,2026-05-22,2026-05-22
case:e6404996d440,species:pangolin,involves,1,2026-05-22,2026-05-22
case:e6404996d440,species:rhino,involves,1,2026-05-22,2026-05-22
case:e6404996d440,mode:online,via,1,2026-05-22,2026-05-22
outlet:science_et_vie,case:e6404996d440,reported,1,2026-05-22,2026-05-22
case:f4db630dd313,species:wildlife_general,involves,1,2026-05-22,2026-05-22
outlet:ecuavisa.com,case:f4db630dd313,reported,1,2026-05-22,2026-05-22
case:f11266b0eeaf,species:tiger,involves,1,2026-05-21,2026-05-21
case:f11266b0eeaf,location:odisha,occurred_at,1,2026-05-21,2026-05-21
case:cf86f7e6d871,species:turtles,involves,1,2026-05-21,2026-05-21
case:cf86f7e6d871,location:pune,occurred_at,1,2026-05-21,2026-05-21
case:cf86f7e6d871,commodity:turtles-tortoises,seized,1,2026-05-21,2026-05-21
case:d0359ceedff7,species:birds,involves,1,2026-05-21,2026-05-21
case:d0359ceedff7,location:porto_alegre,occurred_at,1,2026-05-21,2026-05-21
location:porto_alegre,location:rio_grande_do_sul,within,2,2026-02-12,2026-05-21
case:7376ec46268a,species:wildlife_general,involves,1,2026-05-21,2026-05-21
case:7376ec46268a,location:são_sebastião,occurred_at,1,2026-05-21,2026-05-21
location:são_sebastião,location:federal_district,within,1,2026-05-21,2026-05-21
case:45a941f4baa3,species:hornbill,involves,1,2026-05-21,2026-05-21
case:45a941f4baa3,location:indonesia,occurred_at,1,2026-05-21,2026-05-21
outlet:beranda_indonesia,case:45a941f4baa3,reported,1,2026-05-21,2026-05-21
case:a16093c4eefa,species:turtles,involves,1,2026-05-21,2026-05-21
case:a16093c4eefa,commodity:turtles-turtles,seized,1,2026-05-21,2026-05-21
outlet:people.com,case:a16093c4eefa,reported,1,2026-05-21,2026-05-21
case:e019c98a5896,species:wildlife_general,involves,1,2026-05-21,2026-05-21
case:e019c98a5896,location:france,occurred_at,1,2026-05-21,2026-05-21
case:219f61b9b1d2,species:wildlife_general,involves,1,2026-05-21,2026-05-21
case:755cdb587189,species:wildlife_general,involves,1,2026-05-21,2026-05-21
case:755cdb587189,location:ecuador,occurred_at,1,2026-05-21,2026-05-21
outlet:ecuavisa,case:755cdb587189,reported,1,2026-05-21,2026-05-21
case:0b0f33721c11,species:birds,involves,1,2026-05-20,2026-05-20
case:0b0f33721c11,location:gama,occurred_at,1,2026-05-20,2026-05-20
location:gama,location:federal_district,within,4,2024-04-28,2026-05-20
case:689757846ba6,species:elephant,involves,1,2026-05-20,2026-05-20
case:9a82f0183419,species:wildlife_general,involves,1,2026-05-19,2026-05-19
case:1c95d102979b,species:birds,involves,1,2026-05-19,2026-05-19
case:05795709817d,species:pangolin,involves,1,2026-05-19,2026-05-19
case:d68632256d7e,species:primates,involves,1,2026-05-19,2026-05-19
case:448d399c5f69,species:primates,involves,1,2026-05-19,2026-05-19
case:448d399c5f69,location:pūnch,occurred_at,1,2026-05-19,2026-05-19
location:pūnch,location:jammu_and_kashmir,within,2,2026-04-10,2026-05-19
outlet:geo.fr,case:448d399c5f69,reported,1,2026-05-19,2026-05-19
case:87ba1c002e0f,species:sand_boa,involves,1,2026-05-18,2026-05-18
case:87ba1c002e0f,location:warangal,occurred_at,1,2026-05-18,2026-05-18
location:warangal,location:telangana,within,1,2026-05-18,2026-05-18
outlet:hyderabad_mail,case:87ba1c002e0f,reported,1,2026-05-18,2026-05-18
case:31184e32c049,species:wildlife_general,involves,1,2026-05-18,2026-05-18
case:81859b41014f,species:turtles,involves,1,2026-05-18,2026-05-18
outlet:suaranusantara.co.id,case:81859b41014f,reported,1,2026-05-18,2026-05-18
case:fc0b759faf1a,species:turtles,involves,1,2026-05-18,2026-05-18
case:39c963c6b876,species:rosewood,involves,1,2026-05-17,2026-05-17
case:39c963c6b876,location:wayanad,occurred_at,1,2026-05-17,2026-05-17
case:ebcf732f7757,species:wildlife_general,involves,1,2026-05-17,2026-05-17
case:ebcf732f7757,location:sabah,occurred_at,1,2026-05-17,2026-05-17
case:728953396a5d,species:wildlife_general,involves,1,2026-05-17,2026-05-17
case:728953396a5d,location:guayaquil,occurred_at,1,2026-05-17,2026-05-17
outlet:el_universo,case:728953396a5d,reported,1,2026-05-17,2026-05-17
outlet:el_universo,case:97761cf24dfc,reported,1,2026-04-01,2026-04-01
case:4bcf3dd89d71,species:pangolin,involves,1,2026-05-16,2026-05-16
outlet:a-z_animals,case:4bcf3dd89d71,reported,1,2026-05-16,2026-05-16
outlet:a-z_animals,case:48f681a7936f,reported,1,2026-04-25,2026-04-25
outlet:a-z_animals,case:4ce7ca382087,reported,1,2025-10-30,2025-10-30
outlet:animal_survival_international,case:4bcf3dd89d71,reported,1,2026-05-16,2026-05-16
outlet:animal_survival_international,case:88545a88b9b0,reported,1,2025-11-19,2025-11-19
case:257a18c99e71,species:leopard,involves,1,2026-05-16,2026-05-16
case:257a18c99e71,location:ganjām,occurred_at,1,2026-05-16,2026-05-16
case:dcc9b7f65694,species:birds,involves,1,2026-05-16,2026-05-16
outlet:primeira_página,case:dcc9b7f65694,reported,1,2026-05-16,2026-05-16
case:992a7fc6eb44,species:turtles,involves,1,2026-05-16,2026-05-16
case:d4fa0bd59e09,species:turtles,involves,1,2026-05-16,2026-05-16
case:d4fa0bd59e09,location:daly_city,occurred_at,1,2026-05-16,2026-05-16
location:daly_city,location:california,within,1,2026-05-16,2026-05-16
outlet:local_news_matters,case:d4fa0bd59e09,reported,1,2026-05-16,2026-05-16
case:0597cdb66f2f,species:wildlife_general,involves,1,2026-05-16,2026-05-16
outlet:elexpreso.co,case:0597cdb66f2f,reported,1,2026-05-16,2026-05-16
case:5075a6e113af,species:monitor_lizard,involves,1,2026-05-15,2026-05-15
case:5075a6e113af,location:ranchi,occurred_at,1,2026-05-15,2026-05-15
location:ranchi,location:jharkhand,within,1,2026-05-15,2026-05-15
outlet:samridh_jharkhand,case:5075a6e113af,reported,1,2026-05-15,2026-05-15
case:fec2d574f9fe,species:wildlife_general,involves,1,2026-05-15,2026-05-15
case:fec2d574f9fe,location:ribeirão_das_neves,occurred_at,1,2026-05-15,2026-05-15
location:ribeirão_das_neves,location:minas_gerais,within,1,2026-05-15,2026-05-15
outlet:por_dentro_de_minas,case:fec2d574f9fe,reported,1,2026-05-15,2026-05-15
case:f57f7bf88a12,species:turtles,involves,1,2026-05-15,2026-05-15
case:f57f7bf88a12,location:tres_arroyos,occurred_at,1,2026-05-15,2026-05-15
location:tres_arroyos,location:buenos_aires,within,1,2026-05-15,2026-05-15
location:buenos_aires,location:buenos_aires_f.d.,within,2,2025-08-30,2026-02-26
outlet:infocielo,case:f57f7bf88a12,reported,1,2026-05-15,2026-05-15
case:6dac92977443,species:wildlife_general,involves,1,2026-05-15,2026-05-15
case:6dac92977443,location:rānchī,occurred_at,1,2026-05-15,2026-05-15
case:0dba062943e9,species:elephant,involves,1,2026-05-15,2026-05-15
outlet:the_olympian,case:0dba062943e9,reported,1,2026-05-15,2026-05-15
case:27f26a48b672,species:wildlife_general,involves,1,2026-05-15,2026-05-15
case:296d8b586d08,species:sand_boa,involves,1,2026-05-14,2026-05-14
case:296d8b586d08,location:bīdar,occurred_at,1,2026-05-14,2026-05-14
location:bīdar,location:karnataka,within,1,2026-05-14,2026-05-14
outlet:udayavani,case:296d8b586d08,reported,1,2026-05-14,2026-05-14
case:b1544a1400a5,species:wildlife_general,involves,1,2026-05-14,2026-05-14
case:b1544a1400a5,location:dubai,occurred_at,1,2026-05-14,2026-05-14
case:b1544a1400a5,mode:air,via,1,2026-05-14,2026-05-14
outlet:sharjah24.ae,case:b1544a1400a5,reported,1,2026-05-14,2026-05-14
outlet:the_filipino_times,case:b1544a1400a5,reported,1,2026-05-14,2026-05-14
case:c8bd576a55da,species:wildlife_general,involves,1,2026-05-14,2026-05-14
outlet:revista_amazônia,case:c8bd576a55da,reported,1,2026-05-14,2026-05-14
case:d1dfaa98d40c,species:elephant,involves,1,2026-05-14,2026-05-14
case:d1dfaa98d40c,commodity:elephant-tusks,seized,1,2026-05-14,2026-05-14
case:74f279a9ddf4,species:birds,involves,1,2026-05-14,2026-05-14
case:74f279a9ddf4,location:suzano,occurred_at,1,2026-05-14,2026-05-14
location:suzano,location:são_paulo,within,2,2026-04-01,2026-05-14
outlet:prefeitura_de_suzano,case:74f279a9ddf4,reported,1,2026-05-14,2026-05-14
case:3f1b9d074149,species:rosewood,involves,1,2026-05-14,2026-05-14
outlet:biobiochile,case:3f1b9d074149,reported,1,2026-05-14,2026-05-14
case:87fdced47209,species:rhino,involves,1,2026-05-13,2026-05-13
case:87fdced47209,location:papum_pare,occurred_at,1,2026-05-13,2026-05-13
case:87fdced47209,commodity:rhino-horn,seized,1,2026-05-13,2026-05-13
location:papum_pare,location:arunachal_pradesh,within,1,2026-05-13,2026-05-13
outlet:eastmojo,case:87fdced47209,reported,1,2026-05-13,2026-05-13
outlet:arunachal_observer,case:87fdced47209,reported,1,2026-05-13,2026-05-13
outlet:northeast_today,case:87fdced47209,reported,1,2026-05-13,2026-05-13
outlet:northeast_today,case:92f72693f46b,reported,1,2025-04-12,2025-04-12
case:5259746561fc,species:wildlife_general,involves,1,2026-05-13,2026-05-13
case:f24fca30e95d,species:primates,involves,1,2026-05-13,2026-05-13
outlet:n+,case:f24fca30e95d,reported,1,2026-05-13,2026-05-13
case:1abc34b2bcaf,species:sand_boa,involves,1,2026-05-12,2026-05-12
outlet:the_siasat_daily,case:1abc34b2bcaf,reported,1,2026-05-12,2026-05-12
outlet:the_siasat_daily,case:4c1d509fcc43,reported,1,2025-10-05,2025-10-05
case:1260db8c7ee6,species:wildlife_general,involves,1,2026-05-12,2026-05-12
case:d981e20dfa51,species:wildlife_general,involves,1,2026-05-12,2026-05-12
case:3bcb47833118,species:wildlife_general,involves,1,2026-05-12,2026-05-12
case:3bcb47833118,location:uganda,occurred_at,1,2026-05-12,2026-05-12
case:3d495efdb17a,species:birds,involves,1,2026-05-12,2026-05-12
case:3d495efdb17a,location:vitória_da_conquista,occurred_at,1,2026-05-12,2026-05-12
outlet:rádio_metrópole,case:3d495efdb17a,reported,1,2026-05-12,2026-05-12
case:1d7f637b9668,species:wildlife_general,involves,1,2026-05-12,2026-05-12
outlet:mpba.mp.br,case:1d7f637b9668,reported,1,2026-05-12,2026-05-12
outlet:mpba.mp.br,case:a3720171b60f,reported,1,2025-09-05,2025-09-05
case:d1f574e9271c,species:wildlife_general,involves,1,2026-05-12,2026-05-12
case:d1f574e9271c,location:itatiaia,occurred_at,1,2026-05-12,2026-05-12
location:itatiaia,location:rio_de_janeiro,within,2,2026-04-06,2026-05-12
outlet:rádio_itatiaia,case:d1f574e9271c,reported,1,2026-05-12,2026-05-12
outlet:rádio_itatiaia,case:8cadc74b48b4,reported,1,2026-04-06,2026-04-06
outlet:rádio_itatiaia,case:4b6a3dd69ca1,reported,1,2025-12-09,2025-12-09
outlet:rádio_itatiaia,case:d0ed7b6f6eba,reported,1,2025-09-30,2025-09-30
case:0cd788e4603f,species:wildlife_general,involves,1,2026-05-12,2026-05-12
outlet:grupo_lomes_de_comunicação,case:0cd788e4603f,reported,1,2026-05-12,2026-05-12
outlet:grupo_lomes_de_comunicação,case:0430cfecb61a,reported,1,2026-05-11,2026-05-11
case:0a6f7db348b2,species:birds,involves,1,2026-05-12,2026-05-12
outlet:br104,case:0a6f7db348b2,reported,1,2026-05-12,2026-05-12
case:7c56e6f82e58,species:pangolin,involves,1,2026-05-12,2026-05-12
case:7c56e6f82e58,mode:online,via,1,2026-05-12,2026-05-12
outlet:topsumbar.co.id,case:7c56e6f82e58,reported,1,2026-05-12,2026-05-12
case:870a5cbc6c55,species:wildlife_general,involves,1,2026-05-12,2026-05-12
case:870a5cbc6c55,location:manaus,occurred_at,1,2026-05-12,2026-05-12
case:1e5ddd10d678,species:turtles,involves,1,2026-05-12,2026-05-12
case:1e5ddd10d678,commodity:turtles-turtles,seized,1,2026-05-12,2026-05-12
outlet:wbrz,case:1e5ddd10d678,reported,1,2026-05-12,2026-05-12
case:0d177c895024,species:sandalwood,involves,1,2026-05-12,2026-05-12
case:0d177c895024,location:muzaffarpur,occurred_at,1,2026-05-12,2026-05-12
location:muzaffarpur,location:bihar,within,1,2026-05-12,2026-05-12
case:4ccfa84e2cbc,species:elephant,involves,1,2026-05-11,2026-05-11
case:4ccfa84e2cbc,commodity:elephant-kg,seized,1,2026-05-11,2026-05-11
outlet:today.rtl.lu,case:4ccfa84e2cbc,reported,1,2026-05-11,2026-05-11
outlet:the_straits_times,case:4ccfa84e2cbc,reported,1,2026-05-11,2026-05-11
outlet:the_straits_times,case:7c8f4e09e5ea,reported,1,2026-03-28,2026-03-28
outlet:the_straits_times,case:58e8b03df171,reported,1,2026-02-06,2026-02-06
outlet:the_straits_times,case:f107f3923487,reported,1,2026-02-03,2026-02-03
outlet:the_straits_times,case:0296c633230c,reported,1,2025-12-30,2025-12-30
outlet:the_straits_times,case:01d7f11ba06a,reported,1,2025-11-18,2025-11-18
outlet:the_straits_times,case:d3ae6a2ff5ed,reported,1,2025-10-20,2025-10-20
case:c5838477dc23,species:hornbill,involves,1,2026-05-11,2026-05-11
case:c5838477dc23,location:indonesia,occurred_at,1,2026-05-11,2026-05-11
outlet:biologicaldiversity.org,case:c5838477dc23,reported,1,2026-05-11,2026-05-11
case:c072503d7270,species:elephant,involves,1,2026-05-11,2026-05-11
case:c072503d7270,location:thailand,occurred_at,1,2026-05-11,2026-05-11
outlet:arab_times_kuwait_news,case:c072503d7270,reported,1,2026-05-11,2026-05-11
case:8780b8791dba,species:elephant,involves,1,2026-05-11,2026-05-11
case:8780b8791dba,location:thailand,occurred_at,1,2026-05-11,2026-05-11
outlet:nation_thailand,case:8780b8791dba,reported,1,2026-05-11,2026-05-11
case:1c2fa742b29c,species:birds,involves,1,2026-05-11,2026-05-11
case:1c2fa742b29c,location:gama,occurred_at,1,2026-05-11,2026-05-11
case:0430cfecb61a,species:wildlife_general,involves,1,2026-05-11,2026-05-11
case:0430cfecb61a,location:alagoinhas,occurred_at,1,2026-05-11,2026-05-11
location:alagoinhas,location:bahia,within,1,2026-05-11,2026-05-11
outlet:blog_do_anderson,case:0430cfecb61a,reported,1,2026-05-11,2026-05-11
outlet:mais_região,case:0430cfecb61a,reported,1,2026-05-11,2026-05-11
outlet:deolhonacidade.net,case:0430cfecb61a,reported,1,2026-05-11,2026-05-11
outlet:deolhonacidade.net,case:5348c18d9292,reported,1,2026-04-13,2026-04-13
case:ab1209bff5aa,species:elephant,involves,1,2026-05-11,2026-05-11
agency:eia,case:ab1209bff5aa,acted_in,1,2026-05-11,2026-05-11
agency:eia,case:0100edbd1803,acted_in,1,2026-03-19,2026-03-19
outlet:eia_international,case:ab1209bff5aa,reported,1,2026-05-11,2026-05-11
outlet:eia_international,case:0100edbd1803,reported,1,2026-03-19,2026-03-19
case:52e31496388d,species:elephant,involves,1,2026-05-11,2026-05-11
case:52e31496388d,commodity:elephant-kilograms,seized,1,2026-05-11,2026-05-11
case:752c5f9f26a2,species:elephant,involves,1,2026-05-11,2026-05-11
case:752c5f9f26a2,location:bangkok,occurred_at,1,2026-05-11,2026-05-11
case:752c5f9f26a2,commodity:elephant-kg,seized,1,2026-05-11,2026-05-11
case:71da1ae440c7,species:pangolin,involves,1,2026-05-11,2026-05-11
case:5d1b0f13e597,species:birds,involves,1,2026-05-11,2026-05-11
case:5d1b0f13e597,location:hortolândia,occurred_at,1,2026-05-11,2026-05-11
outlet:todo_dia,case:5d1b0f13e597,reported,1,2026-05-11,2026-05-11
case:0a8a8c599f46,species:birds,involves,1,2026-05-10,2026-05-10
case:0a8a8c599f46,location:puebla,occurred_at,1,2026-05-10,2026-05-10
case:6e443a165432,species:wildlife_general,involves,1,2026-05-10,2026-05-10
case:6e443a165432,mode:online,via,1,2026-05-10,2026-05-10
outlet:enqueteplus.com,case:6e443a165432,reported,1,2026-05-10,2026-05-10
case:cf2759efc881,species:elephant,involves,1,2026-05-10,2026-05-10
case:cf2759efc881,location:benin,occurred_at,1,2026-05-10,2026-05-10
case:833dc878d50a,species:wildlife_general,involves,1,2026-05-08,2026-05-08
case:833dc878d50a,location:brazil,occurred_at,1,2026-05-08,2026-05-08
case:028c02834a96,species:eels,involves,1,2026-05-08,2026-05-08
case:028c02834a96,commodity:eels-kg,seized,1,2026-05-08,2026-05-08
outlet:petitbleu.fr,case:028c02834a96,reported,1,2026-05-08,2026-05-08
outlet:petitbleu.fr,case:6ff6948bf286,reported,1,2026-04-03,2026-04-03
case:20a25cc6259f,species:monitor_lizard,involves,1,2026-05-07,2026-05-07
case:e61578831600,species:elephant,involves,1,2026-05-07,2026-05-07
case:e61578831600,location:sivakasi,occurred_at,1,2026-05-07,2026-05-07
location:sivakasi,location:tamil_nadu,within,1,2026-05-07,2026-05-07
outlet:dt_next,case:e61578831600,reported,1,2026-05-07,2026-05-07
outlet:dt_next,case:c0890c3c1c08,reported,1,2026-04-28,2026-04-28
case:bec81788e27a,species:wildlife_general,involves,1,2026-05-07,2026-05-07
case:d5545a65038e,species:eels,involves,1,2026-05-07,2026-05-07
outlet:challenges,case:d5545a65038e,reported,1,2026-05-07,2026-05-07
case:4697e5e45eaa,species:birds,involves,1,2026-05-07,2026-05-07
case:799cfbd7fcac,species:wildlife_general,involves,1,2026-05-06,2026-05-06
case:799cfbd7fcac,mode:online,via,1,2026-05-06,2026-05-06
outlet:the_cool_down,case:799cfbd7fcac,reported,1,2026-05-06,2026-05-06
outlet:the_cool_down,case:3d5e459f7dfe,reported,1,2026-04-13,2026-04-13
case:fca5f67c5301,species:hornbill,involves,1,2026-05-06,2026-05-06
case:fca5f67c5301,location:tanjung,occurred_at,1,2026-05-06,2026-05-06
location:tanjung,location:south_kalimantan,within,1,2026-05-06,2026-05-06
outlet:ngopibareng.id,case:fca5f67c5301,reported,1,2026-05-06,2026-05-06
case:791c532acf04,species:jaguar,involves,1,2026-05-06,2026-05-06
outlet:revista_cenarium,case:791c532acf04,reported,1,2026-05-06,2026-05-06
case:31ee20b89c67,species:turtles,involves,1,2026-05-06,2026-05-06
case:4c32da64c0f1,species:eels,involves,1,2026-05-06,2026-05-06
outlet:chasse_passion,case:4c32da64c0f1,reported,1,2026-05-06,2026-05-06
case:3e3a3f4939fe,species:elephant,involves,1,2026-05-05,2026-05-05
case:3e3a3f4939fe,location:sitārganj,occurred_at,1,2026-05-05,2026-05-05
location:sitārganj,location:uttarakhand,within,1,2026-05-05,2026-05-05
outlet:garhwal_post,case:3e3a3f4939fe,reported,1,2026-05-05,2026-05-05
outlet:garhwal_post,case:0ed2c28fb09b,reported,1,2026-04-11,2026-04-11
case:6e342200e037,species:wildlife_general,involves,1,2026-05-05,2026-05-05
case:6e342200e037,location:santa_catarina,occurred_at,1,2026-05-05,2026-05-05
outlet:tribunal_de_justiça_de_santa_catarina,case:6e342200e037,reported,1,2026-05-05,2026-05-05
case:3eb0a431d7cc,species:wildlife_general,involves,1,2026-05-05,2026-05-05
case:3eb0a431d7cc,location:probolinggo,occurred_at,1,2026-05-05,2026-05-05
location:probolinggo,location:east_java,within,1,2026-05-05,2026-05-05
outlet:radar_bromo,case:3eb0a431d7cc,reported,1,2026-05-05,2026-05-05
case:b4945bc9bb8f,species:birds,involves,1,2026-05-05,2026-05-05
case:b4945bc9bb8f,location:brazlândia,occurred_at,1,2026-05-05,2026-05-05
location:brazlândia,location:federal_district,within,1,2026-05-05,2026-05-05
case:816a42cc9ce8,species:elephant,involves,1,2026-05-05,2026-05-05
outlet:pioneer_edge,case:816a42cc9ce8,reported,1,2026-05-05,2026-05-05
case:1261dd65ecda,species:red_sanders,involves,1,2026-05-05,2026-05-05
case:b7bbf4867579,species:turtles,involves,1,2026-05-05,2026-05-05
outlet:la_nation_bénin,case:b7bbf4867579,reported,1,2026-05-05,2026-05-05
case:1beb8cbd005b,species:birds,involves,1,2026-05-05,2026-05-05
case:1beb8cbd005b,location:volta_redonda,occurred_at,1,2026-05-05,2026-05-05
location:volta_redonda,location:rio_de_janeiro,within,2,2025-03-14,2026-05-05
outlet:prefeitura_de_volta_redonda,case:1beb8cbd005b,reported,1,2026-05-05,2026-05-05
outlet:prefeitura_de_volta_redonda,case:3f32b70aed54,reported,1,2025-03-14,2025-03-14
case:0e739bb8815c,species:pangolin,involves,1,2026-05-04,2026-05-04
case:0e739bb8815c,location:mangaluru,occurred_at,1,2026-05-04,2026-05-04
case:0e739bb8815c,commodity:pangolin-kg,seized,1,2026-05-04,2026-05-04
case:ae04461ee58f,species:shark_ray,involves,1,2026-05-04,2026-05-04
outlet:forbes,case:ae04461ee58f,reported,1,2026-05-04,2026-05-04
case:c9d57ed2b67e,species:wildlife_general,involves,1,2026-05-04,2026-05-04
case:c35398e3a47b,species:wildlife_general,involves,1,2026-05-04,2026-05-04
case:ce5c54276896,species:birds,involves,1,2026-05-04,2026-05-04
outlet:prefeitura_municipal_de_poá,case:ce5c54276896,reported,1,2026-05-04,2026-05-04
case:040c7374d479,species:birds,involves,1,2026-05-04,2026-05-04
case:040c7374d479,location:lagarto,occurred_at,1,2026-05-04,2026-05-04
location:lagarto,location:sergipe,within,1,2026-05-04,2026-05-04
case:b2b83bc5fcbb,species:pangolin,involves,1,2026-05-03,2026-05-03
case:b2b83bc5fcbb,location:medan,occurred_at,1,2026-05-03,2026-05-03
outlet:viva_medan,case:b2b83bc5fcbb,reported,1,2026-05-03,2026-05-03
case:ffb2dafd146f,species:pangolin,involves,1,2026-05-03,2026-05-03
case:ffb2dafd146f,location:bail,occurred_at,1,2026-05-03,2026-05-03
location:bail,location:ilocos,within,1,2026-05-03,2026-05-03
outlet:live_law,case:ffb2dafd146f,reported,1,2026-05-03,2026-05-03
case:1cb8e9715853,species:tiger,involves,1,2026-05-03,2026-05-03
case:1cb8e9715853,location:zapopan,occurred_at,1,2026-05-03,2026-05-03
location:zapopan,location:jalisco,within,1,2026-05-03,2026-05-03
outlet:el_mañana_de_nuevo_laredo,case:1cb8e9715853,reported,1,2026-05-03,2026-05-03
case:ef7c6a895060,species:wildlife_general,involves,1,2026-05-02,2026-05-02
case:ef7c6a895060,location:qatar,occurred_at,1,2026-05-02,2026-05-02
outlet:qatar_tribune,case:ef7c6a895060,reported,1,2026-05-02,2026-05-02
case:8d975063da87,species:wildlife_general,involves,1,2026-05-02,2026-05-02
case:8d975063da87,location:são_gonçalo,occurred_at,1,2026-05-02,2026-05-02
location:são_gonçalo,location:rio_de_janeiro,within,2,2026-02-24,2026-05-02
outlet:o_são_gonçalo,case:8d975063da87,reported,1,2026-05-02,2026-05-02
case:69a50305933f,species:pangolin,involves,1,2026-05-02,2026-05-02
case:69a50305933f,species:tiger,involves,1,2026-05-02,2026-05-02
case:69a50305933f,location:sipirok,occurred_at,1,2026-05-02,2026-05-02
case:69a50305933f,commodity:pangolin-kg,seized,1,2026-05-02,2026-05-02
case:69a50305933f,commodity:tiger-kg,seized,1,2026-05-02,2026-05-02
location:sipirok,location:north_sumatra,within,2,2026-05-02,2026-05-02
outlet:tribun-medan.com,case:69a50305933f,reported,1,2026-05-02,2026-05-02
case:bf5bb00eefd7,species:pangolin,involves,1,2026-05-02,2026-05-02
case:bf5bb00eefd7,commodity:pangolin-kg,seized,1,2026-05-02,2026-05-02
case:a793eda613cb,species:wildlife_general,involves,1,2026-05-02,2026-05-02
case:a793eda613cb,location:sipirok,occurred_at,1,2026-05-02,2026-05-02
case:a793eda613cb,mode:online,via,1,2026-05-02,2026-05-02
case:92984681d8a6,species:pangolin,involves,1,2026-05-02,2026-05-02
case:92984681d8a6,location:india,occurred_at,1,2026-05-02,2026-05-02
case:463ccdf070e0,species:pythons_reptiles,involves,1,2026-05-02,2026-05-02
case:463ccdf070e0,location:jerusalem,occurred_at,1,2026-05-02,2026-05-02
outlet:the_jerusalem_post,case:463ccdf070e0,reported,1,2026-05-02,2026-05-02
case:293f435406f3,species:tiger,involves,1,2026-05-02,2026-05-02
outlet:startnews.co.id,case:293f435406f3,reported,1,2026-05-02,2026-05-02
case:b29bf378fca5,species:pangolin,involves,1,2026-05-01,2026-05-01
case:b29bf378fca5,location:ahmedabad,occurred_at,1,2026-05-01,2026-05-01
case:b29bf378fca5,mode:road,via,1,2026-05-01,2026-05-01
outlet:ahmedabad_mirror,case:b29bf378fca5,reported,1,2026-05-01,2026-05-01
case:d33e09179e97,species:rosewood,involves,1,2026-05-01,2026-05-01
outlet:the_standard_(hk),case:d33e09179e97,reported,1,2026-05-01,2026-05-01
outlet:the_standard_(hk),case:820a1b30f8a5,reported,1,2026-03-27,2026-03-27
case:65c4bad87596,species:wildlife_general,involves,1,2026-05-01,2026-05-01
case:65c4bad87596,location:komodo,occurred_at,1,2026-05-01,2026-05-01
location:komodo,location:east_nusa_tenggara,within,1,2026-05-01,2026-05-01
case:2a59b6d02d2c,species:turtles,involves,1,2026-05-01,2026-05-01
case:2a59b6d02d2c,location:thailand,occurred_at,1,2026-05-01,2026-05-01
outlet:taipeitimes.com,case:2a59b6d02d2c,reported,1,2026-05-01,2026-05-01
case:d73e9b3624a9,species:abalone,involves,1,2026-05-01,2026-05-01
case:f43309c1dad5,species:jaguar,involves,1,2026-05-01,2026-05-01
outlet:defesa_em_foco,case:f43309c1dad5,reported,1,2026-05-01,2026-05-01
case:37718d9fd84d,species:jaguar,involves,1,2026-04-30,2026-04-30
outlet:marinha_do_brasil,case:37718d9fd84d,reported,1,2026-04-30,2026-04-30
case:13e78dea72f7,species:shark_ray,involves,1,2026-04-30,2026-04-30
outlet:ministerio_público_de_panamá,case:13e78dea72f7,reported,1,2026-04-30,2026-04-30
case:4ec70bbeec31,species:turtles,involves,1,2026-04-30,2026-04-30
case:4ec70bbeec31,location:taiwan,occurred_at,1,2026-04-30,2026-04-30
case:4ec70bbeec31,commodity:turtles-tortoises,seized,1,2026-04-30,2026-04-30
outlet:taiwan_news,case:4ec70bbeec31,reported,1,2026-04-30,2026-04-30
case:436db94d126b,species:turtles,involves,1,2026-04-30,2026-04-30
case:436db94d126b,mode:air,via,1,2026-04-30,2026-04-30
case:436db94d126b,commodity:turtles-tortoises,seized,1,2026-04-30,2026-04-30
outlet:punchng.com,case:436db94d126b,reported,1,2026-04-30,2026-04-30
case:f7cc0f393c7c,species:leopard,involves,1,2026-04-30,2026-04-30
case:f7cc0f393c7c,location:odisha,occurred_at,1,2026-04-30,2026-04-30
case:b3bdc10e11ad,species:monitor_lizard,involves,1,2026-04-30,2026-04-30
case:b5875e29914e,species:turtles,involves,1,2026-04-30,2026-04-30
case:b5875e29914e,location:bangkok,occurred_at,1,2026-04-30,2026-04-30
outlet:libération,case:b5875e29914e,reported,1,2026-04-30,2026-04-30
outlet:charente_libre,case:b5875e29914e,reported,1,2026-04-30,2026-04-30
outlet:charente_libre,case:6b66a372dce3,reported,1,2026-02-20,2026-02-20
case:53af0e9abadb,species:rhino,involves,1,2026-04-30,2026-04-30
case:53af0e9abadb,location:angola,occurred_at,1,2026-04-30,2026-04-30
outlet:rna.ao,case:53af0e9abadb,reported,1,2026-04-30,2026-04-30
outlet:rna.ao,case:bb8d664df67d,reported,1,2026-04-24,2026-04-24
case:f0e731c53b7d,species:rosewood,involves,1,2026-04-30,2026-04-30
case:f0e731c53b7d,location:sedam,occurred_at,1,2026-04-30,2026-04-30
location:sedam,location:karnataka,within,1,2026-04-30,2026-04-30
case:3af6575cb337,species:rosewood,involves,1,2026-04-30,2026-04-30
case:3af6575cb337,location:san_cristóbal,occurred_at,1,2026-04-30,2026-04-30
location:san_cristóbal,location:táchira,within,1,2026-04-30,2026-04-30
case:40b638c01412,species:shark_ray,involves,1,2026-04-29,2026-04-29
outlet:the_maritime_executive,case:40b638c01412,reported,1,2026-04-29,2026-04-29
case:269ceb38b4b3,species:shark_ray,involves,1,2026-04-29,2026-04-29
case:269ceb38b4b3,location:san_francisco,occurred_at,1,2026-04-29,2026-04-29
case:269ceb38b4b3,mode:air,via,1,2026-04-29,2026-04-29
location:san_francisco,location:california,within,1,2026-04-29,2026-04-29
outlet:abc10,case:269ceb38b4b3,reported,1,2026-04-29,2026-04-29
outlet:san_francisco_chronicle,case:269ceb38b4b3,reported,1,2026-04-29,2026-04-29
outlet:sacramento_bee,case:269ceb38b4b3,reported,1,2026-04-29,2026-04-29
outlet:fox40,case:269ceb38b4b3,reported,1,2026-04-29,2026-04-29
outlet:hawaiinewsnow.com,case:269ceb38b4b3,reported,1,2026-04-29,2026-04-29
outlet:patch,case:269ceb38b4b3,reported,1,2026-04-29,2026-04-29
case:7cfc1b76108c,species:wildlife_general,involves,1,2026-04-29,2026-04-29
case:9f3e69ec01cf,species:wildlife_general,involves,1,2026-04-29,2026-04-29
outlet:o_cafezinho,case:9f3e69ec01cf,reported,1,2026-04-29,2026-04-29
case:c59f71ad7979,species:pangolin,involves,1,2026-04-29,2026-04-29
case:c59f71ad7979,location:petani,occurred_at,1,2026-04-29,2026-04-29
location:petani,location:north_maluku,within,1,2026-04-29,2026-04-29
outlet:idn_times_sumut,case:c59f71ad7979,reported,1,2026-04-29,2026-04-29
outlet:idn_times_sumut,case:28f1f1730e2d,reported,1,2025-11-14,2025-11-14
outlet:idn_times_sumut,case:50486d561b3e,reported,1,2025-11-14,2025-11-14
outlet:idn_times_sumut,case:3aa165c0eb21,reported,1,2025-10-24,2025-10-24
case:0d1cc79d921b,species:turtles,involves,1,2026-04-29,2026-04-29
case:0d1cc79d921b,location:suvarnabhumi,occurred_at,1,2026-04-29,2026-04-29
case:0d1cc79d921b,mode:air,via,1,2026-04-29,2026-04-29
case:0d1cc79d921b,commodity:turtles-tortoises,seized,1,2026-04-29,2026-04-29
outlet:thestandard.com.hk,case:0d1cc79d921b,reported,1,2026-04-29,2026-04-29
outlet:thestandard.com.hk,case:a26f6ae05662,reported,1,2026-02-09,2026-02-09
outlet:mustsharenews.com,case:0d1cc79d921b,reported,1,2026-04-29,2026-04-29
outlet:mustsharenews.com,case:820a1b30f8a5,reported,1,2026-03-27,2026-03-27
case:85bc29ac0882,species:elephant,involves,1,2026-04-29,2026-04-29
case:85bc29ac0882,location:gāndhīnagar,occurred_at,1,2026-04-29,2026-04-29
case:85bc29ac0882,mode:road,via,1,2026-04-29,2026-04-29
location:gāndhīnagar,location:gujarat,within,1,2026-04-29,2026-04-29
outlet:gujaratsamachar_english,case:85bc29ac0882,reported,1,2026-04-29,2026-04-29
outlet:gujaratsamachar_english,case:8aa965c398b9,reported,1,2025-10-26,2025-10-26
case:e378a82b521c,species:primates,involves,1,2026-04-29,2026-04-29
case:e378a82b521c,location:phuket,occurred_at,1,2026-04-29,2026-04-29
case:4bab7f9cd265,species:wildlife_general,involves,1,2026-04-29,2026-04-29
outlet:info_del_estero,case:4bab7f9cd265,reported,1,2026-04-29,2026-04-29
case:c0890c3c1c08,species:red_sanders,involves,1,2026-04-28,2026-04-28
case:c0890c3c1c08,location:chennai,occurred_at,1,2026-04-28,2026-04-28
case:c0890c3c1c08,commodity:red_sanders-kg,seized,1,2026-04-28,2026-04-28
case:ce5f82487266,species:wildlife_general,involves,1,2026-04-28,2026-04-28
case:5600ed99ee8c,species:turtles,involves,1,2026-04-28,2026-04-28
case:5600ed99ee8c,commodity:turtles-kg,seized,1,2026-04-28,2026-04-28
outlet:catatanriau.com,case:5600ed99ee8c,reported,1,2026-04-28,2026-04-28
case:3b0fa23dad6e,species:shark_ray,involves,1,2026-04-28,2026-04-28
outlet:tvn-2.com,case:3b0fa23dad6e,reported,1,2026-04-28,2026-04-28
case:09a7dcc49561,species:pangolin,involves,1,2026-04-27,2026-04-27
case:09a7dcc49561,location:nigeria,occurred_at,1,2026-04-27,2026-04-27
case:66c413ede4ef,species:rosewood,involves,1,2026-04-27,2026-04-27
outlet:whec.com,case:66c413ede4ef,reported,1,2026-04-27,2026-04-27
case:5c1a7759d990,species:birds,involves,1,2026-04-27,2026-04-27
case:5c1a7759d990,location:vitória_da_conquista,occurred_at,1,2026-04-27,2026-04-27
case:4d0976dba7e7,species:monitor_lizard,involves,1,2026-04-27,2026-04-27
case:4d0976dba7e7,location:atap,occurred_at,1,2026-04-27,2026-04-27
location:atap,location:north_kalimantan,within,1,2026-04-27,2026-04-27
outlet:kuningan_mass,case:4d0976dba7e7,reported,1,2026-04-27,2026-04-27
case:4909c264438e,species:rosewood,involves,1,2026-04-27,2026-04-27
case:4909c264438e,location:cúcuta,occurred_at,1,2026-04-27,2026-04-27
location:cúcuta,location:norte_de_santander_department,within,1,2026-04-27,2026-04-27
outlet:areacucuta.com,case:4909c264438e,reported,1,2026-04-27,2026-04-27
case:067992ab3433,species:pythons_reptiles,involves,1,2026-04-26,2026-04-26
case:067992ab3433,location:gaziantep,occurred_at,1,2026-04-26,2026-04-26
outlet:türkiye_today,case:067992ab3433,reported,1,2026-04-26,2026-04-26
outlet:ynetnews,case:067992ab3433,reported,1,2026-04-26,2026-04-26
case:a8f750a27293,species:birds,involves,1,2026-04-26,2026-04-26
case:a8f750a27293,location:salvador,occurred_at,1,2026-04-26,2026-04-26
outlet:portal_salvador_fm,case:a8f750a27293,reported,1,2026-04-26,2026-04-26
case:7f5f6275b871,species:wildlife_general,involves,1,2026-04-26,2026-04-26
case:48f681a7936f,species:wildlife_general,involves,1,2026-04-25,2026-04-25
case:48f681a7936f,location:kenya,occurred_at,1,2026-04-25,2026-04-25
case:f45ed5ea62ea,species:elephant,involves,1,2026-04-25,2026-04-25
case:9c76e14d1dae,species:wildlife_general,involves,1,2026-04-25,2026-04-25
case:43c70fb71254,species:rosewood,involves,1,2026-04-25,2026-04-25
case:43c70fb71254,location:vilhena,occurred_at,1,2026-04-25,2026-04-25
location:vilhena,location:rondônia,within,1,2026-04-25,2026-04-25
case:c7989309c543,species:pangolin,involves,1,2026-04-24,2026-04-24
case:c7989309c543,location:jakarta,occurred_at,1,2026-04-24,2026-04-24
case:c7989309c543,commodity:pangolin-ton,seized,1,2026-04-24,2026-04-24
case:47957cc7ae01,species:wildlife_general,involves,1,2026-04-24,2026-04-24
case:47957cc7ae01,location:bengaluru,occurred_at,1,2026-04-24,2026-04-24
case:47957cc7ae01,mode:air,via,1,2026-04-24,2026-04-24
outlet:newsfirst_prime,case:47957cc7ae01,reported,1,2026-04-24,2026-04-24
case:6d3c8a2fa03d,species:elephant,involves,1,2026-04-24,2026-04-24
case:6d3c8a2fa03d,location:nagaland,occurred_at,1,2026-04-24,2026-04-24
case:a682d0ef2e7d,species:agarwood,involves,1,2026-04-24,2026-04-24
case:a682d0ef2e7d,location:medan,occurred_at,1,2026-04-24,2026-04-24
outlet:medanmerdeka.com,case:a682d0ef2e7d,reported,1,2026-04-24,2026-04-24
case:bb8d664df67d,species:rhino,involves,1,2026-04-24,2026-04-24
case:dfbbb64e2a7b,species:elephant,involves,1,2026-04-23,2026-04-23
case:dfbbb64e2a7b,location:kenya,occurred_at,1,2026-04-23,2026-04-23
case:dfbbb64e2a7b,commodity:elephant-kilo,seized,1,2026-04-23,2026-04-23
case:35fbf9c3aa60,species:primates,involves,1,2026-04-23,2026-04-23
case:35fbf9c3aa60,location:veracruz,occurred_at,1,2026-04-23,2026-04-23
outlet:imagen_de_veracruz,case:35fbf9c3aa60,reported,1,2026-04-23,2026-04-23
outlet:milenio,case:35fbf9c3aa60,reported,1,2026-04-23,2026-04-23
outlet:milenio,case:045638a5a3c8,reported,1,2025-11-12,2025-11-12
case:28bf49fecef2,species:wildlife_general,involves,1,2026-04-22,2026-04-22
case:1b249d3529ef,species:shark_ray,involves,1,2026-04-22,2026-04-22
case:1b249d3529ef,location:hong_kong,occurred_at,1,2026-04-22,2026-04-22
case:1b249d3529ef,commodity:shark_ray-kilos,seized,1,2026-04-22,2026-04-22
outlet:ecoosfera,case:1b249d3529ef,reported,1,2026-04-22,2026-04-22
case:e65dde2a954a,species:pangolin,involves,1,2026-04-22,2026-04-22
case:e65dde2a954a,location:raipur,occurred_at,1,2026-04-22,2026-04-22
location:raipur,location:chhattisgarh,within,1,2026-04-22,2026-04-22
outlet:ndtv.in,case:e65dde2a954a,reported,1,2026-04-22,2026-04-22
outlet:ndtv.in,case:2efe4d4d80bf,reported,1,2026-04-22,2026-04-22
case:3105a1d143ea,species:pangolin,involves,1,2026-04-22,2026-04-22
case:2efe4d4d80bf,species:sandalwood,involves,1,2026-04-22,2026-04-22
case:2efe4d4d80bf,location:kannauj,occurred_at,1,2026-04-22,2026-04-22
location:kannauj,location:uttar_pradesh,within,1,2026-04-22,2026-04-22
case:47acd6ab2599,species:shark_ray,involves,1,2026-04-22,2026-04-22
case:47acd6ab2599,location:china,occurred_at,1,2026-04-22,2026-04-22
case:304f6273975d,species:shark_ray,involves,1,2026-04-21,2026-04-21
outlet:national_fisherman,case:304f6273975d,reported,1,2026-04-21,2026-04-21
case:c0b62da939a2,species:birds,involves,1,2026-04-21,2026-04-21
case:34b5903c4ae9,species:elephant,involves,1,2026-04-21,2026-04-21
case:34b5903c4ae9,mode:rail,via,1,2026-04-21,2026-04-21
outlet:ladepeche.fr,case:34b5903c4ae9,reported,1,2026-04-21,2026-04-21
case:08a01b82e246,species:birds,involves,1,2026-04-21,2026-04-21
case:392d725a8e2f,species:pangolin,involves,1,2026-04-20,2026-04-20
case:392d725a8e2f,location:asifābād,occurred_at,1,2026-04-20,2026-04-20
location:asifābād,location:telangana,within,1,2026-04-20,2026-04-20
case:1cfcd9b9fe39,species:pangolin,involves,1,2026-04-20,2026-04-20
case:1cfcd9b9fe39,location:tasikmalaya,occurred_at,1,2026-04-20,2026-04-20
case:2d21ca92fbec,species:shark_ray,involves,1,2026-04-20,2026-04-20
outlet:seafoodsource,case:2d21ca92fbec,reported,1,2026-04-20,2026-04-20
case:83b50f665a2d,species:shark_ray,involves,1,2026-04-20,2026-04-20
case:83b50f665a2d,mode:road,via,1,2026-04-20,2026-04-20
outlet:surfer_magazine,case:83b50f665a2d,reported,1,2026-04-20,2026-04-20
case:1597ec701369,species:rosewood,involves,1,2026-04-19,2026-04-19
case:60c529f56336,species:birds,involves,1,2026-04-19,2026-04-19
case:60c529f56336,location:patiala,occurred_at,1,2026-04-19,2026-04-19
case:60c529f56336,commodity:birds-parakeets,seized,1,2026-04-19,2026-04-19
location:patiala,location:punjab,within,1,2026-04-19,2026-04-19
case:0e621ae1d77b,species:wildlife_general,involves,1,2026-04-17,2026-04-17
case:0e621ae1d77b,location:duque_de_caxias,occurred_at,1,2026-04-17,2026-04-17
location:duque_de_caxias,location:rio_de_janeiro,within,1,2026-04-17,2026-04-17
case:c1fece380d1f,species:wildlife_general,involves,1,2026-04-17,2026-04-17
outlet:a8se,case:c1fece380d1f,reported,1,2026-04-17,2026-04-17
case:c0cd4a609855,species:birds,involves,1,2026-04-17,2026-04-17
case:c0cd4a609855,location:crato,occurred_at,1,2026-04-17,2026-04-17
location:crato,location:ceará,within,1,2026-04-17,2026-04-17
outlet:portal_m1,case:c0cd4a609855,reported,1,2026-04-17,2026-04-17
outlet:prefeitura_de_itaquaquecetuba,case:c0cd4a609855,reported,1,2026-04-17,2026-04-17
case:db81a8185098,species:wildlife_general,involves,1,2026-04-16,2026-04-16
case:501f89c61e01,species:shark_ray,involves,1,2026-04-16,2026-04-16
case:501f89c61e01,location:alaska,occurred_at,1,2026-04-16,2026-04-16
location:alaska,location:ilocos,within,1,2026-04-16,2026-04-16
outlet:your_alaska_link,case:501f89c61e01,reported,2,2026-04-16,2026-04-16
case:ce81191eb94a,species:leopard,involves,1,2026-04-16,2026-04-16
case:ce81191eb94a,location:nagaon,occurred_at,1,2026-04-16,2026-04-16
outlet:himachaldastak.com,case:ce81191eb94a,reported,1,2026-04-16,2026-04-16
case:51533f2a0462,species:elephant,involves,1,2026-04-16,2026-04-16
case:51533f2a0462,location:abidjan,occurred_at,1,2026-04-16,2026-04-16
location:abidjan,location:abidjan_autonomous_district,within,1,2026-04-16,2026-04-16
outlet:sika_finance,case:51533f2a0462,reported,1,2026-04-16,2026-04-16
case:6fe227f18946,species:birds,involves,1,2026-04-16,2026-04-16
case:6fe227f18946,location:ribeirão_preto,occurred_at,1,2026-04-16,2026-04-16
location:ribeirão_preto,location:são_paulo,within,2,2025-12-02,2026-04-16
outlet:cbn_ribeirão,case:6fe227f18946,reported,1,2026-04-16,2026-04-16
case:4e5b8cb246d6,species:leopard,involves,1,2026-04-15,2026-04-15
case:4e5b8cb246d6,location:himachal_pradesh,occurred_at,1,2026-04-15,2026-04-15
case:794eacd61138,species:wildlife_general,involves,1,2026-04-15,2026-04-15
case:794eacd61138,location:nandurbar,occurred_at,1,2026-04-15,2026-04-15
case:794eacd61138,commodity:wildlife_general-birds,seized,1,2026-04-15,2026-04-15
location:nandurbar,location:maharashtra,within,1,2026-04-15,2026-04-15
case:4c7d66893b20,species:rosewood,involves,1,2026-04-15,2026-04-15
case:4c7d66893b20,location:são_paulo,occurred_at,1,2026-04-15,2026-04-15
outlet:diário_de_são_paulo,case:4c7d66893b20,reported,1,2026-04-15,2026-04-15
outlet:região_noroeste,case:4c7d66893b20,reported,1,2026-04-15,2026-04-15
case:90ddd55f420e,species:wildlife_general,involves,1,2026-04-15,2026-04-15
case:90ddd55f420e,location:recife,occurred_at,1,2026-04-15,2026-04-15
location:recife,location:pernambuco,within,2,2026-04-13,2026-04-15
outlet:aeroin,case:90ddd55f420e,reported,1,2026-04-15,2026-04-15
case:88635a058cc0,species:wildlife_general,involves,1,2026-04-15,2026-04-15
case:c3faa2b5db54,species:wildlife_general,involves,1,2026-04-15,2026-04-15
case:e5dbc7bd6e1f,species:rosewood,involves,1,2026-04-15,2026-04-15
case:e5dbc7bd6e1f,location:concepción,occurred_at,1,2026-04-15,2026-04-15
location:concepción,location:biobio,within,1,2026-04-15,2026-04-15
outlet:elmundo.com.bo,case:e5dbc7bd6e1f,reported,1,2026-04-15,2026-04-15
case:90d12e15d327,species:pangolin,involves,1,2026-04-15,2026-04-15
case:90d12e15d327,location:surabaya,occurred_at,1,2026-04-15,2026-04-15
case:90d12e15d327,commodity:pangolin-kg,seized,1,2026-04-15,2026-04-15
case:9e5363650d11,species:pangolin,involves,1,2026-04-15,2026-04-15
case:9e5363650d11,commodity:pangolin-kg,seized,1,2026-04-15,2026-04-15
outlet:thehitavada.com,case:9e5363650d11,reported,1,2026-04-15,2026-04-15
case:90b42e705f8c,species:shark_ray,involves,1,2026-04-15,2026-04-15
outlet:wztv,case:90b42e705f8c,reported,1,2026-04-15,2026-04-15
case:3967029a3b7b,species:shark_ray,involves,1,2026-04-15,2026-04-15
case:3967029a3b7b,location:anchorage,occurred_at,1,2026-04-15,2026-04-15
location:anchorage,location:alaska,within,1,2026-04-15,2026-04-15
outlet:alaska's_news_source,case:3967029a3b7b,reported,1,2026-04-15,2026-04-15
case:50a14deadede,species:leopard,involves,1,2026-04-15,2026-04-15
case:50a14deadede,location:sirmaur,occurred_at,1,2026-04-15,2026-04-15
location:sirmaur,location:madhya_pradesh,within,1,2026-04-15,2026-04-15
outlet:punjabkesari,case:50a14deadede,reported,1,2026-04-15,2026-04-15
outlet:punjabkesari,case:117388c6128c,reported,1,2026-01-26,2026-01-26
case:563a4a84fe27,species:turtles,involves,1,2026-04-15,2026-04-15
case:22f5f3b765c9,species:shark_ray,involves,1,2026-04-14,2026-04-14
case:28e964f05eeb,species:shark_ray,involves,1,2026-04-14,2026-04-14
case:28e964f05eeb,location:cincinnati,occurred_at,1,2026-04-14,2026-04-14
location:cincinnati,location:ohio,within,2,2026-01-16,2026-04-14
outlet:scioto_post,case:28e964f05eeb,reported,1,2026-04-14,2026-04-14
case:39064b44fef3,species:abalone,involves,1,2026-04-14,2026-04-14
case:e58c02973f75,species:abalone,involves,1,2026-04-14,2026-04-14
case:c3860c15e46b,species:wildlife_general,involves,1,2026-04-14,2026-04-14
case:c3860c15e46b,location:nigeria,occurred_at,1,2026-04-14,2026-04-14
outlet:reuters,case:c3860c15e46b,reported,1,2026-04-14,2026-04-14
outlet:reuters,case:01d7f11ba06a,reported,1,2025-11-18,2025-11-18
case:51c8af493d72,species:rosewood,involves,1,2026-04-14,2026-04-14
outlet:boyacá_95.6_fm,case:51c8af493d72,reported,1,2026-04-14,2026-04-14
case:076e3a7e1b3a,species:pangolin,involves,1,2026-04-14,2026-04-14
case:076e3a7e1b3a,location:vietnam,occurred_at,1,2026-04-14,2026-04-14
case:076e3a7e1b3a,commodity:pangolin-kg,seized,1,2026-04-14,2026-04-14
outlet:republika.co.id,case:076e3a7e1b3a,reported,1,2026-04-14,2026-04-14
case:42241d9f8ff9,species:shark_ray,involves,1,2026-04-14,2026-04-14
outlet:the_animal_reader,case:42241d9f8ff9,reported,1,2026-04-14,2026-04-14
outlet:wdbj7,case:42241d9f8ff9,reported,1,2026-04-14,2026-04-14
case:8240c99823d6,species:pangolin,involves,1,2026-04-14,2026-04-14
case:8240c99823d6,location:dari,occurred_at,1,2026-04-14,2026-04-14
case:8240c99823d6,commodity:pangolin-kg,seized,1,2026-04-14,2026-04-14
location:dari,location:jharkhand,within,1,2026-04-14,2026-04-14
case:d10222e2180b,species:birds,involves,1,2026-04-14,2026-04-14
case:d10222e2180b,species:primates,involves,1,2026-04-14,2026-04-14
case:d10222e2180b,location:medellín,occurred_at,1,2026-04-14,2026-04-14
location:medellín,location:antioquia,within,1,2026-04-14,2026-04-14
outlet:el_colombiano,case:d10222e2180b,reported,1,2026-04-14,2026-04-14
outlet:el_colombiano,case:2920158faca9,reported,1,2026-03-31,2026-03-31
case:251d82b599cd,species:leopard,involves,1,2026-04-13,2026-04-13
case:251d82b599cd,species:pangolin,involves,1,2026-04-13,2026-04-13
case:251d82b599cd,location:nabarangpur,occurred_at,1,2026-04-13,2026-04-13
case:251d82b599cd,commodity:leopard-scales,seized,1,2026-04-13,2026-04-13
case:251d82b599cd,commodity:pangolin-scales,seized,1,2026-04-13,2026-04-13
case:9eaa043fe4e7,species:shark_ray,involves,1,2026-04-13,2026-04-13
case:5b043b648f91,species:shark_ray,involves,1,2026-04-13,2026-04-13
outlet:whio_tv,case:5b043b648f91,reported,2,2026-04-13,2026-04-13
outlet:fox_8_news,case:5b043b648f91,reported,1,2026-04-13,2026-04-13
outlet:wdtn.com,case:5b043b648f91,reported,1,2026-04-13,2026-04-13
case:3d5e459f7dfe,species:shark_ray,involves,1,2026-04-13,2026-04-13
case:3d5e459f7dfe,mode:road,via,1,2026-04-13,2026-04-13
outlet:beachgrit.com,case:3d5e459f7dfe,reported,1,2026-04-13,2026-04-13
case:164f672d8efd,species:pangolin,involves,1,2026-04-13,2026-04-13
case:164f672d8efd,location:mumbai,occurred_at,1,2026-04-13,2026-04-13
case:164f672d8efd,commodity:pangolin-kg,seized,1,2026-04-13,2026-04-13
case:b427243188ec,species:wildlife_general,involves,1,2026-04-13,2026-04-13
case:b427243188ec,location:maiduguri,occurred_at,1,2026-04-13,2026-04-13
location:maiduguri,location:borno_state,within,1,2026-04-13,2026-04-13
case:09cd586bcdf6,species:leopard,involves,1,2026-04-13,2026-04-13
case:09cd586bcdf6,location:mumbai,occurred_at,1,2026-04-13,2026-04-13
case:dc1a52bad7a4,species:pangolin,involves,1,2026-04-13,2026-04-13
case:dc1a52bad7a4,location:asia,occurred_at,1,2026-04-13,2026-04-13
case:dc1a52bad7a4,commodity:pangolin-kg,seized,1,2026-04-13,2026-04-13
outlet:ecobiz_asia,case:dc1a52bad7a4,reported,1,2026-04-13,2026-04-13
case:90608f33ab4c,species:birds,involves,1,2026-04-13,2026-04-13
case:90608f33ab4c,location:jeremoabo,occurred_at,1,2026-04-13,2026-04-13
location:jeremoabo,location:bahia,within,1,2026-04-13,2026-04-13
case:5348c18d9292,species:wildlife_general,involves,1,2026-04-13,2026-04-13
case:5348c18d9292,location:feira_de_santana,occurred_at,1,2026-04-13,2026-04-13
location:feira_de_santana,location:bahia,within,1,2026-04-13,2026-04-13
case:ed2f05ff9b6d,species:wildlife_general,involves,1,2026-04-13,2026-04-13
case:ed2f05ff9b6d,location:cancún,occurred_at,1,2026-04-13,2026-04-13
location:cancún,location:quintana_roo,within,1,2026-04-13,2026-04-13
outlet:palco_noticias,case:ed2f05ff9b6d,reported,1,2026-04-13,2026-04-13
case:f99080c50234,species:rosewood,involves,1,2026-04-13,2026-04-13
case:f99080c50234,location:madera,occurred_at,1,2026-04-13,2026-04-13
location:madera,location:chihuahua,within,2,2026-03-03,2026-04-13
outlet:el_alteño,case:f99080c50234,reported,1,2026-04-13,2026-04-13
case:655d59a864a0,species:birds,involves,1,2026-04-13,2026-04-13
case:f9349f33d4ea,species:turtles,involves,1,2026-04-13,2026-04-13
case:61fec2846328,species:wildlife_general,involves,1,2026-04-13,2026-04-13
outlet:le_progrès,case:61fec2846328,reported,1,2026-04-13,2026-04-13
case:38d56366e62a,species:birds,involves,1,2026-04-13,2026-04-13
case:38d56366e62a,location:teresina,occurred_at,1,2026-04-13,2026-04-13
outlet:cidadeverde.com,case:38d56366e62a,reported,1,2026-04-13,2026-04-13
outlet:cidadeverde.com,case:ddc8b6665d91,reported,1,2025-02-16,2025-02-16
case:e74ec8c611e3,species:birds,involves,1,2026-04-13,2026-04-13
case:e74ec8c611e3,location:recife,occurred_at,1,2026-04-13,2026-04-13
outlet:cbn_recife,case:e74ec8c611e3,reported,1,2026-04-13,2026-04-13
case:4f1c4b50fc59,species:turtles,involves,1,2026-04-13,2026-04-13
case:4f1c4b50fc59,location:tacna,occurred_at,1,2026-04-13,2026-04-13
case:41e9dbc0181b,species:pangolin,involves,1,2026-04-12,2026-04-12
case:41e9dbc0181b,location:chhattisgarh,occurred_at,1,2026-04-12,2026-04-12
case:41e9dbc0181b,commodity:pangolin-kg,seized,1,2026-04-12,2026-04-12
outlet:the_csr_journal,case:41e9dbc0181b,reported,1,2026-04-12,2026-04-12
case:d780db645990,species:rosewood,involves,1,2026-04-12,2026-04-12
outlet:el_nuevo_siglo,case:d780db645990,reported,1,2026-04-12,2026-04-12
outlet:el_nuevo_siglo,case:9f0e0886ef74,reported,1,2025-03-27,2025-03-27
case:ef4a48e7bf4f,species:wildlife_general,involves,1,2026-04-11,2026-04-11
case:ef4a48e7bf4f,location:chennai,occurred_at,1,2026-04-11,2026-04-11
case:ef4a48e7bf4f,mode:air,via,1,2026-04-11,2026-04-11
case:51be5f9ef656,species:turtles,involves,1,2026-04-11,2026-04-11
case:51be5f9ef656,location:manizales,occurred_at,1,2026-04-11,2026-04-11
location:manizales,location:caldas_department,within,1,2026-04-11,2026-04-11
outlet:bc_noticias_manizales,case:51be5f9ef656,reported,1,2026-04-11,2026-04-11
case:0ed2c28fb09b,species:leopard,involves,1,2026-04-11,2026-04-11
case:0ed2c28fb09b,location:chamoli,occurred_at,1,2026-04-11,2026-04-11
location:chamoli,location:uttarakhand,within,1,2026-04-11,2026-04-11
case:c92034ff9533,species:wildlife_general,involves,1,2026-04-10,2026-04-10
case:215e74ee88fb,species:wildlife_general,involves,1,2026-04-10,2026-04-10
case:215e74ee88fb,location:pūnch,occurred_at,1,2026-04-10,2026-04-10
case:42960f0b2b09,species:primates,involves,1,2026-04-10,2026-04-10
case:42960f0b2b09,location:picos,occurred_at,1,2026-04-10,2026-04-10
outlet:prefeitura_de_picos_|_página_inicial.,case:42960f0b2b09,reported,1,2026-04-10,2026-04-10
case:d8b7728dedd8,species:wildlife_general,involves,1,2026-04-10,2026-04-10
case:d8b7728dedd8,location:manaus,occurred_at,1,2026-04-10,2026-04-10
case:463b1ec3fbbf,species:turtles,involves,1,2026-04-10,2026-04-10
case:463b1ec3fbbf,location:bogotá,occurred_at,1,2026-04-10,2026-04-10
case:a12270e249d5,species:wildlife_general,involves,1,2026-04-10,2026-04-10
outlet:policia.gov.co,case:a12270e249d5,reported,1,2026-04-10,2026-04-10
outlet:policia.gov.co,case:d0c0d4dd2dd3,reported,1,2026-03-04,2026-03-04
outlet:policia.gov.co,case:285d87797f93,reported,1,2025-07-30,2025-07-30
outlet:policia.gov.co,case:ef6a94a71e9c,reported,1,2025-04-08,2025-04-08
outlet:policia.gov.co,case:6f2790778b8a,reported,1,2025-02-27,2025-02-27
outlet:policia.gov.co,case:1485c1565ed5,reported,1,2025-01-20,2025-01-20
case:719c6664112a,species:red_sanders,involves,1,2026-04-10,2026-04-10
case:e901b0faa8ae,species:pangolin,involves,1,2026-04-09,2026-04-09
case:e901b0faa8ae,location:nigeria,occurred_at,1,2026-04-09,2026-04-09
outlet:peoples_gazette_nigeria,case:e901b0faa8ae,reported,1,2026-04-09,2026-04-09
outlet:peoples_gazette_nigeria,case:efac62370629,reported,1,2026-02-20,2026-02-20
case:c5989e8622b9,species:wildlife_general,involves,1,2026-04-08,2026-04-08
case:c5989e8622b9,location:costa_rica,occurred_at,1,2026-04-08,2026-04-08
case:aa34b589a9fc,species:rosewood,involves,1,2026-04-08,2026-04-08
case:c9369ce79b8d,species:birds,involves,1,2026-04-08,2026-04-08
case:c9369ce79b8d,location:belém,occurred_at,1,2026-04-08,2026-04-08
location:belém,location:pará,within,2,2025-12-13,2026-04-08
case:beb455c3b19e,species:pangolin,involves,1,2026-04-08,2026-04-08
outlet:viva_banten,case:beb455c3b19e,reported,1,2026-04-08,2026-04-08
case:74e0cf1fae46,species:birds,involves,1,2026-04-07,2026-04-07
case:74e0cf1fae46,location:huancayo,occurred_at,1,2026-04-07,2026-04-07
case:74e0cf1fae46,mode:road,via,1,2026-04-07,2026-04-07
location:huancayo,location:junin,within,1,2026-04-07,2026-04-07
case:00c037f00cbf,species:elephant,involves,1,2026-04-06,2026-04-06
case:00c037f00cbf,location:maputo,occurred_at,1,2026-04-06,2026-04-06
case:00c037f00cbf,commodity:elephant-kilograms,seized,1,2026-04-06,2026-04-06
location:maputo,location:maputo_city,within,1,2026-04-06,2026-04-06
case:8cadc74b48b4,species:wildlife_general,involves,1,2026-04-06,2026-04-06
case:8cadc74b48b4,location:itatiaia,occurred_at,1,2026-04-06,2026-04-06
case:2079aeca2094,species:birds,involves,1,2026-04-06,2026-04-06
case:2079aeca2094,location:baghpat,occurred_at,1,2026-04-06,2026-04-06
outlet:newstrack.com,case:2079aeca2094,reported,1,2026-04-06,2026-04-06
case:1ed9328d3dd5,species:wildlife_general,involves,1,2026-04-05,2026-04-05
case:1ed9328d3dd5,location:don_mueang,occurred_at,1,2026-04-05,2026-04-05
case:1ed9328d3dd5,mode:air,via,1,2026-04-05,2026-04-05
location:don_mueang,location:bangkok,within,1,2026-04-05,2026-04-05
case:0b6465ead8eb,species:wildlife_general,involves,1,2026-04-03,2026-04-03
outlet:wcvb,case:0b6465ead8eb,reported,1,2026-04-03,2026-04-03
outlet:e&e_news_by_politico,case:0b6465ead8eb,reported,1,2026-04-03,2026-04-03
case:73233b48ecc7,species:wildlife_general,involves,1,2026-04-03,2026-04-03
case:73233b48ecc7,mode:air,via,1,2026-04-03,2026-04-03
case:9622c853429e,species:primates,involves,1,2026-04-03,2026-04-03
outlet:bostonglobe.com,case:9622c853429e,reported,1,2026-04-03,2026-04-03
case:11e88909f584,species:tiger,involves,1,2026-04-03,2026-04-03
case:11e88909f584,location:jaipur,occurred_at,1,2026-04-03,2026-04-03
location:jaipur,location:rajasthan,within,1,2026-04-03,2026-04-03
case:69a8ba302f46,species:shark_ray,involves,1,2026-04-03,2026-04-03
case:69a8ba302f46,location:hong_kong,occurred_at,1,2026-04-03,2026-04-03
outlet:customs.gov.hk,case:69a8ba302f46,reported,1,2026-04-03,2026-04-03
case:6ff6948bf286,species:eels,involves,1,2026-04-03,2026-04-03
case:6ff6948bf286,location:france,occurred_at,1,2026-04-03,2026-04-03
case:a8afbdad58a2,species:rosewood,involves,1,2026-04-03,2026-04-03
case:a8afbdad58a2,location:campo_grande,occurred_at,1,2026-04-03,2026-04-03
outlet:campo_grande_news,case:a8afbdad58a2,reported,1,2026-04-03,2026-04-03
case:31ab2021fd1e,species:birds,involves,1,2026-04-02,2026-04-02
case:31ab2021fd1e,location:mendes,occurred_at,1,2026-04-02,2026-04-02
location:mendes,location:rio_de_janeiro,within,1,2026-04-02,2026-04-02
case:4ea15cf66566,species:wildlife_general,involves,1,2026-04-02,2026-04-02
case:dfd9ea298bea,species:eels,involves,1,2026-04-02,2026-04-02
case:dfd9ea298bea,location:france,occurred_at,1,2026-04-02,2026-04-02
outlet:l'essor_de_la_gendarmerie_nationale,case:dfd9ea298bea,reported,1,2026-04-02,2026-04-02
outlet:l'essor_de_la_gendarmerie_nationale,case:1b302f779982,reported,1,2026-02-20,2026-02-20
case:32195911e507,species:rosewood,involves,1,2026-04-02,2026-04-02
outlet:tudo_rondônia,case:32195911e507,reported,1,2026-04-02,2026-04-02
case:78f3d41e9ce3,species:rosewood,involves,1,2026-04-02,2026-04-02
case:51100d7f8b4b,species:wildlife_general,involves,1,2026-04-01,2026-04-01
case:51100d7f8b4b,mode:air,via,1,2026-04-01,2026-04-01
outlet:air_cargo_news,case:51100d7f8b4b,reported,1,2026-04-01,2026-04-01
case:dd1054316de1,species:wildlife_general,involves,1,2026-04-01,2026-04-01
outlet:abc7_wwsb,case:dd1054316de1,reported,1,2026-04-01,2026-04-01
case:80030efffe48,species:turtles,involves,1,2026-04-01,2026-04-01
case:80030efffe48,location:suzano,occurred_at,1,2026-04-01,2026-04-01
outlet:o_diário_de_mogi,case:80030efffe48,reported,1,2026-04-01,2026-04-01
case:982b3d63bad0,species:wildlife_general,involves,1,2026-04-01,2026-04-01
outlet:portal_sgc,case:982b3d63bad0,reported,1,2026-04-01,2026-04-01
case:97761cf24dfc,species:shark_ray,involves,1,2026-04-01,2026-04-01
case:97761cf24dfc,location:guayaquil,occurred_at,1,2026-04-01,2026-04-01
outlet:expreso.ec,case:97761cf24dfc,reported,1,2026-04-01,2026-04-01
outlet:expreso.ec,case:fd811bcedac1,reported,1,2026-03-03,2026-03-03
outlet:soltv_peru,case:97761cf24dfc,reported,1,2026-04-01,2026-04-01
outlet:rpp_noticias,case:97761cf24dfc,reported,2,2026-04-01,2026-04-01
case:ede84558202e,species:turtles,involves,1,2026-04-01,2026-04-01
case:ede84558202e,location:bengkulu,occurred_at,1,2026-04-01,2026-04-01
outlet:riaukarya.com,case:ede84558202e,reported,1,2026-04-01,2026-04-01
case:7af2b584e8e3,species:eels,involves,1,2026-04-01,2026-04-01
outlet:gendarmerie.interieur.gouv.fr,case:7af2b584e8e3,reported,1,2026-04-01,2026-04-01
outlet:gendarmerie.interieur.gouv.fr,case:ccd9cd071fb4,reported,1,2024-11-18,2024-11-18
case:d9669984d448,species:cheetah,involves,1,2026-04-01,2026-04-01
outlet:le_monde.fr,case:d9669984d448,reported,1,2026-04-01,2026-04-01
outlet:le_monde.fr,case:8a530e21da7c,reported,1,2025-11-18,2025-11-18
outlet:le_monde.fr,case:52e45fefc69d,reported,1,2025-10-27,2025-10-27
outlet:le_monde.fr,case:750160758978,reported,1,2025-10-10,2025-10-10
case:3492dbb838f5,species:turtles,involves,1,2026-04-01,2026-04-01
case:3492dbb838f5,location:greater_noida,occurred_at,1,2026-04-01,2026-04-01
case:660601ba8e97,species:wildlife_general,involves,1,2026-04-01,2026-04-01
case:660601ba8e97,location:madagascar,occurred_at,1,2026-04-01,2026-04-01
outlet:moov.mg,case:660601ba8e97,reported,1,2026-04-01,2026-04-01
outlet:moov.mg,case:6efa81193d0b,reported,1,2026-03-04,2026-03-04
outlet:moov.mg,case:2166620af976,reported,1,2025-11-17,2025-11-17
case:0dcfaa651745,species:elephant,involves,1,2026-04-01,2026-04-01
case:0dcfaa651745,commodity:elephant-kg,seized,1,2026-04-01,2026-04-01
outlet:fratmat.info,case:0dcfaa651745,reported,1,2026-04-01,2026-04-01
outlet:fratmat.info,case:f4fdcd317196,reported,1,2025-12-12,2025-12-12
outlet:fratmat.info,case:da2debfbbe70,reported,1,2025-12-03,2025-12-03
outlet:fratmat.info,case:1d072dc45066,reported,1,2025-10-22,2025-10-22
case:33d8ece0ec55,species:birds,involves,1,2026-03-31,2026-03-31
case:02a6d5e970ea,species:rosewood,involves,1,2026-03-31,2026-03-31
case:02a6d5e970ea,mode:road,via,1,2026-03-31,2026-03-31
outlet:goldsboro_daily_news,case:02a6d5e970ea,reported,1,2026-03-31,2026-03-31
case:4e9de0e0ca22,species:pangolin,involves,1,2026-03-31,2026-03-31
case:4e9de0e0ca22,location:lagos,occurred_at,1,2026-03-31,2026-03-31
case:a8f5bb53bbcf,species:turtles,involves,1,2026-03-31,2026-03-31
case:a8f5bb53bbcf,location:madagascar,occurred_at,1,2026-03-31,2026-03-31
case:2920158faca9,species:birds,involves,1,2026-03-31,2026-03-31
case:2920158faca9,species:primates,involves,1,2026-03-31,2026-03-31
case:2920158faca9,species:turtles,involves,1,2026-03-31,2026-03-31
case:2920158faca9,location:santa,occurred_at,1,2026-03-31,2026-03-31
location:santa,location:ilocos,within,1,2026-03-31,2026-03-31
case:950501b89cd5,species:wildlife_general,involves,1,2026-03-30,2026-03-30
outlet:fox_business,case:950501b89cd5,reported,1,2026-03-30,2026-03-30
case:0cc64c1dc472,species:rosewood,involves,1,2026-03-30,2026-03-30
case:0cc64c1dc472,location:porto_velho,occurred_at,1,2026-03-30,2026-03-30
location:porto_velho,location:rondônia,within,1,2026-03-30,2026-03-30
case:09e1fb9886aa,species:wildlife_general,involves,1,2026-03-30,2026-03-30
outlet:estado_de_minas,case:09e1fb9886aa,reported,1,2026-03-30,2026-03-30
case:87ca60403bfd,species:birds,involves,1,2026-03-29,2026-03-29
case:87ca60403bfd,location:sītāpur,occurred_at,1,2026-03-29,2026-03-29
case:87ca60403bfd,commodity:birds-parakeets,seized,1,2026-03-29,2026-03-29
location:sītāpur,location:uttar_pradesh,within,1,2026-03-29,2026-03-29
case:0430a91c9338,species:pangolin,involves,1,2026-03-29,2026-03-29
case:0430a91c9338,location:indonesia,occurred_at,1,2026-03-29,2026-03-29
case:0430a91c9338,commodity:pangolin-kg,seized,1,2026-03-29,2026-03-29
case:4330fadbae7f,species:shark_ray,involves,1,2026-03-29,2026-03-29
case:4330fadbae7f,location:australia,occurred_at,1,2026-03-29,2026-03-29
case:4330fadbae7f,commodity:shark_ray-ton,seized,1,2026-03-29,2026-03-29
case:36db08f663d4,species:birds,involves,1,2026-03-29,2026-03-29
case:36db08f663d4,location:pariquera-açu,occurred_at,1,2026-03-29,2026-03-29
location:pariquera-açu,location:são_paulo,within,1,2026-03-29,2026-03-29
case:022c28bb15cd,species:wildlife_general,involves,1,2026-03-29,2026-03-29
outlet:vistazo,case:022c28bb15cd,reported,1,2026-03-29,2026-03-29
outlet:vistazo,case:ef58f7825cff,reported,1,2025-11-19,2025-11-19
case:7da5d697de4d,species:elephant,involves,1,2026-03-28,2026-03-28
case:7da5d697de4d,location:zambia,occurred_at,1,2026-03-28,2026-03-28
case:813785c0a4dc,species:wildlife_general,involves,1,2026-03-28,2026-03-28
case:813785c0a4dc,location:singapore,occurred_at,1,2026-03-28,2026-03-28
outlet:safety4sea,case:813785c0a4dc,reported,1,2026-03-28,2026-03-28
outlet:maritimeprofessional.com,case:813785c0a4dc,reported,1,2026-03-28,2026-03-28
outlet:marine_insight,case:813785c0a4dc,reported,1,2026-03-28,2026-03-28
case:f08332e2b173,species:pangolin,involves,1,2026-03-28,2026-03-28
case:f08332e2b173,location:malay,occurred_at,1,2026-03-28,2026-03-28
case:f08332e2b173,commodity:pangolin-kg,seized,1,2026-03-28,2026-03-28
location:malay,location:western_visayas,within,1,2026-03-28,2026-03-28
outlet:malay_mail,case:f08332e2b173,reported,1,2026-03-28,2026-03-28
case:7c8f4e09e5ea,species:pangolin,involves,1,2026-03-28,2026-03-28
case:7c8f4e09e5ea,location:singapore,occurred_at,1,2026-03-28,2026-03-28
case:7c8f4e09e5ea,commodity:pangolin-pangolins,seized,1,2026-03-28,2026-03-28
case:820a1b30f8a5,species:pangolin,involves,1,2026-03-27,2026-03-27
case:820a1b30f8a5,location:singapore,occurred_at,1,2026-03-27,2026-03-27
case:820a1b30f8a5,commodity:pangolin-kg,seized,1,2026-03-27,2026-03-27
outlet:asiaone,case:820a1b30f8a5,reported,1,2026-03-27,2026-03-27
case:3708506a648e,species:wildlife_general,involves,1,2026-03-27,2026-03-27
outlet:veja_rio,case:3708506a648e,reported,1,2026-03-27,2026-03-27
case:b77cc4850062,species:wildlife_general,involves,1,2026-03-27,2026-03-27
case:b77cc4850062,location:manaus,occurred_at,1,2026-03-27,2026-03-27
outlet:portal_do_holanda,case:b77cc4850062,reported,1,2026-03-27,2026-03-27
case:6b2b40a517ee,species:turtles,involves,1,2026-03-27,2026-03-27
case:6b2b40a517ee,location:kairāna,occurred_at,1,2026-03-27,2026-03-27
location:kairāna,location:uttar_pradesh,within,1,2026-03-27,2026-03-27
case:fce31d48aa8f,species:sandalwood,involves,1,2026-03-27,2026-03-27
case:fce31d48aa8f,location:shājahānpur,occurred_at,1,2026-03-27,2026-03-27
location:shājahānpur,location:uttar_pradesh,within,1,2026-03-27,2026-03-27
case:87decde84bab,species:eels,involves,1,2026-03-27,2026-03-27
case:6958aa2c48a0,species:eels,involves,1,2026-03-27,2026-03-27
outlet:franceinfo,case:6958aa2c48a0,reported,1,2026-03-27,2026-03-27
outlet:franceinfo,case:133e012b7ee5,reported,1,2026-03-12,2026-03-12
outlet:franceinfo,case:914d0e1d2277,reported,1,2026-01-17,2026-01-17
case:bda0efede9e1,species:abalone,involves,1,2026-03-26,2026-03-26
case:bda0efede9e1,location:cape_town,occurred_at,1,2026-03-26,2026-03-26
case:7d107df2187d,species:abalone,involves,1,2026-03-26,2026-03-26
case:7d107df2187d,location:thornton,occurred_at,1,2026-03-26,2026-03-26
location:thornton,location:colorado,within,1,2026-03-26,2026-03-26
outlet:smile_90.4fm,case:7d107df2187d,reported,1,2026-03-26,2026-03-26
outlet:smile_90.4fm,case:cb433d4a86ba,reported,1,2026-03-19,2026-03-19
outlet:smile_90.4fm,case:c0b62ce5f93e,reported,1,2026-02-17,2026-02-17
outlet:smile_90.4fm,case:4d5fd1f125bf,reported,1,2025-11-09,2025-11-09
outlet:smile_90.4fm,case:6da236517e3d,reported,1,2024-11-14,2024-11-14
outlet:smile_90.4fm,case:567c3c366e89,reported,1,2024-09-16,2024-09-16
outlet:smile_90.4fm,case:73d4efb00095,reported,1,2024-09-15,2024-09-15
outlet:smile_90.4fm,case:c22d2c37836e,reported,1,2024-06-10,2024-06-10
case:ecfbdbd766cd,species:abalone,involves,1,2026-03-26,2026-03-26
case:a6a34fd6da3a,species:wildlife_general,involves,1,2026-03-26,2026-03-26
outlet:tvperú,case:a6a34fd6da3a,reported,1,2026-03-26,2026-03-26
case:a73954e2e38e,species:pangolin,involves,1,2026-03-26,2026-03-26
case:a73954e2e38e,location:laos,occurred_at,1,2026-03-26,2026-03-26
outlet:wanderlust_travel_magazine,case:a73954e2e38e,reported,1,2026-03-26,2026-03-26
case:38f619d14eda,species:wildlife_general,involves,1,2026-03-26,2026-03-26
case:38f619d14eda,location:americana,occurred_at,1,2026-03-26,2026-03-26
location:americana,location:são_paulo,within,3,2026-02-15,2026-03-26
outlet:repórter_naressi,case:38f619d14eda,reported,1,2026-03-26,2026-03-26
case:a50c19cd4cd1,species:wildlife_general,involves,1,2026-03-25,2026-03-25
case:a50c19cd4cd1,commodity:wildlife_general-kilos,seized,1,2026-03-25,2026-03-25
outlet:yvke_mundial,case:a50c19cd4cd1,reported,1,2026-03-25,2026-03-25
case:0193f0757a05,species:wildlife_general,involves,1,2026-03-25,2026-03-25
outlet:austrac,case:0193f0757a05,reported,1,2026-03-25,2026-03-25
case:615212908a89,species:red_sanders,involves,1,2026-03-24,2026-03-24
case:615212908a89,species:sandalwood,involves,1,2026-03-24,2026-03-24
case:615212908a89,commodity:red_sanders-kg,seized,1,2026-03-24,2026-03-24
case:615212908a89,commodity:sandalwood-kg,seized,1,2026-03-24,2026-03-24
case:9b7db4c31e47,species:eels,involves,1,2026-03-24,2026-03-24
case:9b7db4c31e47,location:asia,occurred_at,1,2026-03-24,2026-03-24
case:e2ef478845ca,species:wildlife_general,involves,1,2026-03-24,2026-03-24
case:e2ef478845ca,location:arequipa,occurred_at,1,2026-03-24,2026-03-24
case:7d5ff4b75c6a,species:birds,involves,1,2026-03-24,2026-03-24
case:7d5ff4b75c6a,location:san_diego,occurred_at,1,2026-03-24,2026-03-24
case:7d5ff4b75c6a,commodity:birds-parrots,seized,1,2026-03-24,2026-03-24
location:san_diego,location:california,within,2,2026-01-26,2026-03-24
outlet:nbc_7_san_diego,case:7d5ff4b75c6a,reported,1,2026-03-24,2026-03-24
outlet:nbc_7_san_diego,case:3900592efa18,reported,1,2026-01-26,2026-01-26
case:cac2446ade60,species:red_sanders,involves,1,2026-03-24,2026-03-24
case:cac2446ade60,location:bengaluru,occurred_at,1,2026-03-24,2026-03-24
case:826c720c9e96,species:elephant,involves,1,2026-03-24,2026-03-24
case:826c720c9e96,location:uganda,occurred_at,1,2026-03-24,2026-03-24
case:826c720c9e96,commodity:elephant-kg,seized,1,2026-03-24,2026-03-24
outlet:the_independent_uganda,case:826c720c9e96,reported,1,2026-03-24,2026-03-24
case:26509d76b4a8,species:tiger,involves,1,2026-03-23,2026-03-23
case:26509d76b4a8,location:mayūrbhanj,occurred_at,1,2026-03-23,2026-03-23
location:mayūrbhanj,location:odisha,within,1,2026-03-23,2026-03-23
case:24627d173ef8,species:elephant,involves,1,2026-03-23,2026-03-23
case:24627d173ef8,commodity:elephant-kg,seized,1,2026-03-23,2026-03-23
outlet:chimpreports,case:24627d173ef8,reported,1,2026-03-23,2026-03-23
outlet:chimpreports,case:ba35475f78eb,reported,1,2026-02-23,2026-02-23
case:fded2eb1f908,species:wildlife_general,involves,1,2026-03-23,2026-03-23
case:fded2eb1f908,location:cuiabá,occurred_at,1,2026-03-23,2026-03-23
location:cuiabá,location:mato_grosso,within,1,2026-03-23,2026-03-23
case:3734c6986ef0,species:birds,involves,1,2026-03-23,2026-03-23
case:59ffd3794968,species:eels,involves,1,2026-03-22,2026-03-22
case:59ffd3794968,commodity:eels-kilos,seized,1,2026-03-22,2026-03-22
outlet:orain,case:59ffd3794968,reported,1,2026-03-22,2026-03-22
outlet:donostitik.com,case:59ffd3794968,reported,1,2026-03-22,2026-03-22
case:03e78be207b1,species:eels,involves,1,2026-03-22,2026-03-22
outlet:el_diario_vasco,case:03e78be207b1,reported,1,2026-03-22,2026-03-22
outlet:el_diario_vasco,case:afeeb47609cb,reported,1,2026-03-13,2026-03-13
outlet:noticias_de_gipuzkoa,case:03e78be207b1,reported,1,2026-03-22,2026-03-22
case:fb90b7942531,species:elephant,involves,1,2026-03-21,2026-03-21
case:fb90b7942531,commodity:elephant-kg,seized,1,2026-03-21,2026-03-21
outlet:mznews,case:fb90b7942531,reported,1,2026-03-21,2026-03-21
case:cfa9b38ad773,species:pangolin,involves,1,2026-03-20,2026-03-20
case:cfa9b38ad773,location:jakarta,occurred_at,1,2026-03-20,2026-03-20
case:cfa9b38ad773,mode:sea,via,1,2026-03-20,2026-03-20
case:cfa9b38ad773,commodity:pangolin-tons,seized,1,2026-03-20,2026-03-20
case:e55e36b7ec44,species:turtles,involves,1,2026-03-20,2026-03-20
case:e55e36b7ec44,location:patna,occurred_at,1,2026-03-20,2026-03-20
case:e55e36b7ec44,mode:rail,via,1,2026-03-20,2026-03-20
case:e55e36b7ec44,commodity:turtles-live,seized,1,2026-03-20,2026-03-20
location:patna,location:bihar,within,2,2025-09-19,2026-03-20
case:1cd427913b37,species:wildlife_general,involves,1,2026-03-20,2026-03-20
case:60001151dda9,species:birds,involves,1,2026-03-20,2026-03-20
case:60001151dda9,location:houston,occurred_at,1,2026-03-20,2026-03-20
location:houston,location:texas,within,1,2026-03-20,2026-03-20
outlet:fox_26_houston,case:60001151dda9,reported,1,2026-03-20,2026-03-20
case:0100edbd1803,species:elephant,involves,1,2026-03-19,2026-03-19
case:0100edbd1803,location:zambia,occurred_at,1,2026-03-19,2026-03-19
case:cb433d4a86ba,species:abalone,involves,1,2026-03-19,2026-03-19
case:2b72e46ea40d,species:eels,involves,1,2026-03-19,2026-03-19
case:1001b012424d,species:elephant,involves,1,2026-03-19,2026-03-19
case:1001b012424d,location:france,occurred_at,1,2026-03-19,2026-03-19
outlet:france_24,case:1001b012424d,reported,1,2026-03-19,2026-03-19
case:2a8d89bec27f,species:abalone,involves,1,2026-03-18,2026-03-18
case:41600616ba95,species:wildlife_general,involves,1,2026-03-18,2026-03-18
outlet:aqui_notícias,case:41600616ba95,reported,1,2026-03-18,2026-03-18
case:2ab03e1a55c7,species:rosewood,involves,1,2026-03-18,2026-03-18
case:2ab03e1a55c7,location:neiva,occurred_at,1,2026-03-18,2026-03-18
location:neiva,location:huila_department,within,1,2026-03-18,2026-03-18
outlet:diario_del_huila,case:2ab03e1a55c7,reported,1,2026-03-18,2026-03-18
case:fd7fd5619dac,species:turtles,involves,1,2026-03-18,2026-03-18
case:fd7fd5619dac,mode:rail,via,1,2026-03-18,2026-03-18
case:e5e78658d160,species:leopard,involves,1,2026-03-18,2026-03-18
case:e5e78658d160,location:bastar,occurred_at,1,2026-03-18,2026-03-18
case:bac6c31e2702,species:leopard,involves,1,2026-03-18,2026-03-18
case:e40114acf70b,species:wildlife_general,involves,1,2026-03-17,2026-03-17
case:e40114acf70b,location:kenya,occurred_at,1,2026-03-17,2026-03-17
case:e40114acf70b,commodity:wildlife_general-live,seized,1,2026-03-17,2026-03-17
outlet:gulf_news,case:e40114acf70b,reported,1,2026-03-17,2026-03-17
case:5a70f0ec6f8c,species:wildlife_general,involves,1,2026-03-17,2026-03-17
case:5a70f0ec6f8c,location:costa_rica,occurred_at,1,2026-03-17,2026-03-17
case:01960fdd33d5,species:wildlife_general,involves,1,2026-03-16,2026-03-16
case:4acfbce1272b,species:rhino,involves,1,2026-03-16,2026-03-16
case:4acfbce1272b,location:south_africa,occurred_at,1,2026-03-16,2026-03-16
outlet:báo_vietnamnet,case:4acfbce1272b,reported,1,2026-03-16,2026-03-16
case:99b4df3c7ef6,species:birds,involves,1,2026-03-16,2026-03-16
case:99b4df3c7ef6,mode:online,via,1,2026-03-16,2026-03-16
case:d62d3e4ec251,species:birds,involves,1,2026-03-16,2026-03-16
case:7215550f314e,species:rosewood,involves,1,2026-03-16,2026-03-16
case:a52d4b9ab930,species:birds,involves,1,2026-03-16,2026-03-16
case:affdfa7c8ef5,species:red_sanders,involves,1,2026-03-15,2026-03-15
case:affdfa7c8ef5,species:sandalwood,involves,1,2026-03-15,2026-03-15
case:affdfa7c8ef5,location:kadapa,occurred_at,1,2026-03-15,2026-03-15
case:affdfa7c8ef5,commodity:red_sanders-logs,seized,1,2026-03-15,2026-03-15
case:affdfa7c8ef5,commodity:sandalwood-logs,seized,1,2026-03-15,2026-03-15
case:47fe3d5f4cfe,species:sandalwood,involves,1,2026-03-15,2026-03-15
case:47fe3d5f4cfe,location:mysuru,occurred_at,1,2026-03-15,2026-03-15
case:47fe3d5f4cfe,commodity:sandalwood-tonne,seized,1,2026-03-15,2026-03-15
case:c97d0eb85019,species:eels,involves,1,2026-03-14,2026-03-14
case:c97d0eb85019,location:españa,occurred_at,1,2026-03-14,2026-03-14
location:españa,location:mimaropa,within,1,2026-03-14,2026-03-14
outlet:la_voz_de_galicia,case:c97d0eb85019,reported,1,2026-03-14,2026-03-14
case:751b37291852,species:wildlife_general,involves,1,2026-03-13,2026-03-13
case:751b37291852,location:malaysia,occurred_at,1,2026-03-13,2026-03-13
case:751b37291852,mode:air,via,1,2026-03-13,2026-03-13
case:bca8a5c898e8,species:turtles,involves,1,2026-03-13,2026-03-13
case:7195b2d42741,species:wildlife_general,involves,1,2026-03-13,2026-03-13
outlet:mpf.mp.br,case:7195b2d42741,reported,1,2026-03-13,2026-03-13
outlet:mpf.mp.br,case:f3a97e621f7d,reported,1,2025-12-01,2025-12-01
case:d4b94961cc4d,species:rhino,involves,1,2026-03-13,2026-03-13
case:afeeb47609cb,species:eels,involves,1,2026-03-13,2026-03-13
case:f1a618b6bd3d,species:wildlife_general,involves,1,2026-03-13,2026-03-13
case:935c6a707722,species:abalone,involves,1,2026-03-12,2026-03-12
case:5a7bd96b7799,species:abalone,involves,1,2026-03-12,2026-03-12
case:5a7bd96b7799,location:cape_town,occurred_at,1,2026-03-12,2026-03-12
case:a4a344acecdb,species:primates,involves,1,2026-03-12,2026-03-12
case:a4a344acecdb,location:indonesia,occurred_at,1,2026-03-12,2026-03-12
case:26a8f02dcab3,species:wildlife_general,involves,1,2026-03-12,2026-03-12
outlet:the_morning,case:26a8f02dcab3,reported,1,2026-03-12,2026-03-12
case:cdb2ef59192b,species:turtles,involves,1,2026-03-12,2026-03-12
case:be7c14d5a6fe,species:birds,involves,1,2026-03-12,2026-03-12
case:be7c14d5a6fe,location:serra,occurred_at,1,2026-03-12,2026-03-12
case:b30d90f51054,species:rhino,involves,1,2026-03-12,2026-03-12
case:b30d90f51054,location:south_africa,occurred_at,1,2026-03-12,2026-03-12
outlet:democratic_alliance,case:b30d90f51054,reported,1,2026-03-12,2026-03-12
case:75909b48e1a0,species:elephant,involves,1,2026-03-12,2026-03-12
case:133e012b7ee5,species:eels,involves,1,2026-03-12,2026-03-12
case:133e012b7ee5,location:france,occurred_at,1,2026-03-12,2026-03-12
case:9d98b13da3ce,species:wildlife_general,involves,1,2026-03-12,2026-03-12
case:0296f982865b,species:wildlife_general,involves,1,2026-03-11,2026-03-11
case:0296f982865b,location:polokwane,occurred_at,1,2026-03-11,2026-03-11
case:0296f982865b,commodity:wildlife_general-live,seized,1,2026-03-11,2026-03-11
outlet:arrive_alive,case:0296f982865b,reported,1,2026-03-11,2026-03-11
case:a23af60db755,species:birds,involves,1,2026-03-11,2026-03-11
case:a23af60db755,location:casa_branca,occurred_at,1,2026-03-11,2026-03-11
location:casa_branca,location:são_paulo,within,1,2026-03-11,2026-03-11
case:127bd7ce6c8a,species:shark_ray,involves,1,2026-03-11,2026-03-11
case:127bd7ce6c8a,location:angra_dos_reis,occurred_at,1,2026-03-11,2026-03-11
case:127bd7ce6c8a,commodity:shark_ray-kg,seized,1,2026-03-11,2026-03-11
location:angra_dos_reis,location:rio_de_janeiro,within,1,2026-03-11,2026-03-11
outlet:jornal_dr1,case:127bd7ce6c8a,reported,1,2026-03-11,2026-03-11
case:439ff24d03db,species:wildlife_general,involves,1,2026-03-10,2026-03-10
case:439ff24d03db,location:york,occurred_at,1,2026-03-10,2026-03-10
location:york,location:pennsylvania,within,1,2026-03-10,2026-03-10
location:york,location:england,within,1,2025-11-15,2025-11-15
outlet:pulitzer_center,case:439ff24d03db,reported,1,2026-03-10,2026-03-10
outlet:the_new_york_times,case:439ff24d03db,reported,1,2026-03-10,2026-03-10
outlet:the_new_york_times,case:e5e73dbfa534,reported,1,2025-11-15,2025-11-15
case:d30ed396474a,species:wildlife_general,involves,1,2026-03-10,2026-03-10
case:c8b4ae85eb2f,species:wildlife_general,involves,1,2026-03-10,2026-03-10
agency:denr,case:c8b4ae85eb2f,acted_in,1,2026-03-10,2026-03-10
agency:denr,case:2294208be2cd,acted_in,1,2026-02-24,2026-02-24
agency:denr,case:9f9c392bc16c,acted_in,1,2026-02-23,2026-02-23
agency:unodc,case:c8b4ae85eb2f,acted_in,1,2026-03-10,2026-03-10
outlet:denr-bmb_|_biodiversity_management_bureau,case:c8b4ae85eb2f,reported,1,2026-03-10,2026-03-10
case:8cce8ce1a78c,species:wildlife_general,involves,1,2026-03-09,2026-03-09
case:8cce8ce1a78c,location:uttar_pradesh,occurred_at,1,2026-03-09,2026-03-09
case:10306a0382c7,species:elephant,involves,1,2026-03-09,2026-03-09
case:10306a0382c7,location:kindu,occurred_at,1,2026-03-09,2026-03-09
location:kindu,location:maniema,within,1,2026-03-09,2026-03-09
case:ed06527e18a0,species:pangolin,involves,1,2026-03-08,2026-03-08
case:ed06527e18a0,location:bongaigaon,occurred_at,1,2026-03-08,2026-03-08
location:bongaigaon,location:assam,within,1,2026-03-08,2026-03-08
case:06c764be26e5,species:turtles,involves,1,2026-03-06,2026-03-06
case:06c764be26e5,location:goiás,occurred_at,1,2026-03-06,2026-03-06
outlet:portal_agro2,case:06c764be26e5,reported,1,2026-03-06,2026-03-06
case:4732f6482dc9,species:primates,involves,1,2026-03-06,2026-03-06
case:4732f6482dc9,location:americana,occurred_at,1,2026-03-06,2026-03-06
outlet:policial_padrão,case:4732f6482dc9,reported,1,2026-03-06,2026-03-06
case:74398a5eb1ef,species:pangolin,involves,1,2026-03-06,2026-03-06
case:74398a5eb1ef,location:indonesia,occurred_at,1,2026-03-06,2026-03-06
case:74398a5eb1ef,commodity:pangolin-ton,seized,1,2026-03-06,2026-03-06
case:8166d8671156,species:wildlife_general,involves,1,2026-03-05,2026-03-05
case:8166d8671156,location:anakan,occurred_at,1,2026-03-05,2026-03-05
location:anakan,location:northern_mindanao,within,1,2026-03-05,2026-03-05
case:49cad0b00179,species:wildlife_general,involves,1,2026-03-04,2026-03-04
case:49cad0b00179,location:windhoek,occurred_at,1,2026-03-04,2026-03-04
location:windhoek,location:khomas_region,within,1,2026-03-04,2026-03-04
outlet:economist.com.na,case:49cad0b00179,reported,1,2026-03-04,2026-03-04
case:656a6ba2f673,species:wildlife_general,involves,1,2026-03-04,2026-03-04
case:d0c0d4dd2dd3,species:wildlife_general,involves,1,2026-03-04,2026-03-04
case:37d136d82229,species:sandalwood,involves,1,2026-03-04,2026-03-04
case:37d136d82229,location:prayagraj,occurred_at,1,2026-03-04,2026-03-04
location:prayagraj,location:uttar_pradesh,within,1,2026-03-04,2026-03-04
case:6efa81193d0b,species:turtles,involves,1,2026-03-04,2026-03-04
case:6efa81193d0b,location:toliara,occurred_at,1,2026-03-04,2026-03-04
location:toliara,location:atsimo-andrefana,within,1,2026-03-04,2026-03-04
case:a97d4c4cda78,species:turtles,involves,1,2026-03-04,2026-03-04
outlet:2424.mg,case:a97d4c4cda78,reported,1,2026-03-04,2026-03-04
outlet:2424.mg,case:9c2e08301b72,reported,1,2025-11-17,2025-11-17
outlet:2424.mg,case:1e9a55409968,reported,1,2025-10-22,2025-10-22
case:446d12864ac5,species:pangolin,involves,1,2026-03-03,2026-03-03
case:446d12864ac5,mode:air,via,1,2026-03-03,2026-03-03
case:446d12864ac5,commodity:pangolin-pangolins,seized,1,2026-03-03,2026-03-03
case:609d516df9b2,species:shark_ray,involves,1,2026-03-03,2026-03-03
case:609d516df9b2,commodity:shark_ray-tons,seized,1,2026-03-03,2026-03-03
case:6966338b1d42,species:shark_ray,involves,1,2026-03-03,2026-03-03
case:5c787d6e9197,species:wildlife_general,involves,1,2026-03-03,2026-03-03
outlet:sussexworld,case:5c787d6e9197,reported,1,2026-03-03,2026-03-03
case:231acec8fd99,species:wildlife_general,involves,1,2026-03-03,2026-03-03
outlet:ministério_público_-_rs,case:231acec8fd99,reported,1,2026-03-03,2026-03-03
case:e9f8672d23b3,species:wildlife_general,involves,1,2026-03-03,2026-03-03
outlet:jornal_da_paraíba,case:e9f8672d23b3,reported,1,2026-03-03,2026-03-03
case:f85d66b7565c,species:wildlife_general,involves,1,2026-03-03,2026-03-03
case:f85d66b7565c,location:sorocaba,occurred_at,1,2026-03-03,2026-03-03
location:sorocaba,location:são_paulo,within,1,2026-03-03,2026-03-03
outlet:bom_dia_sorocaba,case:f85d66b7565c,reported,1,2026-03-03,2026-03-03
case:fd811bcedac1,species:rosewood,involves,1,2026-03-03,2026-03-03
case:fd811bcedac1,location:madera,occurred_at,1,2026-03-03,2026-03-03
case:85e546a29a01,species:wildlife_general,involves,1,2026-03-03,2026-03-03
case:85e546a29a01,location:paraguay,occurred_at,1,2026-03-03,2026-03-03
outlet:abc.com.py,case:85e546a29a01,reported,1,2026-03-03,2026-03-03
case:a5d978f752d7,species:elephant,involves,1,2026-03-03,2026-03-03
outlet:infopublik,case:a5d978f752d7,reported,1,2026-03-03,2026-03-03
case:80f9b4549108,species:red_sanders,involves,1,2026-03-02,2026-03-02
case:80f9b4549108,location:karnataka,occurred_at,1,2026-03-02,2026-03-02
case:80f9b4549108,commodity:red_sanders-logs,seized,1,2026-03-02,2026-03-02
case:1e030b9041b9,species:rosewood,involves,1,2026-03-02,2026-03-02
case:74bf8ec9f241,species:turtles,involves,1,2026-03-02,2026-03-02
case:74bf8ec9f241,commodity:turtles-live,seized,1,2026-03-02,2026-03-02
case:a560324ad0a9,species:rosewood,involves,1,2026-03-01,2026-03-01
case:b6e753662c65,species:birds,involves,1,2026-02-28,2026-02-28
case:b6e753662c65,location:petrolina,occurred_at,1,2026-02-28,2026-02-28
location:petrolina,location:pernambuco,within,1,2026-02-28,2026-02-28
case:b335e36276e2,species:pangolin,involves,1,2026-02-28,2026-02-28
case:b335e36276e2,location:mirzāpur,occurred_at,1,2026-02-28,2026-02-28
case:25ed4fc78719,species:pangolin,involves,1,2026-02-27,2026-02-27
case:25ed4fc78719,location:madrid,occurred_at,1,2026-02-27,2026-02-27
case:25ed4fc78719,mode:air,via,1,2026-02-27,2026-02-27
case:25ed4fc78719,commodity:pangolin-pangolins,seized,1,2026-02-27,2026-02-27
outlet:the_independent,case:25ed4fc78719,reported,1,2026-02-27,2026-02-27
outlet:the_independent,case:1670a09d3382,reported,1,2025-12-11,2025-12-11
outlet:the_independent,case:3f2be7fb4cff,reported,1,2025-12-11,2025-12-11
outlet:the_independent,case:cf914b9fc569,reported,1,2025-11-16,2025-11-16
outlet:the_independent,case:ed15df659797,reported,1,2025-10-02,2025-10-02
case:1de0c652a986,species:wildlife_general,involves,1,2026-02-27,2026-02-27
outlet:news.fiu.edu,case:1de0c652a986,reported,1,2026-02-27,2026-02-27
case:1d070e32dcfb,species:wildlife_general,involves,1,2026-02-27,2026-02-27
case:c8e089639d09,species:pangolin,involves,1,2026-02-27,2026-02-27
case:c8e089639d09,location:bauchi,occurred_at,1,2026-02-27,2026-02-27
case:34fbc080968a,species:birds,involves,1,2026-02-27,2026-02-27
case:34fbc080968a,location:celaya,occurred_at,1,2026-02-27,2026-02-27
location:celaya,location:guanajuato,within,1,2026-02-27,2026-02-27
outlet:proceso,case:34fbc080968a,reported,1,2026-02-27,2026-02-27
case:27a22814a95c,species:pangolin,involves,1,2026-02-26,2026-02-26
case:27a22814a95c,mode:air,via,1,2026-02-26,2026-02-26
case:27a22814a95c,commodity:pangolin-pangolins,seized,1,2026-02-26,2026-02-26
outlet:sur_in_english,case:27a22814a95c,reported,1,2026-02-26,2026-02-26
case:f0147a6bc019,species:wildlife_general,involves,1,2026-02-26,2026-02-26
case:f0147a6bc019,location:czechia,occurred_at,1,2026-02-26,2026-02-26
outlet:tol.org,case:f0147a6bc019,reported,1,2026-02-26,2026-02-26
case:7a1be58a16c2,species:rosewood,involves,1,2026-02-26,2026-02-26
outlet:gazeta_digital,case:7a1be58a16c2,reported,1,2026-02-26,2026-02-26
case:3fce30ddd36f,species:wildlife_general,involves,1,2026-02-26,2026-02-26
case:08eb232859cd,species:wildlife_general,involves,1,2026-02-26,2026-02-26
case:08eb232859cd,location:buenos_aires,occurred_at,1,2026-02-26,2026-02-26
outlet:buenos_aires_ciudad,case:08eb232859cd,reported,1,2026-02-26,2026-02-26
case:fc94809cbfef,species:birds,involves,1,2026-02-26,2026-02-26
case:fc94809cbfef,location:latina,occurred_at,1,2026-02-26,2026-02-26
outlet:latina_-_le_son_latino,case:fc94809cbfef,reported,1,2026-02-26,2026-02-26
case:b63cbabd36a9,species:rhino,involves,1,2026-02-25,2026-02-25
case:b63cbabd36a9,location:cape_town,occurred_at,1,2026-02-25,2026-02-25
case:b63cbabd36a9,mode:air,via,1,2026-02-25,2026-02-25
case:b63cbabd36a9,commodity:rhino-horn,seized,1,2026-02-25,2026-02-25
case:150fc87169c0,species:wildlife_general,involves,1,2026-02-25,2026-02-25
case:99a653a2530f,species:pangolin,involves,1,2026-02-25,2026-02-25
case:99a653a2530f,location:singapore,occurred_at,1,2026-02-25,2026-02-25
case:99a653a2530f,commodity:pangolin-tonnes,seized,1,2026-02-25,2026-02-25
outlet:isomer-user-content.by.gov.sg,case:99a653a2530f,reported,1,2026-02-25,2026-02-25
case:0e8e3567dd8f,species:red_sanders,involves,1,2026-02-24,2026-02-24
case:0e8e3567dd8f,mode:road,via,1,2026-02-24,2026-02-24
case:ddaa71ad3b66,species:red_sanders,involves,1,2026-02-24,2026-02-24
case:445e9fc97e8c,species:wildlife_general,involves,1,2026-02-24,2026-02-24
case:445e9fc97e8c,location:malaysia,occurred_at,1,2026-02-24,2026-02-24
case:445e9fc97e8c,mode:air,via,1,2026-02-24,2026-02-24
case:4248269aa562,species:wildlife_general,involves,1,2026-02-24,2026-02-24
case:4248269aa562,location:manipur,occurred_at,1,2026-02-24,2026-02-24
case:745178563e2a,species:birds,involves,1,2026-02-24,2026-02-24
outlet:folha_bv,case:745178563e2a,reported,1,2026-02-24,2026-02-24
case:9168ae2d3ce1,species:wildlife_general,involves,1,2026-02-24,2026-02-24
case:9168ae2d3ce1,location:são_gonçalo,occurred_at,1,2026-02-24,2026-02-24
outlet:são_gonçalo_agora,case:9168ae2d3ce1,reported,1,2026-02-24,2026-02-24
case:376f52999d0d,species:rosewood,involves,1,2026-02-24,2026-02-24
case:376f52999d0d,location:tocantins,occurred_at,1,2026-02-24,2026-02-24
case:2294208be2cd,species:agarwood,involves,1,2026-02-24,2026-02-24
case:2294208be2cd,location:philippines,occurred_at,1,2026-02-24,2026-02-24
outlet:gmanetwork.com,case:2294208be2cd,reported,1,2026-02-24,2026-02-24
case:dcba4dda7626,species:pangolin,involves,1,2026-02-24,2026-02-24
case:f3bc75ea454a,species:elephant,involves,1,2026-02-24,2026-02-24
case:f3bc75ea454a,location:uganda,occurred_at,1,2026-02-24,2026-02-24
case:f3bc75ea454a,commodity:elephant-kg,seized,1,2026-02-24,2026-02-24
outlet:the_peninsula_qatar,case:f3bc75ea454a,reported,1,2026-02-24,2026-02-24
outlet:the_peninsula_qatar,case:565584b8acc2,reported,1,2025-02-02,2025-02-02
case:5fd4d2694be9,species:wildlife_general,involves,1,2026-02-23,2026-02-23
case:5fd4d2694be9,mode:sea,via,1,2026-02-23,2026-02-23
case:ba35475f78eb,species:elephant,involves,1,2026-02-23,2026-02-23
case:ba35475f78eb,commodity:elephant-tusks,seized,1,2026-02-23,2026-02-23
outlet:ug_diplomat,case:ba35475f78eb,reported,1,2026-02-23,2026-02-23
case:d5ba3297850a,species:birds,involves,1,2026-02-23,2026-02-23
case:d5ba3297850a,location:arapiraca,occurred_at,1,2026-02-23,2026-02-23
location:arapiraca,location:alagoas,within,1,2026-02-23,2026-02-23
case:9f9c392bc16c,species:agarwood,involves,1,2026-02-23,2026-02-23
case:9f9c392bc16c,location:san_fernando,occurred_at,1,2026-02-23,2026-02-23
case:9f9c392bc16c,mode:online,via,1,2026-02-23,2026-02-23
location:san_fernando,location:central_luzon,within,1,2026-02-23,2026-02-23
case:94f7df0c4fe4,species:agarwood,involves,1,2026-02-23,2026-02-23
case:a57187de320e,species:pangolin,involves,1,2026-02-22,2026-02-22
case:a57187de320e,location:kenya,occurred_at,1,2026-02-22,2026-02-22
case:5f9fcabe898b,species:pangolin,involves,1,2026-02-21,2026-02-21
outlet:gk_today,case:5f9fcabe898b,reported,1,2026-02-21,2026-02-21
case:646f57fadf85,species:turtles,involves,1,2026-02-21,2026-02-21
case:646f57fadf85,location:district_raebareli,occurred_at,1,2026-02-21,2026-02-21
location:district_raebareli,location:uttar_pradesh,within,1,2026-02-21,2026-02-21
case:6a80369ad55a,species:birds,involves,1,2026-02-20,2026-02-20
case:6a80369ad55a,location:monteiro,occurred_at,1,2026-02-20,2026-02-20
location:monteiro,location:paraíba,within,1,2026-02-20,2026-02-20
outlet:disquedenuncia181.es.gov.br,case:6a80369ad55a,reported,1,2026-02-20,2026-02-20
case:aa359cbbecbe,species:leopard,involves,1,2026-02-20,2026-02-20
case:aa359cbbecbe,location:champawat,occurred_at,1,2026-02-20,2026-02-20
location:champawat,location:uttarakhand,within,1,2026-02-20,2026-02-20
case:d5df5928f518,species:turtles,involves,1,2026-02-20,2026-02-20
case:d5df5928f518,location:bihar,occurred_at,1,2026-02-20,2026-02-20
case:efac62370629,species:pangolin,involves,1,2026-02-20,2026-02-20
case:efac62370629,location:nigeria,occurred_at,1,2026-02-20,2026-02-20
case:1b302f779982,species:turtles,involves,1,2026-02-20,2026-02-20
case:08b066f16128,species:turtles,involves,1,2026-02-20,2026-02-20
outlet:corse_matin,case:08b066f16128,reported,1,2026-02-20,2026-02-20
case:af5944c9f827,species:turtles,involves,1,2026-02-20,2026-02-20
case:6b66a372dce3,species:turtles,involves,1,2026-02-20,2026-02-20
case:a884c16a759a,species:pangolin,involves,1,2026-02-19,2026-02-19
case:a884c16a759a,species:primates,involves,1,2026-02-19,2026-02-19
case:a884c16a759a,location:cameroon,occurred_at,1,2026-02-19,2026-02-19
case:a884c16a759a,commodity:pangolin-kg,seized,1,2026-02-19,2026-02-19
case:a884c16a759a,commodity:primates-kg,seized,1,2026-02-19,2026-02-19
case:0ac35736ec84,species:wildlife_general,involves,1,2026-02-19,2026-02-19
case:0ac35736ec84,location:jomo_kenyatta,occurred_at,1,2026-02-19,2026-02-19
outlet:awf.org,case:0ac35736ec84,reported,1,2026-02-19,2026-02-19
outlet:awf.org,case:98994072beb5,reported,1,2025-10-21,2025-10-21
case:d733fca703ff,species:pangolin,involves,1,2026-02-19,2026-02-19
outlet:businessday_ng,case:d733fca703ff,reported,1,2026-02-19,2026-02-19
case:b306db54ef0f,species:birds,involves,1,2026-02-19,2026-02-19
case:b306db54ef0f,location:alto_hospicio,occurred_at,1,2026-02-19,2026-02-19
location:alto_hospicio,location:tarapacá,within,1,2026-02-19,2026-02-19
outlet:vilas_radio,case:b306db54ef0f,reported,1,2026-02-19,2026-02-19
outlet:vilas_radio,case:87f814cec46b,reported,1,2025-10-14,2025-10-14
case:f1a5de0461f1,species:rosewood,involves,1,2026-02-19,2026-02-19
outlet:prensa_libre,case:f1a5de0461f1,reported,1,2026-02-19,2026-02-19
case:9af82a32e755,species:pangolin,involves,1,2026-02-18,2026-02-18
case:8e633f7784ed,species:birds,involves,1,2026-02-18,2026-02-18
case:8e633f7784ed,location:mexico,occurred_at,1,2026-02-18,2026-02-18
case:8e633f7784ed,commodity:birds-parrots,seized,1,2026-02-18,2026-02-18
outlet:mexico_news_daily,case:8e633f7784ed,reported,1,2026-02-18,2026-02-18
outlet:mexico_news_daily,case:3ba1562da0ec,reported,1,2025-11-17,2025-11-17
case:47c7997e0e6a,species:red_sanders,involves,1,2026-02-18,2026-02-18
case:47c7997e0e6a,location:tirupati,occurred_at,1,2026-02-18,2026-02-18
case:55287d904ed1,species:wildlife_general,involves,1,2026-02-18,2026-02-18
outlet:news.csudh.edu,case:55287d904ed1,reported,1,2026-02-18,2026-02-18
case:9e7ffdf75d44,species:wildlife_general,involves,1,2026-02-18,2026-02-18
case:9e7ffdf75d44,location:united_states,occurred_at,1,2026-02-18,2026-02-18
case:6902ad1bea9f,species:wildlife_general,involves,1,2026-02-18,2026-02-18
case:6902ad1bea9f,mode:online,via,1,2026-02-18,2026-02-18
case:aa7831af5822,species:birds,involves,1,2026-02-18,2026-02-18
case:aa7831af5822,location:istanbul,occurred_at,1,2026-02-18,2026-02-18
case:aa7831af5822,mode:air,via,1,2026-02-18,2026-02-18
outlet:bianet,case:aa7831af5822,reported,1,2026-02-18,2026-02-18
outlet:i̇lke_haber_ajansı,case:aa7831af5822,reported,1,2026-02-18,2026-02-18
case:c0b62ce5f93e,species:abalone,involves,1,2026-02-17,2026-02-17
case:c0b62ce5f93e,location:gqeberha,occurred_at,1,2026-02-17,2026-02-17
outlet:theherald.co.za,case:c0b62ce5f93e,reported,1,2026-02-17,2026-02-17
case:0fa6bf679e6d,species:abalone,involves,1,2026-02-17,2026-02-17
outlet:algoafm.co.za,case:0fa6bf679e6d,reported,1,2026-02-17,2026-02-17
outlet:algoafm.co.za,case:e475b69e234f,reported,1,2024-10-25,2024-10-25
case:da94cb345bdb,species:wildlife_general,involves,1,2026-02-17,2026-02-17
outlet:hürriyet_daily_news,case:da94cb345bdb,reported,1,2026-02-17,2026-02-17
case:e1bba5713961,species:pangolin,involves,1,2026-02-16,2026-02-16
case:e1bba5713961,location:alipurduar,occurred_at,1,2026-02-16,2026-02-16
case:e1bba5713961,commodity:pangolin-kg,seized,1,2026-02-16,2026-02-16
location:alipurduar,location:west_bengal,within,1,2026-02-16,2026-02-16
case:7a96e9c9b648,species:pangolin,involves,1,2026-02-16,2026-02-16
outlet:born_free_usa,case:7a96e9c9b648,reported,1,2026-02-16,2026-02-16
case:482afeb0be34,species:birds,involves,1,2026-02-15,2026-02-15
case:482afeb0be34,location:americana,occurred_at,1,2026-02-15,2026-02-15
case:b1344f21acda,species:pangolin,involves,1,2026-02-15,2026-02-15
case:b1344f21acda,location:katni,occurred_at,1,2026-02-15,2026-02-15
location:katni,location:madhya_pradesh,within,1,2026-02-15,2026-02-15
case:047f7bdb3984,species:turtles,involves,1,2026-02-15,2026-02-15
case:047f7bdb3984,location:madagascar,occurred_at,1,2026-02-15,2026-02-15
case:e90d52359ab9,species:turtles,involves,1,2026-02-14,2026-02-14
case:092ab63bffa8,species:elephant,involves,1,2026-02-14,2026-02-14
outlet:le360_afrique,case:092ab63bffa8,reported,1,2026-02-14,2026-02-14
case:45a63a2d1ef4,species:elephant,involves,1,2026-02-13,2026-02-13
case:45a63a2d1ef4,location:atlanta,occurred_at,1,2026-02-13,2026-02-13
case:45a63a2d1ef4,mode:air,via,1,2026-02-13,2026-02-13
location:atlanta,location:georgia,within,1,2026-02-13,2026-02-13
outlet:95.5_wsb,case:45a63a2d1ef4,reported,1,2026-02-13,2026-02-13
outlet:atlantanewsfirst.com,case:45a63a2d1ef4,reported,1,2026-02-13,2026-02-13
case:e2290333bae6,species:shark_ray,involves,1,2026-02-13,2026-02-13
outlet:uol_notícias,case:e2290333bae6,reported,1,2026-02-13,2026-02-13
outlet:cnn_brasil,case:e2290333bae6,reported,1,2026-02-13,2026-02-13
outlet:cnn_brasil,case:401af2df980d,reported,1,2025-10-24,2025-10-24
outlet:cnn_brasil,case:14525d032f56,reported,1,2025-08-19,2025-08-19
outlet:cnn_brasil,case:efbe0abe046a,reported,1,2025-07-10,2025-07-10
outlet:cnn_brasil,case:db49100e76b4,reported,1,2024-07-04,2024-07-04
case:a9ad0f372c8e,species:rosewood,involves,1,2026-02-13,2026-02-13
outlet:quadratín_guerrero,case:a9ad0f372c8e,reported,1,2026-02-13,2026-02-13
case:f23d1170e752,species:birds,involves,1,2026-02-13,2026-02-13
case:f23d1170e752,location:novo_hamburgo,occurred_at,1,2026-02-13,2026-02-13
location:novo_hamburgo,location:rio_grande_do_sul,within,2,2025-08-07,2026-02-13
outlet:|_prefeitura_municipal_de_novo_hamburgo,case:f23d1170e752,reported,1,2026-02-13,2026-02-13
outlet:|_prefeitura_municipal_de_novo_hamburgo,case:b603e115d258,reported,1,2025-08-07,2025-08-07
case:3b62cd6dcd3b,species:elephant,involves,1,2026-02-13,2026-02-13
case:3b62cd6dcd3b,location:thiruvananthapuram,occurred_at,1,2026-02-13,2026-02-13
case:3b62cd6dcd3b,commodity:elephant-pieces,seized,1,2026-02-13,2026-02-13
location:thiruvananthapuram,location:kerala,within,1,2026-02-13,2026-02-13
case:217044dd07c9,species:turtles,involves,1,2026-02-13,2026-02-13
case:83526bb292ce,species:tiger,involves,1,2026-02-12,2026-02-12
case:ab33ed0ba86f,species:pangolin,involves,1,2026-02-12,2026-02-12
case:ab33ed0ba86f,location:bloemfontein,occurred_at,1,2026-02-12,2026-02-12
location:bloemfontein,location:free_state,within,1,2026-02-12,2026-02-12
case:e94ded54e8ce,species:tiger,involves,1,2026-02-12,2026-02-12
case:e94ded54e8ce,species:turtles,involves,1,2026-02-12,2026-02-12
case:e94ded54e8ce,location:porto_alegre,occurred_at,1,2026-02-12,2026-02-12
case:f2655d0e1ebd,species:birds,involves,1,2026-02-12,2026-02-12
outlet:actualidad_ambiental,case:f2655d0e1ebd,reported,1,2026-02-12,2026-02-12
outlet:actualidad_ambiental,case:112118b70434,reported,1,2025-11-10,2025-11-10
outlet:actualidad_ambiental,case:51aa18df16c3,reported,1,2024-09-23,2024-09-23
case:47cb2ba5a783,species:red_sanders,involves,1,2026-02-11,2026-02-11
case:47cb2ba5a783,commodity:red_sanders-logs,seized,1,2026-02-11,2026-02-11
case:2f315e9e0257,species:red_sanders,involves,1,2026-02-11,2026-02-11
case:2f315e9e0257,commodity:red_sanders-logs,seized,1,2026-02-11,2026-02-11
case:d3df4bb01c56,species:wildlife_general,involves,1,2026-02-11,2026-02-11
outlet:meateater,case:d3df4bb01c56,reported,1,2026-02-11,2026-02-11
case:e806c18210c5,species:birds,involves,1,2026-02-11,2026-02-11
case:e806c18210c5,location:rio_das_ostras,occurred_at,1,2026-02-11,2026-02-11
location:rio_das_ostras,location:rio_de_janeiro,within,1,2026-02-11,2026-02-11
outlet:prefeitura_de_rio_das_ostras,case:e806c18210c5,reported,1,2026-02-11,2026-02-11
case:09752bdbe9bd,species:abalone,involves,1,2026-02-11,2026-02-11
outlet:knysna-plett_herald,case:09752bdbe9bd,reported,1,2026-02-11,2026-02-11
case:ebd7780fbda9,species:birds,involves,1,2026-02-11,2026-02-11
case:a3c266a7b780,species:rhino,involves,1,2026-02-10,2026-02-10
case:a3c266a7b780,location:bangkok,occurred_at,1,2026-02-10,2026-02-10
outlet:nationthailand.com,case:a3c266a7b780,reported,1,2026-02-10,2026-02-10
outlet:nationthailand.com,case:f107f3923487,reported,2,2026-02-03,2026-02-03
outlet:nationthailand.com,case:76927b9c4853,reported,1,2025-09-13,2025-09-13
case:9343dbd35e51,species:wildlife_general,involves,1,2026-02-10,2026-02-10
case:9343dbd35e51,location:liberia,occurred_at,1,2026-02-10,2026-02-10
case:5b8f8f6b8268,species:wildlife_general,involves,1,2026-02-10,2026-02-10
outlet:super.abril.com.br,case:5b8f8f6b8268,reported,1,2026-02-10,2026-02-10
case:c78eb3758f57,species:rhino,involves,1,2026-02-10,2026-02-10
outlet:dffe.gov.za,case:c78eb3758f57,reported,1,2026-02-10,2026-02-10
outlet:dffe.gov.za,case:5497da3654ee,reported,1,2025-11-10,2025-11-10
outlet:dffe.gov.za,case:bb3d762a9ac6,reported,1,2025-05-30,2025-05-30
case:e4c12ac620b9,species:rhino,involves,1,2026-02-10,2026-02-10
outlet:vtv.vn,case:e4c12ac620b9,reported,1,2026-02-10,2026-02-10
case:a26f6ae05662,species:rhino,involves,1,2026-02-09,2026-02-09
case:a26f6ae05662,location:thailand,occurred_at,1,2026-02-09,2026-02-09
outlet:edition.mv,case:a26f6ae05662,reported,1,2026-02-09,2026-02-09
case:de5a4234cf63,species:monitor_lizard,involves,1,2026-02-09,2026-02-09
case:de5a4234cf63,location:indonesia,occurred_at,1,2026-02-09,2026-02-09
case:caf8e72595ac,species:tiger,involves,1,2026-02-08,2026-02-08
case:caf8e72595ac,location:kannur,occurred_at,1,2026-02-08,2026-02-08
location:kannur,location:kerala,within,1,2026-02-08,2026-02-08
case:9725ae486312,species:abalone,involves,1,2026-02-08,2026-02-08
case:41fa42519bb1,species:sandalwood,involves,1,2026-02-08,2026-02-08
case:41fa42519bb1,location:idukki,occurred_at,1,2026-02-08,2026-02-08
case:02457fad221f,species:elephant,involves,1,2026-02-07,2026-02-07
case:02457fad221f,species:pangolin,involves,1,2026-02-07,2026-02-07
case:02457fad221f,species:primates,involves,1,2026-02-07,2026-02-07
case:f931a2424597,species:birds,involves,1,2026-02-07,2026-02-07
case:f931a2424597,location:sobradinho,occurred_at,1,2026-02-07,2026-02-07
case:f5e12a8155e3,species:elephant,involves,1,2026-02-06,2026-02-06
case:f5e12a8155e3,location:soro,occurred_at,1,2026-02-06,2026-02-06
location:soro,location:odisha,within,1,2026-02-06,2026-02-06
case:3db844d236e2,species:turtles,involves,1,2026-02-06,2026-02-06
case:3db844d236e2,location:bundi,occurred_at,1,2026-02-06,2026-02-06
case:3db844d236e2,commodity:turtles-tortoises,seized,1,2026-02-06,2026-02-06
location:bundi,location:rajasthan,within,1,2026-02-06,2026-02-06
case:3971e1fdce32,species:sandalwood,involves,1,2026-02-06,2026-02-06
case:f17e302abab9,species:wildlife_general,involves,1,2026-02-06,2026-02-06
outlet:the_conversation,case:f17e302abab9,reported,1,2026-02-06,2026-02-06
case:58e8b03df171,species:turtles,involves,1,2026-02-06,2026-02-06
case:d07e8e376e94,species:elephant,involves,1,2026-02-05,2026-02-05
case:f3135e15ba4c,species:wildlife_general,involves,1,2026-02-05,2026-02-05
case:f3135e15ba4c,location:kalimantan,occurred_at,1,2026-02-05,2026-02-05
case:f3135e15ba4c,mode:air,via,1,2026-02-05,2026-02-05
case:c2aa904e167a,species:wildlife_general,involves,1,2026-02-05,2026-02-05
case:122534f5296e,species:rosewood,involves,1,2026-02-05,2026-02-05
case:122534f5296e,location:huaraz,occurred_at,1,2026-02-05,2026-02-05
location:huaraz,location:ancash,within,1,2026-02-05,2026-02-05
case:73de2fe660df,species:elephant,involves,1,2026-02-05,2026-02-05
case:8dd0e4258317,species:turtles,involves,1,2026-02-04,2026-02-04
case:8dd0e4258317,location:bhopal,occurred_at,1,2026-02-04,2026-02-04
case:8dd0e4258317,mode:rail,via,1,2026-02-04,2026-02-04
location:bhopal,location:madhya_pradesh,within,1,2026-02-04,2026-02-04
case:f107f3923487,species:wildlife_general,involves,1,2026-02-03,2026-02-03
case:f107f3923487,location:suvarnabhumi,occurred_at,1,2026-02-03,2026-02-03
case:f107f3923487,mode:air,via,1,2026-02-03,2026-02-03
case:711a6ffbc524,species:wildlife_general,involves,1,2026-02-03,2026-02-03
case:711a6ffbc524,location:walla_walla,occurred_at,1,2026-02-03,2026-02-03
case:214915662b31,species:birds,involves,1,2026-02-02,2026-02-02
outlet:comprerural,case:214915662b31,reported,1,2026-02-02,2026-02-02
case:461728a87b2b,species:elephant,involves,1,2026-02-02,2026-02-02
case:461728a87b2b,species:turtles,involves,1,2026-02-02,2026-02-02
outlet:l'est_républicain,case:461728a87b2b,reported,1,2026-02-02,2026-02-02
case:bc0489408fbd,species:wildlife_general,involves,1,2026-01-31,2026-01-31
outlet:jovem_pan,case:bc0489408fbd,reported,1,2026-01-31,2026-01-31
case:3f7982203265,species:red_sanders,involves,1,2026-01-31,2026-01-31
case:41fa751e64c0,species:red_sanders,involves,1,2026-01-31,2026-01-31
case:41fa751e64c0,location:kalyān,occurred_at,1,2026-01-31,2026-01-31
outlet:gulte,case:41fa751e64c0,reported,1,2026-01-31,2026-01-31
outlet:gulte,case:be8b3d6bc07b,reported,1,2025-11-14,2025-11-14
case:975b5b249a84,species:birds,involves,1,2026-01-31,2026-01-31
case:975b5b249a84,location:nice,occurred_at,1,2026-01-31,2026-01-31
location:nice,location:provence-alpes-côte_d'azur,within,1,2026-01-31,2026-01-31
outlet:nice-matin,case:975b5b249a84,reported,1,2026-01-31,2026-01-31
case:e9595b17854b,species:red_sanders,involves,1,2026-01-30,2026-01-30
case:22744f7e1bfc,species:turtles,involves,1,2026-01-30,2026-01-30
outlet:lampung.indozone.id,case:22744f7e1bfc,reported,1,2026-01-30,2026-01-30
case:1e9b7b72b4b9,species:red_sanders,involves,1,2026-01-29,2026-01-29
case:1e9b7b72b4b9,species:sandalwood,involves,1,2026-01-29,2026-01-29
case:1e9b7b72b4b9,location:andhra_pradesh,occurred_at,1,2026-01-29,2026-01-29
case:1c9821813bdc,species:wildlife_general,involves,1,2026-01-29,2026-01-29
case:1c9821813bdc,location:mexico,occurred_at,1,2026-01-29,2026-01-29
case:5c0ec25a400d,species:monitor_lizard,involves,1,2026-01-29,2026-01-29
case:5c0ec25a400d,location:bekasi,occurred_at,1,2026-01-29,2026-01-29
case:fa9b399f5698,species:wildlife_general,involves,1,2026-01-28,2026-01-28
case:fa9b399f5698,location:bengaluru,occurred_at,1,2026-01-28,2026-01-28
case:fa9b399f5698,mode:air,via,1,2026-01-28,2026-01-28
case:7d943321a960,species:elephant,involves,1,2026-01-28,2026-01-28
case:34186f29a7f6,species:wildlife_general,involves,1,2026-01-28,2026-01-28
outlet:green_matters,case:34186f29a7f6,reported,1,2026-01-28,2026-01-28
case:1176a8d65d40,species:birds,involves,1,2026-01-28,2026-01-28
case:1176a8d65d40,location:mendoza,occurred_at,1,2026-01-28,2026-01-28
case:1176a8d65d40,mode:online,via,1,2026-01-28,2026-01-28
outlet:los_andes,case:1176a8d65d40,reported,1,2026-01-28,2026-01-28
case:a3916f29d8d0,species:turtles,involves,1,2026-01-27,2026-01-27
case:a3916f29d8d0,location:lalitpur,occurred_at,1,2026-01-27,2026-01-27
location:lalitpur,location:uttar_pradesh,within,2,2025-10-31,2026-01-27
outlet:ratopati,case:a3916f29d8d0,reported,1,2026-01-27,2026-01-27
case:d23bfe7f29da,species:pangolin,involves,1,2026-01-27,2026-01-27
case:3855861ccb51,species:wildlife_general,involves,1,2026-01-26,2026-01-26
case:e3293b651970,species:wildlife_general,involves,1,2026-01-26,2026-01-26
case:e3293b651970,location:fresno,occurred_at,1,2026-01-26,2026-01-26
location:fresno,location:california,within,2,2026-01-26,2026-01-26
case:80ff85345259,species:pangolin,involves,1,2026-01-26,2026-01-26
case:80ff85345259,commodity:pangolin-live,seized,1,2026-01-26,2026-01-26
case:9d36fd447fdc,species:rhino,involves,1,2026-01-26,2026-01-26
case:9d36fd447fdc,location:fresno,occurred_at,1,2026-01-26,2026-01-26
outlet:fresno_bee,case:9d36fd447fdc,reported,1,2026-01-26,2026-01-26
outlet:fresnobee.com,case:9d36fd447fdc,reported,1,2026-01-26,2026-01-26
case:3900592efa18,species:birds,involves,1,2026-01-26,2026-01-26
case:3900592efa18,location:san_diego,occurred_at,1,2026-01-26,2026-01-26
case:e7ff25695c8d,species:abalone,involves,1,2026-01-26,2026-01-26
case:d3a5a66bc618,species:leopard,involves,1,2026-01-26,2026-01-26
case:d3a5a66bc618,location:pauri,occurred_at,1,2026-01-26,2026-01-26
location:pauri,location:uttarakhand,within,1,2026-01-26,2026-01-26
case:117388c6128c,species:leopard,involves,1,2026-01-26,2026-01-26
case:d3dc1b1ce011,species:elephant,involves,1,2026-01-25,2026-01-25
case:de7d4a42378c,species:birds,involves,1,2026-01-25,2026-01-25
case:9effec93e5a4,species:pangolin,involves,1,2026-01-23,2026-01-23
case:9effec93e5a4,location:india,occurred_at,1,2026-01-23,2026-01-23
case:7167fdd129b7,species:leopard,involves,1,2026-01-23,2026-01-23
case:7167fdd129b7,location:nabarangpur,occurred_at,1,2026-01-23,2026-01-23
case:0bc85d5f3a85,species:wildlife_general,involves,1,2026-01-23,2026-01-23
case:0bc85d5f3a85,location:nepal,occurred_at,1,2026-01-23,2026-01-23
case:b164bed74946,species:pangolin,involves,1,2026-01-22,2026-01-22
case:b164bed74946,commodity:pangolin-scales,seized,1,2026-01-22,2026-01-22
case:7137f4fb0e0c,species:wildlife_general,involves,1,2026-01-22,2026-01-22
case:15febe8c3466,species:wildlife_general,involves,1,2026-01-22,2026-01-22
outlet:headline.co.id,case:15febe8c3466,reported,1,2026-01-22,2026-01-22
case:4037b305f534,species:wildlife_general,involves,1,2026-01-22,2026-01-22
outlet:cornare,case:4037b305f534,reported,1,2026-01-22,2026-01-22
case:63c425cd11da,species:wildlife_general,involves,1,2026-01-21,2026-01-21
outlet:prefeitura_municipal_de_quatis,case:63c425cd11da,reported,1,2026-01-21,2026-01-21
case:c87234eaa390,species:leopard,involves,1,2026-01-21,2026-01-21
case:272f199310ab,species:leopard,involves,1,2026-01-21,2026-01-21
case:272f199310ab,location:siwān,occurred_at,1,2026-01-21,2026-01-21
location:siwān,location:bihar,within,1,2026-01-21,2026-01-21
case:27c80d4d59f4,species:leopard,involves,1,2026-01-21,2026-01-21
case:27c80d4d59f4,location:shahdol,occurred_at,1,2026-01-21,2026-01-21
case:357ea1b5c9a6,species:birds,involves,1,2026-01-21,2026-01-21
outlet:diario_panorama,case:357ea1b5c9a6,reported,1,2026-01-21,2026-01-21
case:1f9f75ef2608,species:birds,involves,1,2026-01-21,2026-01-21
case:1f9f75ef2608,mode:online,via,1,2026-01-21,2026-01-21
outlet:sur_santiagueño,case:1f9f75ef2608,reported,1,2026-01-21,2026-01-21
case:11b125d4f07f,species:wildlife_general,involves,1,2026-01-20,2026-01-20
case:11b125d4f07f,location:palāmu,occurred_at,1,2026-01-20,2026-01-20
location:palāmu,location:jharkhand,within,2,2025-11-21,2026-01-20
case:38aab56eba6b,species:pangolin,involves,1,2026-01-20,2026-01-20
case:38aab56eba6b,location:nigeria,occurred_at,1,2026-01-20,2026-01-20
case:38aab56eba6b,commodity:pangolin-live,seized,1,2026-01-20,2026-01-20
case:dc3ac95a0520,species:birds,involves,1,2026-01-20,2026-01-20
outlet:los_primeros_tv,case:dc3ac95a0520,reported,1,2026-01-20,2026-01-20
case:43b372088c1b,species:pangolin,involves,1,2026-01-19,2026-01-19
case:43b372088c1b,commodity:pangolin-live,seized,1,2026-01-19,2026-01-19
outlet:nigerian_voice,case:43b372088c1b,reported,1,2026-01-19,2026-01-19
case:d51551e8630b,species:tiger,involves,1,2026-01-19,2026-01-19
case:d51551e8630b,species:turtles,involves,1,2026-01-19,2026-01-19
outlet:litoralmania,case:d51551e8630b,reported,1,2026-01-19,2026-01-19
case:a9e01c2e3b82,species:turtles,involves,1,2026-01-18,2026-01-18
case:a9e01c2e3b82,location:varanasi,occurred_at,1,2026-01-18,2026-01-18
location:varanasi,location:uttar_pradesh,within,2,2026-01-07,2026-01-18
case:9588fa7aa82a,species:sandalwood,involves,1,2026-01-18,2026-01-18
case:9588fa7aa82a,location:vaishāli,occurred_at,1,2026-01-18,2026-01-18
location:vaishāli,location:bihar,within,1,2026-01-18,2026-01-18
case:914d0e1d2277,species:wildlife_general,involves,1,2026-01-17,2026-01-17
case:94cde3088c3b,species:turtles,involves,1,2026-01-16,2026-01-16
case:94cde3088c3b,location:rio_grande,occurred_at,1,2026-01-16,2026-01-16
location:rio_grande,location:rio_grande_do_sul,within,1,2026-01-16,2026-01-16
outlet:universidade_federal_do_rio_grande_-_furg,case:94cde3088c3b,reported,1,2026-01-16,2026-01-16
case:37180503820a,species:jaguar,involves,1,2026-01-16,2026-01-16
case:37180503820a,location:cincinnati,occurred_at,1,2026-01-16,2026-01-16
outlet:wlwt,case:37180503820a,reported,1,2026-01-16,2026-01-16
case:d683f4fda506,species:birds,involves,1,2026-01-15,2026-01-15
case:d683f4fda506,species:rosewood,involves,1,2026-01-15,2026-01-15
case:d683f4fda506,location:eldorado_dos_carajás,occurred_at,1,2026-01-15,2026-01-15
location:eldorado_dos_carajás,location:pará,within,1,2026-01-15,2026-01-15
outlet:portal_debate,case:d683f4fda506,reported,1,2026-01-15,2026-01-15
case:158afd9375e2,species:pangolin,involves,1,2026-01-15,2026-01-15
case:e92306826684,species:elephant,involves,1,2026-01-15,2026-01-15
case:e92306826684,location:gabon,occurred_at,1,2026-01-15,2026-01-15
case:64030aa2eb14,species:birds,involves,1,2026-01-15,2026-01-15
case:71f21f951de4,species:elephant,involves,1,2026-01-14,2026-01-14
case:71f21f951de4,location:jigani,occurred_at,1,2026-01-14,2026-01-14
location:jigani,location:karnataka,within,1,2026-01-14,2026-01-14
case:97929621d80d,species:wildlife_general,involves,1,2026-01-14,2026-01-14
case:97929621d80d,location:kuala_lumpur,occurred_at,1,2026-01-14,2026-01-14
case:97929621d80d,mode:online,via,1,2026-01-14,2026-01-14
case:75598cf8592d,species:pangolin,involves,1,2026-01-14,2026-01-14
outlet:263chat,case:75598cf8592d,reported,1,2026-01-14,2026-01-14
case:f1c606759697,species:eels,involves,1,2026-01-14,2026-01-14
case:f1c606759697,location:bordeaux,occurred_at,1,2026-01-14,2026-01-14
location:bordeaux,location:new_aquitaine,within,1,2026-01-14,2026-01-14
outlet:le_marin,case:f1c606759697,reported,1,2026-01-14,2026-01-14
outlet:le_marin,case:7d2cc8cce80b,reported,1,2025-12-19,2025-12-19
case:d378b14ce51e,species:wildlife_general,involves,1,2026-01-13,2026-01-13
case:d378b14ce51e,location:sapopemba,occurred_at,1,2026-01-13,2026-01-13
location:sapopemba,location:são_paulo,within,1,2026-01-13,2026-01-13
outlet:prefeitura_de_são_paulo,case:d378b14ce51e,reported,1,2026-01-13,2026-01-13
outlet:prefeitura_de_são_paulo,case:0f4a873f43ed,reported,1,2025-09-10,2025-09-10
case:602aef27348e,species:eels,involves,1,2026-01-13,2026-01-13
case:602aef27348e,location:france,occurred_at,1,2026-01-13,2026-01-13
case:cdab268acaf0,species:birds,involves,1,2026-01-12,2026-01-12
case:cdab268acaf0,location:jamshedpur,occurred_at,1,2026-01-12,2026-01-12
case:cdab268acaf0,commodity:birds-parrots,seized,1,2026-01-12,2026-01-12
outlet:the_avenue_mail,case:cdab268acaf0,reported,1,2026-01-12,2026-01-12
outlet:the_avenue_mail,case:54314db21eb6,reported,1,2024-08-16,2024-08-16
case:e6e9cede3910,species:wildlife_general,involves,1,2026-01-12,2026-01-12
case:e6e9cede3910,location:jamshedpur,occurred_at,1,2026-01-12,2026-01-12
case:64824bb9f778,species:wildlife_general,involves,1,2026-01-12,2026-01-12
case:00998d25aa01,species:birds,involves,1,2026-01-12,2026-01-12
case:3f6e7ff364e8,species:birds,involves,1,2026-01-12,2026-01-12
case:3f6e7ff364e8,location:india,occurred_at,1,2026-01-12,2026-01-12
case:74d5016e4406,species:birds,involves,1,2026-01-12,2026-01-12
case:74d5016e4406,location:jamshedpur,occurred_at,1,2026-01-12,2026-01-12
case:e5c27aff0d72,species:birds,involves,1,2026-01-11,2026-01-11
case:e5c27aff0d72,commodity:birds-parakeets,seized,1,2026-01-11,2026-01-11
case:dade7d6038d1,species:birds,involves,1,2026-01-11,2026-01-11
case:dade7d6038d1,location:pune,occurred_at,1,2026-01-11,2026-01-11
case:dade7d6038d1,commodity:birds-parakeets,seized,1,2026-01-11,2026-01-11
case:5e77f09f92d3,species:monitor_lizard,involves,1,2026-01-10,2026-01-10
case:5e77f09f92d3,mode:online,via,1,2026-01-10,2026-01-10
case:85e74bc7240f,species:red_sanders,involves,1,2026-01-10,2026-01-10
case:85e74bc7240f,species:sandalwood,involves,1,2026-01-10,2026-01-10
case:454d07f2554f,species:wildlife_general,involves,1,2026-01-10,2026-01-10
case:bab69172854f,species:tiger,involves,1,2026-01-09,2026-01-09
case:bab69172854f,location:rājpīpla,occurred_at,1,2026-01-09,2026-01-09
case:bab69172854f,commodity:tiger-skins,seized,1,2026-01-09,2026-01-09
location:rājpīpla,location:gujarat,within,1,2026-01-09,2026-01-09
case:523f0f7da15b,species:wildlife_general,involves,1,2026-01-08,2026-01-08
outlet:gov.uk,case:523f0f7da15b,reported,1,2026-01-08,2026-01-08
outlet:gov.uk,case:3f2be7fb4cff,reported,1,2025-12-11,2025-12-11
case:c4727ba70a8d,species:birds,involves,1,2026-01-08,2026-01-08
case:3b7ae9106e2b,species:primates,involves,1,2026-01-08,2026-01-08
case:3b7ae9106e2b,location:reading,occurred_at,1,2026-01-08,2026-01-08
location:reading,location:england,within,1,2026-01-08,2026-01-08
outlet:the_boston_globe,case:3b7ae9106e2b,reported,1,2026-01-08,2026-01-08
case:e932d85c46b0,species:wildlife_general,involves,1,2026-01-08,2026-01-08
outlet:sénat,case:e932d85c46b0,reported,1,2026-01-08,2026-01-08
case:cea4e1ddd350,species:wildlife_general,involves,1,2026-01-07,2026-01-07
case:cea4e1ddd350,location:varanasi,occurred_at,1,2026-01-07,2026-01-07
case:cea4e1ddd350,commodity:wildlife_general-parrots,seized,1,2026-01-07,2026-01-07
case:588e59b123fe,species:wildlife_general,involves,1,2026-01-07,2026-01-07
outlet:hawkesbury_gazette,case:588e59b123fe,reported,1,2026-01-07,2026-01-07
case:aa5938cc4185,species:wildlife_general,involves,1,2026-01-06,2026-01-06
case:aa5938cc4185,location:delhi,occurred_at,1,2026-01-06,2026-01-06
case:9232eb9483c6,species:turtles,involves,1,2026-01-05,2026-01-05
case:9232eb9483c6,location:kuchāman,occurred_at,1,2026-01-05,2026-01-05
location:kuchāman,location:rajasthan,within,1,2026-01-05,2026-01-05
case:e294993652c3,species:birds,involves,1,2026-01-05,2026-01-05
case:e294993652c3,species:turtles,involves,1,2026-01-05,2026-01-05
case:e294993652c3,location:morelia,occurred_at,1,2026-01-05,2026-01-05
case:37303d80cff1,species:wildlife_general,involves,1,2026-01-03,2026-01-03
case:07c7caa19910,species:primates,involves,1,2026-01-03,2026-01-03
case:07c7caa19910,location:guadalajara,occurred_at,1,2026-01-03,2026-01-03
outlet:gob_mx,case:07c7caa19910,reported,1,2026-01-03,2026-01-03
outlet:gob_mx,case:ee6ed15d4df6,reported,1,2025-09-23,2025-09-23
outlet:gob_mx,case:e9c2ec0ce443,reported,1,2025-02-18,2025-02-18
case:ccf6650ff6e9,species:leopard,involves,1,2026-01-02,2026-01-02
case:ccf6650ff6e9,location:nuapada,occurred_at,1,2026-01-02,2026-01-02
case:ccf6650ff6e9,commodity:leopard-skins,seized,1,2026-01-02,2026-01-02
case:ecc9df1678c2,species:wildlife_general,involves,1,2026-01-02,2026-01-02
case:ecc9df1678c2,location:honduras,occurred_at,1,2026-01-02,2026-01-02
outlet:canal_6_honduras,case:ecc9df1678c2,reported,1,2026-01-02,2026-01-02
case:973d40766f93,species:wildlife_general,involves,1,2026-01-01,2026-01-01
case:b640aa20fbff,species:elephant,involves,1,2025-12-31,2025-12-31
case:b640aa20fbff,location:franceville,occurred_at,1,2025-12-31,2025-12-31
location:franceville,location:haut-ogooué,within,1,2025-12-31,2025-12-31
case:0296c633230c,species:rhino,involves,1,2025-12-30,2025-12-30
case:0296c633230c,location:johannesburg,occurred_at,1,2025-12-30,2025-12-30
case:0296c633230c,commodity:rhino-kg,seized,1,2025-12-30,2025-12-30
location:johannesburg,location:gauteng,within,1,2025-12-30,2025-12-30
case:2ad0a71cf605,species:rhino,involves,1,2025-12-30,2025-12-30
case:2ad0a71cf605,location:nanyang,occurred_at,1,2025-12-30,2025-12-30
location:nanyang,location:henan,within,1,2025-12-30,2025-12-30
outlet:nanyang_technological_university_-_ntu_singapore,case:2ad0a71cf605,reported,1,2025-12-30,2025-12-30
case:a49b8a37ec4d,species:rhino,involves,1,2025-12-30,2025-12-30
case:a49b8a37ec4d,species:tiger,involves,1,2025-12-30,2025-12-30
case:a49b8a37ec4d,location:south_africa,occurred_at,1,2025-12-30,2025-12-30
outlet:mothership,case:a49b8a37ec4d,reported,1,2025-12-30,2025-12-30
outlet:mothership,case:01d7f11ba06a,reported,1,2025-11-18,2025-11-18
case:4a2e494f2b1a,species:rosewood,involves,1,2025-12-29,2025-12-29
case:4a2e494f2b1a,location:natal,occurred_at,1,2025-12-29,2025-12-29
case:44a591646876,species:rhino,involves,1,2025-12-29,2025-12-29
case:44a591646876,species:tiger,involves,1,2025-12-29,2025-12-29
case:44a591646876,location:singapore,occurred_at,1,2025-12-29,2025-12-29
case:44a591646876,commodity:rhino-kg,seized,1,2025-12-29,2025-12-29
case:44a591646876,commodity:tiger-kg,seized,1,2025-12-29,2025-12-29
outlet:asiaone.com,case:44a591646876,reported,1,2025-12-29,2025-12-29
case:c72f61b1a979,species:elephant,involves,1,2025-12-29,2025-12-29
case:c72f61b1a979,commodity:elephant-kilos,seized,1,2025-12-29,2025-12-29
case:1207ec6cbf2c,species:red_sanders,involves,1,2025-12-28,2025-12-28
case:1207ec6cbf2c,location:tirupati,occurred_at,1,2025-12-28,2025-12-28
case:bf6ca004deb4,species:wildlife_general,involves,1,2025-12-28,2025-12-28
case:bf6ca004deb4,location:patria,occurred_at,1,2025-12-28,2025-12-28
case:5f99f7776d18,species:turtles,involves,1,2025-12-26,2025-12-26
case:5f99f7776d18,location:india,occurred_at,1,2025-12-26,2025-12-26
case:4a0fc0e459f4,species:shark_ray,involves,1,2025-12-24,2025-12-24
case:4a0fc0e459f4,mode:air,via,1,2025-12-24,2025-12-24
outlet:myjoyonline,case:4a0fc0e459f4,reported,1,2025-12-24,2025-12-24
case:80e0846199f6,species:wildlife_general,involves,1,2025-12-23,2025-12-23
case:80e0846199f6,mode:online,via,1,2025-12-23,2025-12-23
outlet:africa_defense_forum,case:80e0846199f6,reported,1,2025-12-23,2025-12-23
case:0d886b756e0f,species:wildlife_general,involves,1,2025-12-23,2025-12-23
case:0d886b756e0f,location:china,occurred_at,1,2025-12-23,2025-12-23
case:52149db679ec,species:wildlife_general,involves,1,2025-12-23,2025-12-23
case:2f9e92460ef2,species:rosewood,involves,1,2025-12-23,2025-12-23
case:541d6349eeb3,species:wildlife_general,involves,1,2025-12-23,2025-12-23
case:541d6349eeb3,location:bertoua,occurred_at,1,2025-12-23,2025-12-23
location:bertoua,location:east,within,2,2025-12-22,2025-12-23
case:279b1489d08b,species:birds,involves,1,2025-12-23,2025-12-23
outlet:los_tiempos,case:279b1489d08b,reported,1,2025-12-23,2025-12-23
case:ef2582df3b46,species:birds,involves,1,2025-12-22,2025-12-22
case:ef2582df3b46,location:ivoti,occurred_at,1,2025-12-22,2025-12-22
location:ivoti,location:rio_grande_do_sul,within,1,2025-12-22,2025-12-22
outlet:ivoti,case:ef2582df3b46,reported,1,2025-12-22,2025-12-22
case:babcc3060950,species:totoaba,involves,1,2025-12-22,2025-12-22
outlet:global_initiative_against_transnational_organized_crime_(gi-toc),case:babcc3060950,reported,1,2025-12-22,2025-12-22
case:837dc62eb9cf,species:pangolin,involves,1,2025-12-22,2025-12-22
case:837dc62eb9cf,location:gumla,occurred_at,1,2025-12-22,2025-12-22
location:gumla,location:jharkhand,within,1,2025-12-22,2025-12-22
case:6a20f85b0897,species:birds,involves,1,2025-12-22,2025-12-22
case:6a20f85b0897,location:bertoua,occurred_at,1,2025-12-22,2025-12-22
outlet:newsducamer.com,case:6a20f85b0897,reported,1,2025-12-22,2025-12-22
case:dbd54d62b025,species:turtles,involves,1,2025-12-21,2025-12-21
case:174785587a0f,species:wildlife_general,involves,1,2025-12-20,2025-12-20
case:cf08fa26a3e8,species:shark_ray,involves,1,2025-12-19,2025-12-19
case:cf08fa26a3e8,location:ecuador,occurred_at,1,2025-12-19,2025-12-19
case:981e04885cb3,species:rhino,involves,1,2025-12-19,2025-12-19
case:981e04885cb3,location:south_africa,occurred_at,1,2025-12-19,2025-12-19
case:7d2cc8cce80b,species:eels,involves,1,2025-12-19,2025-12-19
case:125df1df03cd,species:birds,involves,1,2025-12-19,2025-12-19
outlet:ameliarueda.com,case:125df1df03cd,reported,1,2025-12-19,2025-12-19
case:701cbd399295,species:wildlife_general,involves,1,2025-12-18,2025-12-18
outlet:world_wildlife_fund,case:701cbd399295,reported,1,2025-12-18,2025-12-18
outlet:world_wildlife_fund,case:f66c154bca71,reported,1,2025-10-14,2025-10-14
case:f011fa6e897b,species:wildlife_general,involves,1,2025-12-18,2025-12-18
outlet:zme_science,case:f011fa6e897b,reported,1,2025-12-18,2025-12-18
outlet:zme_science,case:33c2c74d2141,reported,1,2025-11-21,2025-11-21
case:17199d8f5793,species:turtles,involves,1,2025-12-18,2025-12-18
case:17199d8f5793,location:damoh,occurred_at,1,2025-12-18,2025-12-18
location:damoh,location:madhya_pradesh,within,1,2025-12-18,2025-12-18
case:c8493a36ab65,species:tiger,involves,1,2025-12-18,2025-12-18
case:c8493a36ab65,location:surajpur,occurred_at,1,2025-12-18,2025-12-18
case:1acb7ce2770c,species:birds,involves,1,2025-12-17,2025-12-17
case:1acb7ce2770c,location:bacabal,occurred_at,1,2025-12-17,2025-12-17
location:bacabal,location:maranhão,within,1,2025-12-17,2025-12-17
outlet:corpo_de_bombeiros_militar_do_maranhão,case:1acb7ce2770c,reported,1,2025-12-17,2025-12-17
case:c5c952697fc4,species:abalone,involves,1,2025-12-17,2025-12-17
case:c5c952697fc4,location:south_africa,occurred_at,1,2025-12-17,2025-12-17
case:c855774acd26,species:eels,involves,1,2025-12-17,2025-12-17
outlet:action_agricole_picarde,case:c855774acd26,reported,1,2025-12-17,2025-12-17
case:4d31d58521e9,species:rosewood,involves,1,2025-12-17,2025-12-17
outlet:amprensa.com,case:4d31d58521e9,reported,1,2025-12-17,2025-12-17
case:344aa741646e,species:bear,involves,1,2025-12-16,2025-12-16
case:344aa741646e,location:dublin,occurred_at,1,2025-12-16,2025-12-16
case:344aa741646e,mode:air,via,1,2025-12-16,2025-12-16
case:344aa741646e,mode:post,via,1,2025-12-16,2025-12-16
location:dublin,location:leinster,within,1,2025-12-16,2025-12-16
outlet:roscommonherald.ie,case:344aa741646e,reported,1,2025-12-16,2025-12-16
outlet:breakingnews.ie,case:344aa741646e,reported,1,2025-12-16,2025-12-16
outlet:laois-nationalist.ie,case:344aa741646e,reported,1,2025-12-16,2025-12-16
case:c894c6718f5d,species:wildlife_general,involves,1,2025-12-16,2025-12-16
case:1a42c91a34b7,species:primates,involves,1,2025-12-16,2025-12-16
case:1a42c91a34b7,location:cassilândia,occurred_at,1,2025-12-16,2025-12-16
location:cassilândia,location:mato_grosso_do_sul,within,1,2025-12-16,2025-12-16
outlet:cassilândia_notícias,case:1a42c91a34b7,reported,1,2025-12-16,2025-12-16
case:dcca96485241,species:birds,involves,1,2025-12-16,2025-12-16
case:dcca96485241,location:ballia,occurred_at,1,2025-12-16,2025-12-16
case:dcca96485241,commodity:birds-parakeets,seized,1,2025-12-16,2025-12-16
location:ballia,location:bihar,within,1,2025-12-16,2025-12-16
outlet:petaindia.com,case:dcca96485241,reported,1,2025-12-16,2025-12-16
outlet:petaindia.com,case:4f36677721ed,reported,1,2025-12-16,2025-12-16
outlet:petaindia.com,case:4dd6aaf2c61a,reported,1,2025-04-28,2025-04-28
case:4f36677721ed,species:birds,involves,1,2025-12-16,2025-12-16
case:32f64643a8f4,species:shark_ray,involves,1,2025-12-15,2025-12-15
case:32f64643a8f4,location:peru,occurred_at,1,2025-12-15,2025-12-15
case:e97a9a2ebbf1,species:wildlife_general,involves,1,2025-12-15,2025-12-15
outlet:good_news_network,case:e97a9a2ebbf1,reported,1,2025-12-15,2025-12-15
case:93688ceee3ae,species:birds,involves,1,2025-12-15,2025-12-15
case:3d5e6ab16728,species:wildlife_general,involves,1,2025-12-15,2025-12-15
case:3d5e6ab16728,location:caxias,occurred_at,1,2025-12-15,2025-12-15
case:5247729da6c6,species:sandalwood,involves,1,2025-12-15,2025-12-15
case:5247729da6c6,location:dandeli,occurred_at,1,2025-12-15,2025-12-15
location:dandeli,location:karnataka,within,1,2025-12-15,2025-12-15
case:d6af9d1ebe96,species:sandalwood,involves,1,2025-12-15,2025-12-15
case:c28fd1fac6f1,species:sandalwood,involves,1,2025-12-15,2025-12-15
case:c28fd1fac6f1,location:gingee,occurred_at,1,2025-12-15,2025-12-15
location:gingee,location:tamil_nadu,within,1,2025-12-15,2025-12-15
case:bdf646c5db80,species:red_sanders,involves,1,2025-12-15,2025-12-15
case:02c710385ecb,species:pangolin,involves,1,2025-12-15,2025-12-15
"outlet:reporterre,_le_média_de_l'écologie",case:02c710385ecb,reported,1,2025-12-15,2025-12-15
"outlet:reporterre,_le_média_de_l'écologie",case:7c05c2ddf326,reported,1,2025-10-02,2025-10-02
case:7cf688f466fc,species:eels,involves,1,2025-12-15,2025-12-15
case:538fc9e9c7fa,species:red_sanders,involves,1,2025-12-14,2025-12-14
case:538fc9e9c7fa,location:chennai,occurred_at,1,2025-12-14,2025-12-14
outlet:organiser.org,case:538fc9e9c7fa,reported,1,2025-12-14,2025-12-14
case:957c71fc1918,species:turtles,involves,1,2025-12-14,2025-12-14
case:957c71fc1918,location:madurai,occurred_at,1,2025-12-14,2025-12-14
case:957c71fc1918,commodity:turtles-turtles,seized,1,2025-12-14,2025-12-14
location:madurai,location:tamil_nadu,within,1,2025-12-14,2025-12-14
case:d3af7ad01a0c,species:red_sanders,involves,1,2025-12-14,2025-12-14
case:d3af7ad01a0c,species:sandalwood,involves,1,2025-12-14,2025-12-14
case:20b6aae5ee2c,species:monitor_lizard,involves,1,2025-12-13,2025-12-13
case:d49613eb5496,species:monitor_lizard,involves,1,2025-12-13,2025-12-13
case:cf149f88bcf2,species:rosewood,involves,1,2025-12-13,2025-12-13
case:cf149f88bcf2,location:belém,occurred_at,1,2025-12-13,2025-12-13
outlet:belém.com.br,case:cf149f88bcf2,reported,1,2025-12-13,2025-12-13
case:f4fdcd317196,species:elephant,involves,1,2025-12-12,2025-12-12
case:1670a09d3382,species:pangolin,involves,1,2025-12-11,2025-12-11
outlet:bbc.com,case:1670a09d3382,reported,1,2025-12-11,2025-12-11
case:bd370bc6093c,species:wildlife_general,involves,1,2025-12-11,2025-12-11
case:bd370bc6093c,location:bengaluru,occurred_at,1,2025-12-11,2025-12-11
case:3f2be7fb4cff,species:wildlife_general,involves,1,2025-12-11,2025-12-11
case:1e481e6037aa,species:birds,involves,1,2025-12-11,2025-12-11
case:22b424bb1c93,species:wildlife_general,involves,1,2025-12-11,2025-12-11
case:22b424bb1c93,commodity:wildlife_general-live,seized,1,2025-12-11,2025-12-11
case:6b82cc2fa16d,species:pangolin,involves,1,2025-12-11,2025-12-11
case:6b82cc2fa16d,location:london,occurred_at,1,2025-12-11,2025-12-11
location:london,location:england,within,1,2025-12-11,2025-12-11
outlet:london_evening_standard,case:6b82cc2fa16d,reported,1,2025-12-11,2025-12-11
outlet:metro.co.uk,case:6b82cc2fa16d,reported,1,2025-12-11,2025-12-11
outlet:my_london,case:6b82cc2fa16d,reported,1,2025-12-11,2025-12-11
case:9a7547b5e2d7,species:wildlife_general,involves,1,2025-12-11,2025-12-11
outlet:t7news,case:9a7547b5e2d7,reported,1,2025-12-11,2025-12-11
case:068d7d9feede,species:wildlife_general,involves,1,2025-12-11,2025-12-11
case:068d7d9feede,location:amarante,occurred_at,1,2025-12-11,2025-12-11
location:amarante,location:piauí,within,1,2025-12-11,2025-12-11
outlet:canal_121,case:068d7d9feede,reported,1,2025-12-11,2025-12-11
outlet:canal_121,case:73542fda5f4a,reported,1,2025-09-29,2025-09-29
case:74847cc5a34a,species:turtles,involves,1,2025-12-11,2025-12-11
case:74847cc5a34a,location:indonesia,occurred_at,1,2025-12-11,2025-12-11
case:00f00640ed25,species:turtles,involves,1,2025-12-11,2025-12-11
outlet:rtl_lëtzebuerg,case:00f00640ed25,reported,1,2025-12-11,2025-12-11
case:9680c40d075b,species:wildlife_general,involves,1,2025-12-11,2025-12-11
outlet:euronews.com,case:9680c40d075b,reported,1,2025-12-11,2025-12-11
outlet:euronews.com,case:46e15ba8dc57,reported,1,2025-11-12,2025-11-12
outlet:euronews.com,case:01cea3f88d96,reported,1,2025-10-24,2025-10-24
case:86c409fb31fe,species:pangolin,involves,1,2025-12-11,2025-12-11
case:86c409fb31fe,species:rhino,involves,1,2025-12-11,2025-12-11
case:86c409fb31fe,mode:online,via,1,2025-12-11,2025-12-11
case:4bb9235b2287,species:rhino,involves,1,2025-12-10,2025-12-10
case:4bb9235b2287,location:south_africa,occurred_at,1,2025-12-10,2025-12-10
outlet:news_ghana,case:4bb9235b2287,reported,1,2025-12-10,2025-12-10
case:4b6a3dd69ca1,species:wildlife_general,involves,1,2025-12-09,2025-12-09
case:4b6a3dd69ca1,location:montes_claros,occurred_at,1,2025-12-09,2025-12-09
location:montes_claros,location:minas_gerais,within,1,2025-12-09,2025-12-09
case:3ded3295d217,species:monitor_lizard,involves,1,2025-12-08,2025-12-08
case:70e55be2ccf7,species:wildlife_general,involves,1,2025-12-07,2025-12-07
case:d05f61a384f7,species:wildlife_general,involves,1,2025-12-06,2025-12-06
case:d05f61a384f7,location:india,occurred_at,1,2025-12-06,2025-12-06
case:f382f12c2459,species:red_sanders,involves,1,2025-12-06,2025-12-06
case:f382f12c2459,species:sandalwood,involves,1,2025-12-06,2025-12-06
case:f382f12c2459,commodity:red_sanders-kgs,seized,1,2025-12-06,2025-12-06
case:f382f12c2459,commodity:sandalwood-kgs,seized,1,2025-12-06,2025-12-06
case:aa3d98dda671,species:birds,involves,1,2025-12-06,2025-12-06
case:aa3d98dda671,location:bolivia,occurred_at,1,2025-12-06,2025-12-06
outlet:el_diario_-_bolivia,case:aa3d98dda671,reported,1,2025-12-06,2025-12-06
case:dc6eb93d136c,species:rhino,involves,1,2025-12-05,2025-12-05
case:dc6eb93d136c,species:tiger,involves,1,2025-12-05,2025-12-05
case:1a78057e383f,species:lion,involves,1,2025-12-05,2025-12-05
case:1a78057e383f,species:rhino,involves,1,2025-12-05,2025-12-05
case:1a78057e383f,species:tiger,involves,1,2025-12-05,2025-12-05
case:1a78057e383f,commodity:lion-horns,seized,1,2025-12-05,2025-12-05
case:1a78057e383f,commodity:rhino-horns,seized,1,2025-12-05,2025-12-05
case:1a78057e383f,commodity:tiger-horns,seized,1,2025-12-05,2025-12-05
case:1582bce68e1b,species:rhino,involves,1,2025-12-05,2025-12-05
outlet:protectionweb,case:1582bce68e1b,reported,1,2025-12-05,2025-12-05
outlet:south_african_government_news_agency,case:1582bce68e1b,reported,1,2025-12-05,2025-12-05
outlet:south_african_government_news_agency,case:0531f9b51143,reported,1,2025-08-19,2025-08-19
case:db7102b481bb,species:rosewood,involves,1,2025-12-05,2025-12-05
case:db7102b481bb,location:mazagão,occurred_at,1,2025-12-05,2025-12-05
location:mazagão,location:amapá,within,2,2025-05-21,2025-12-05
case:9f83b0577b62,species:wildlife_general,involves,1,2025-12-05,2025-12-05
case:318a01007051,species:rhino,involves,1,2025-12-05,2025-12-05
case:318a01007051,location:upington,occurred_at,1,2025-12-05,2025-12-05
location:upington,location:northern_cape,within,1,2025-12-05,2025-12-05
case:2a77d4ed2160,species:red_sanders,involves,1,2025-12-05,2025-12-05
case:2a77d4ed2160,commodity:red_sanders-logs,seized,1,2025-12-05,2025-12-05
case:31b0fa1badd9,species:elephant,involves,1,2025-12-04,2025-12-04
case:31b0fa1badd9,commodity:elephant-tusks,seized,1,2025-12-04,2025-12-04
case:97107646e759,species:red_sanders,involves,1,2025-12-04,2025-12-04
case:97107646e759,species:sandalwood,involves,1,2025-12-04,2025-12-04
case:97107646e759,location:bengaluru,occurred_at,1,2025-12-04,2025-12-04
case:97107646e759,commodity:red_sanders-kg,seized,1,2025-12-04,2025-12-04
case:97107646e759,commodity:sandalwood-kg,seized,1,2025-12-04,2025-12-04
case:f2d9a749ba86,species:primates,involves,1,2025-12-04,2025-12-04
case:f2d9a749ba86,location:alexandra,occurred_at,1,2025-12-04,2025-12-04
location:alexandra,location:gauteng,within,1,2025-12-04,2025-12-04
outlet:folha_do_litoral,case:f2d9a749ba86,reported,1,2025-12-04,2025-12-04
case:cffef27e726d,species:wildlife_general,involves,1,2025-12-04,2025-12-04
outlet:gov.za,case:cffef27e726d,reported,1,2025-12-04,2025-12-04
outlet:gov.za,case:5497da3654ee,reported,1,2025-11-10,2025-11-10
case:74eac1445a90,species:red_sanders,involves,1,2025-12-04,2025-12-04
case:74eac1445a90,species:sandalwood,involves,1,2025-12-04,2025-12-04
case:74eac1445a90,commodity:red_sanders-kg,seized,1,2025-12-04,2025-12-04
case:74eac1445a90,commodity:sandalwood-kg,seized,1,2025-12-04,2025-12-04
outlet:dynamite_news,case:74eac1445a90,reported,1,2025-12-04,2025-12-04
case:0cdd0d451849,species:turtles,involves,1,2025-12-04,2025-12-04
case:e24992fde838,species:rhino,involves,1,2025-12-03,2025-12-03
case:e24992fde838,location:limerick,occurred_at,1,2025-12-03,2025-12-03
location:limerick,location:munster,within,1,2025-12-03,2025-12-03
outlet:rte.ie,case:e24992fde838,reported,1,2025-12-03,2025-12-03
case:5054c82694ab,species:abalone,involves,1,2025-12-03,2025-12-03
case:5054c82694ab,location:sacramento,occurred_at,1,2025-12-03,2025-12-03
outlet:the_mendocino_voice,case:5054c82694ab,reported,1,2025-12-03,2025-12-03
outlet:the_press_democrat,case:5054c82694ab,reported,1,2025-12-03,2025-12-03
case:b6a7f53b27c1,species:birds,involves,1,2025-12-03,2025-12-03
case:b6a7f53b27c1,location:barra_do_garças,occurred_at,1,2025-12-03,2025-12-03
location:barra_do_garças,location:mato_grosso,within,1,2025-12-03,2025-12-03
outlet:araguaia_notícia,case:b6a7f53b27c1,reported,1,2025-12-03,2025-12-03
case:da2debfbbe70,species:elephant,involves,1,2025-12-03,2025-12-03
case:174369b93845,species:wildlife_general,involves,1,2025-12-02,2025-12-02
outlet:pethelpful,case:174369b93845,reported,1,2025-12-02,2025-12-02
case:840dd881c81b,species:turtles,involves,1,2025-12-02,2025-12-02
case:840dd881c81b,location:brasília,occurred_at,1,2025-12-02,2025-12-02
location:brasília,location:federal_district,within,1,2025-12-02,2025-12-02
case:4470294bc1ca,species:primates,involves,1,2025-12-02,2025-12-02
case:4470294bc1ca,location:são_bento,occurred_at,1,2025-12-02,2025-12-02
location:são_bento,location:maranhão,within,1,2025-12-02,2025-12-02
outlet:prefeitura_municipal_de_ribeirão_preto,case:4470294bc1ca,reported,1,2025-12-02,2025-12-02
case:ff63b2ed018e,species:primates,involves,1,2025-12-02,2025-12-02
case:ff63b2ed018e,location:ribeirão_preto,occurred_at,1,2025-12-02,2025-12-02
outlet:revide,case:ff63b2ed018e,reported,1,2025-12-02,2025-12-02
case:0e0cdb3ebe8e,species:rhino,involves,1,2025-12-02,2025-12-02
case:f3a97e621f7d,species:wildlife_general,involves,1,2025-12-01,2025-12-01
case:017d42beabcb,species:elephant,involves,1,2025-12-01,2025-12-01
outlet:linfodrome,case:017d42beabcb,reported,1,2025-12-01,2025-12-01
case:b5f0a03bb42b,species:wildlife_general,involves,1,2025-12-01,2025-12-01
case:b5f0a03bb42b,location:manaus,occurred_at,1,2025-12-01,2025-12-01
outlet:radar_amazônico,case:b5f0a03bb42b,reported,1,2025-12-01,2025-12-01
case:84992be6fb70,species:sand_boa,involves,1,2025-11-28,2025-11-28
case:7d6b587616da,species:pangolin,involves,1,2025-11-28,2025-11-28
outlet:world_animal_protection,case:7d6b587616da,reported,1,2025-11-28,2025-11-28
case:31e166071957,species:agarwood,involves,1,2025-11-27,2025-11-27
case:31e166071957,location:philippines,occurred_at,1,2025-11-27,2025-11-27
case:8b5d98457306,species:wildlife_general,involves,1,2025-11-27,2025-11-27
outlet:pcdf,case:8b5d98457306,reported,1,2025-11-27,2025-11-27
outlet:pcdf,case:89b7d3809163,reported,1,2025-09-24,2025-09-24
outlet:pcdf,case:5a0b70897aa6,reported,1,2024-04-26,2024-04-26
case:4ec4a4e42224,species:wildlife_general,involves,1,2025-11-26,2025-11-26
case:ebf282fa0648,species:abalone,involves,1,2025-11-26,2025-11-26
case:8c6566faa0ad,species:wildlife_general,involves,1,2025-11-26,2025-11-26
case:8c6566faa0ad,location:vietnam,occurred_at,1,2025-11-26,2025-11-26
outlet:vietnamnews.vn,case:8c6566faa0ad,reported,1,2025-11-26,2025-11-26
case:f6f3988fea0a,species:elephant,involves,1,2025-11-26,2025-11-26
case:f6f3988fea0a,commodity:elephant-kg,seized,1,2025-11-26,2025-11-26
outlet:dakaractu.com,case:f6f3988fea0a,reported,1,2025-11-26,2025-11-26
case:04db1046835b,species:wildlife_general,involves,1,2025-11-25,2025-11-25
case:88d3454d5d10,species:wildlife_general,involves,1,2025-11-25,2025-11-25
case:88d3454d5d10,location:diadema,occurred_at,1,2025-11-25,2025-11-25
location:diadema,location:são_paulo,within,1,2025-11-25,2025-11-25
outlet:diário_do_grande_abc,case:88d3454d5d10,reported,1,2025-11-25,2025-11-25
case:74357109fe2a,species:pangolin,involves,1,2025-11-24,2025-11-24
outlet:mike_bolhuis_specialised_security_services,case:74357109fe2a,reported,1,2025-11-24,2025-11-24
case:1badcacc0078,species:wildlife_general,involves,1,2025-11-24,2025-11-24
outlet:ksdae.kehutanan.go.id,case:1badcacc0078,reported,1,2025-11-24,2025-11-24
case:33c2c74d2141,species:wildlife_general,involves,1,2025-11-21,2025-11-21
case:231aeb43104d,species:wildlife_general,involves,1,2025-11-21,2025-11-21
case:a5a0ffdddcd0,species:eels,involves,1,2025-11-21,2025-11-21
case:a5a0ffdddcd0,location:canada,occurred_at,1,2025-11-21,2025-11-21
outlet:st_vincent_times,case:a5a0ffdddcd0,reported,1,2025-11-21,2025-11-21
case:886acec87c0f,species:eels,involves,1,2025-11-21,2025-11-21
case:886acec87c0f,location:dominica,occurred_at,1,2025-11-21,2025-11-21
case:886acec87c0f,mode:online,via,1,2025-11-21,2025-11-21
outlet:dominica_news_online,case:886acec87c0f,reported,1,2025-11-21,2025-11-21
case:4cabf7a871a1,species:pangolin,involves,1,2025-11-21,2025-11-21
case:4cabf7a871a1,location:palāmu,occurred_at,1,2025-11-21,2025-11-21
case:916671cae718,species:shark_ray,involves,1,2025-11-20,2025-11-20
case:916671cae718,location:peru,occurred_at,1,2025-11-20,2025-11-20
outlet:cbs_news,case:916671cae718,reported,1,2025-11-20,2025-11-20
outlet:cbs_news,case:6fec62d8929a,reported,1,2025-10-03,2025-10-03
outlet:cbsnews.com,case:916671cae718,reported,1,2025-11-20,2025-11-20
outlet:cbsnews.com,case:be776bfd0bed,reported,1,2025-04-14,2025-04-14
outlet:usatoday.com,case:916671cae718,reported,1,2025-11-20,2025-11-20
case:1a05f9c7fafa,species:pangolin,involves,1,2025-11-20,2025-11-20
case:1a05f9c7fafa,commodity:pangolin-pangolins,seized,1,2025-11-20,2025-11-20
case:b82d01209924,species:red_sanders,involves,1,2025-11-20,2025-11-20
case:b82d01209924,species:sandalwood,involves,1,2025-11-20,2025-11-20
case:b82d01209924,commodity:red_sanders-logs,seized,1,2025-11-20,2025-11-20
case:b82d01209924,commodity:sandalwood-logs,seized,1,2025-11-20,2025-11-20
case:357962547070,species:sandalwood,involves,1,2025-11-20,2025-11-20
case:5aec8397e6c7,species:wildlife_general,involves,1,2025-11-20,2025-11-20
outlet:lanouvellerepublique.fr,case:5aec8397e6c7,reported,1,2025-11-20,2025-11-20
case:88545a88b9b0,species:pangolin,involves,1,2025-11-19,2025-11-19
case:88545a88b9b0,location:nigeria,occurred_at,1,2025-11-19,2025-11-19
outlet:occrp,case:88545a88b9b0,reported,1,2025-11-19,2025-11-19
case:2b8c06e88cd1,species:pangolin,involves,1,2025-11-19,2025-11-19
case:d7542ff93e5c,species:pangolin,involves,1,2025-11-19,2025-11-19
case:d7542ff93e5c,location:pretoria,occurred_at,1,2025-11-19,2025-11-19
location:pretoria,location:gauteng,within,1,2025-11-19,2025-11-19
case:a8ab2861191a,species:wildlife_general,involves,1,2025-11-19,2025-11-19
outlet:mpce,case:a8ab2861191a,reported,1,2025-11-19,2025-11-19
case:ab03a26619f5,species:shark_ray,involves,1,2025-11-19,2025-11-19
case:ab03a26619f5,location:unidos,occurred_at,1,2025-11-19,2025-11-19
location:unidos,location:northern_mindanao,within,1,2025-11-19,2025-11-19
outlet:u.s._embassy_in_peru_(.gov),case:ab03a26619f5,reported,1,2025-11-19,2025-11-19
case:a1f0fbc38147,species:sand_boa,involves,1,2025-11-19,2025-11-19
case:a1f0fbc38147,location:rājkot,occurred_at,1,2025-11-19,2025-11-19
case:a1f0fbc38147,commodity:sand_boa-snakes,seized,1,2025-11-19,2025-11-19
location:rājkot,location:gujarat,within,2,2025-10-26,2025-11-19
case:ef58f7825cff,species:wildlife_general,involves,1,2025-11-19,2025-11-19
case:01d7f11ba06a,species:rhino,involves,1,2025-11-18,2025-11-18
case:01d7f11ba06a,location:changi,occurred_at,1,2025-11-18,2025-11-18
case:01d7f11ba06a,mode:air,via,1,2025-11-18,2025-11-18
case:01d7f11ba06a,commodity:rhino-kg,seized,1,2025-11-18,2025-11-18
outlet:dailynews.co.za,case:01d7f11ba06a,reported,1,2025-11-18,2025-11-18
case:6b6c5d760276,species:wildlife_general,involves,1,2025-11-18,2025-11-18
case:6b6c5d760276,location:vitória_da_conquista,occurred_at,1,2025-11-18,2025-11-18
case:fecbe155ea69,species:turtles,involves,1,2025-11-18,2025-11-18
case:fecbe155ea69,location:madagascar,occurred_at,1,2025-11-18,2025-11-18
outlet:lecourrier.vn,case:fecbe155ea69,reported,1,2025-11-18,2025-11-18
case:8a530e21da7c,species:rhino,involves,1,2025-11-18,2025-11-18
outlet:swi_swissinfo.ch,case:8a530e21da7c,reported,1,2025-11-18,2025-11-18
outlet:swi_swissinfo.ch,case:cfeab3fee1c9,reported,1,2025-11-11,2025-11-11
outlet:les_nouvelles_calédoniennes,case:8a530e21da7c,reported,1,2025-11-18,2025-11-18
case:e9f7f10989c1,species:wildlife_general,involves,1,2025-11-17,2025-11-17
outlet:foxnews.com,case:e9f7f10989c1,reported,1,2025-11-17,2025-11-17
case:21442814a1f7,species:wildlife_general,involves,1,2025-11-17,2025-11-17
case:453029b44c77,species:wildlife_general,involves,1,2025-11-17,2025-11-17
case:453029b44c77,location:arequipa,occurred_at,1,2025-11-17,2025-11-17
case:3ba1562da0ec,species:birds,involves,1,2025-11-17,2025-11-17
case:3ba1562da0ec,location:mexico,occurred_at,1,2025-11-17,2025-11-17
case:f11bd04ef6e1,species:red_sanders,involves,1,2025-11-17,2025-11-17
case:f11bd04ef6e1,location:arakkonam,occurred_at,1,2025-11-17,2025-11-17
case:f11bd04ef6e1,commodity:red_sanders-kg,seized,1,2025-11-17,2025-11-17
case:9b7a128b494d,species:abalone,involves,1,2025-11-17,2025-11-17
case:2166620af976,species:turtles,involves,1,2025-11-17,2025-11-17
case:9c2e08301b72,species:turtles,involves,1,2025-11-17,2025-11-17
case:50ed5b3832b0,species:elephant,involves,1,2025-11-17,2025-11-17
case:50ed5b3832b0,location:dakar,occurred_at,1,2025-11-17,2025-11-17
outlet:pressafrik.com,case:50ed5b3832b0,reported,2,2025-11-17,2025-11-17
outlet:lactuacho.com,case:50ed5b3832b0,reported,1,2025-11-17,2025-11-17
case:86fd482f8098,species:elephant,involves,1,2025-11-17,2025-11-17
case:86fd482f8098,location:dakar,occurred_at,1,2025-11-17,2025-11-17
case:86fd482f8098,commodity:elephant-kg,seized,1,2025-11-17,2025-11-17
outlet:radio_television_senegalaise,case:86fd482f8098,reported,1,2025-11-17,2025-11-17
case:5049b149319b,species:rosewood,involves,1,2025-11-17,2025-11-17
outlet:afrique_xxi,case:5049b149319b,reported,1,2025-11-17,2025-11-17
case:03b217f84b4f,species:elephant,involves,1,2025-11-16,2025-11-16
case:03b217f84b4f,commodity:elephant-kg,seized,1,2025-11-16,2025-11-16
outlet:the_eastleigh_voice,case:03b217f84b4f,reported,1,2025-11-16,2025-11-16
outlet:the_eastleigh_voice,case:4abbbacd73c4,reported,1,2025-09-20,2025-09-20
outlet:the_eastleigh_voice,case:982d991d5779,reported,1,2025-01-02,2025-01-02
case:fe7bc7510f94,species:wildlife_general,involves,1,2025-11-16,2025-11-16
case:f7fd5366cce1,species:birds,involves,1,2025-11-16,2025-11-16
case:f7fd5366cce1,location:washington,occurred_at,1,2025-11-16,2025-11-16
outlet:the_washington_post,case:f7fd5366cce1,reported,1,2025-11-16,2025-11-16
case:cf914b9fc569,species:birds,involves,1,2025-11-16,2025-11-16
case:e7d7ca17b4b2,species:primates,involves,1,2025-11-15,2025-11-15
case:e7d7ca17b4b2,location:sa_kaeo,occurred_at,1,2025-11-15,2025-11-15
case:15b1508fba54,species:primates,involves,1,2025-11-15,2025-11-15
case:15b1508fba54,location:thailand,occurred_at,1,2025-11-15,2025-11-15
case:67ab150c20dc,species:birds,involves,1,2025-11-15,2025-11-15
case:67ab150c20dc,location:jardim,occurred_at,1,2025-11-15,2025-11-15
case:da09fdb174bc,species:turtles,involves,1,2025-11-15,2025-11-15
case:da09fdb174bc,location:garanhuns,occurred_at,1,2025-11-15,2025-11-15
location:garanhuns,location:pernambuco,within,1,2025-11-15,2025-11-15
case:719413dad880,species:leopard,involves,1,2025-11-15,2025-11-15
case:719413dad880,location:sudan,occurred_at,1,2025-11-15,2025-11-15
outlet:sudan_tribune,case:719413dad880,reported,1,2025-11-15,2025-11-15
case:e5e73dbfa534,species:birds,involves,1,2025-11-15,2025-11-15
case:e5e73dbfa534,location:york,occurred_at,1,2025-11-15,2025-11-15
case:51677cd48621,species:turtles,involves,1,2025-11-15,2025-11-15
outlet:lasexta,case:51677cd48621,reported,1,2025-11-15,2025-11-15
case:b8bdff8a0a02,species:red_sanders,involves,1,2025-11-14,2025-11-14
case:df04bab573ca,species:wildlife_general,involves,1,2025-11-14,2025-11-14
case:3babee964cea,species:turtles,involves,1,2025-11-14,2025-11-14
case:3babee964cea,location:mexico,occurred_at,1,2025-11-14,2025-11-14
case:7683957e95a2,species:wildlife_general,involves,1,2025-11-14,2025-11-14
case:28f1f1730e2d,species:pangolin,involves,1,2025-11-14,2025-11-14
case:28f1f1730e2d,location:medan,occurred_at,1,2025-11-14,2025-11-14
case:28f1f1730e2d,commodity:pangolin-kilogram,seized,1,2025-11-14,2025-11-14
case:50486d561b3e,species:wildlife_general,involves,1,2025-11-14,2025-11-14
case:8c191e834e5f,species:pangolin,involves,1,2025-11-14,2025-11-14
case:8c191e834e5f,location:india,occurred_at,1,2025-11-14,2025-11-14
outlet:the_better_india,case:8c191e834e5f,reported,1,2025-11-14,2025-11-14
case:be8b3d6bc07b,species:sandalwood,involves,1,2025-11-14,2025-11-14
case:2a95b13edea2,species:elephant,involves,1,2025-11-14,2025-11-14
outlet:le_figaro,case:2a95b13edea2,reported,1,2025-11-14,2025-11-14
case:2b3a4318c1c4,species:wildlife_general,involves,1,2025-11-13,2025-11-13
outlet:midiamax,case:2b3a4318c1c4,reported,1,2025-11-13,2025-11-13
case:39139813e120,species:turtles,involves,1,2025-11-13,2025-11-13
case:39340cda051f,species:hornbill,involves,1,2025-11-12,2025-11-12
case:39340cda051f,species:primates,involves,1,2025-11-12,2025-11-12
case:39340cda051f,location:bengaluru,occurred_at,1,2025-11-12,2025-11-12
case:46e15ba8dc57,species:wildlife_general,involves,1,2025-11-12,2025-11-12
case:46e15ba8dc57,commodity:wildlife_general-live,seized,1,2025-11-12,2025-11-12
case:4d4bb3985230,species:turtles,involves,1,2025-11-12,2025-11-12
case:4d4bb3985230,location:mainpuri,occurred_at,1,2025-11-12,2025-11-12
location:mainpuri,location:uttar_pradesh,within,1,2025-11-12,2025-11-12
case:9d4861fb8031,species:turtles,involves,1,2025-11-12,2025-11-12
case:9d4861fb8031,location:uttarakhand,occurred_at,1,2025-11-12,2025-11-12
case:9d4861fb8031,commodity:turtles-turtles,seized,1,2025-11-12,2025-11-12
case:a4d61b97c69e,species:rosewood,involves,1,2025-11-12,2025-11-12
case:a4d61b97c69e,location:grajaú,occurred_at,1,2025-11-12,2025-11-12
location:grajaú,location:são_paulo,within,1,2025-11-12,2025-11-12
outlet:diário_de_balsas,case:a4d61b97c69e,reported,1,2025-11-12,2025-11-12
case:045638a5a3c8,species:turtles,involves,1,2025-11-12,2025-11-12
case:045638a5a3c8,location:tijuana,occurred_at,1,2025-11-12,2025-11-12
location:tijuana,location:baja_california,within,1,2025-11-12,2025-11-12
case:20c449de2e11,species:abalone,involves,1,2025-11-11,2025-11-11
outlet:protectionweb.co.za,case:20c449de2e11,reported,1,2025-11-11,2025-11-11
case:90ecc869b745,species:shark_ray,involves,1,2025-11-11,2025-11-11
outlet:courrier_international,case:90ecc869b745,reported,1,2025-11-11,2025-11-11
case:cfeab3fee1c9,species:shark_ray,involves,1,2025-11-11,2025-11-11
case:cfeab3fee1c9,commodity:shark_ray-tonnes,seized,1,2025-11-11,2025-11-11
case:112118b70434,species:shark_ray,involves,1,2025-11-10,2025-11-10
case:112118b70434,location:callao,occurred_at,1,2025-11-10,2025-11-10
outlet:diario_libre,case:112118b70434,reported,1,2025-11-10,2025-11-10
outlet:la_república,case:112118b70434,reported,1,2025-11-10,2025-11-10
outlet:canal_n,case:112118b70434,reported,1,2025-11-10,2025-11-10
outlet:atv.pe,case:112118b70434,reported,1,2025-11-10,2025-11-10
outlet:perú_21,case:112118b70434,reported,1,2025-11-10,2025-11-10
case:5497da3654ee,species:abalone,involves,1,2025-11-10,2025-11-10
case:5497da3654ee,location:george,occurred_at,1,2025-11-10,2025-11-10
location:george,location:western_cape,within,2,2025-05-30,2025-11-10
case:11d43a28a809,species:wildlife_general,involves,1,2025-11-10,2025-11-10
case:11d43a28a809,location:bengaluru,occurred_at,1,2025-11-10,2025-11-10
case:11d43a28a809,mode:air,via,1,2025-11-10,2025-11-10
case:c4ebe8620231,species:turtles,involves,1,2025-11-10,2025-11-10
case:c4ebe8620231,location:madagascar,occurred_at,1,2025-11-10,2025-11-10
outlet:journal_chrétien,case:c4ebe8620231,reported,1,2025-11-10,2025-11-10
case:495af8d381b2,species:turtles,involves,1,2025-11-10,2025-11-10
case:495af8d381b2,location:madagascar,occurred_at,1,2025-11-10,2025-11-10
case:e920e79b1c24,species:wildlife_general,involves,1,2025-11-10,2025-11-10
case:e920e79b1c24,location:mahajanga,occurred_at,1,2025-11-10,2025-11-10
location:mahajanga,location:boeny,within,1,2025-11-10,2025-11-10
case:22b18fbfadf8,species:red_sanders,involves,1,2025-11-09,2025-11-09
case:22b18fbfadf8,species:sandalwood,involves,1,2025-11-09,2025-11-09
case:22b18fbfadf8,location:kalyān,occurred_at,1,2025-11-09,2025-11-09
case:4d5fd1f125bf,species:abalone,involves,1,2025-11-09,2025-11-09
case:4d5fd1f125bf,location:cape_town,occurred_at,1,2025-11-09,2025-11-09
case:c4c9dd0ef184,species:sandalwood,involves,1,2025-11-09,2025-11-09
case:c4c9dd0ef184,mode:online,via,1,2025-11-09,2025-11-09
case:c968446a9714,species:leopard,involves,1,2025-11-08,2025-11-08
case:c968446a9714,location:nagpur,occurred_at,1,2025-11-08,2025-11-08
case:b346066382e4,species:birds,involves,1,2025-11-07,2025-11-07
case:b346066382e4,location:franca,occurred_at,1,2025-11-07,2025-11-07
location:franca,location:são_paulo,within,1,2025-11-07,2025-11-07
outlet:verdadeon.com.br,case:b346066382e4,reported,1,2025-11-07,2025-11-07
case:8c9276376b2f,species:elephant,involves,1,2025-11-07,2025-11-07
outlet:matin_libre,case:8c9276376b2f,reported,1,2025-11-07,2025-11-07
case:7207e276748b,species:wildlife_general,involves,1,2025-11-07,2025-11-07
outlet:quotidien_sidwaya,case:7207e276748b,reported,1,2025-11-07,2025-11-07
case:797ce63a80ae,species:rhino,involves,1,2025-11-06,2025-11-06
outlet:iharare_news,case:797ce63a80ae,reported,1,2025-11-06,2025-11-06
case:e7c4736adc20,species:red_sanders,involves,1,2025-11-05,2025-11-05
case:e7c4736adc20,species:sandalwood,involves,1,2025-11-05,2025-11-05
case:e7c4736adc20,location:tirupati,occurred_at,1,2025-11-05,2025-11-05
case:e7c4736adc20,commodity:red_sanders-logs,seized,1,2025-11-05,2025-11-05
case:e7c4736adc20,commodity:sandalwood-logs,seized,1,2025-11-05,2025-11-05
case:c5a6bec8d26a,species:wildlife_general,involves,1,2025-11-05,2025-11-05
case:c5a6bec8d26a,location:hong_kong,occurred_at,1,2025-11-05,2025-11-05
case:da9817238eb7,species:wildlife_general,involves,1,2025-11-05,2025-11-05
case:da9817238eb7,location:malawi,occurred_at,1,2025-11-05,2025-11-05
case:42a46cf7211b,species:wildlife_general,involves,1,2025-11-05,2025-11-05
case:42a46cf7211b,location:malawi,occurred_at,1,2025-11-05,2025-11-05
case:f6f817e899cd,species:wildlife_general,involves,1,2025-11-05,2025-11-05
outlet:congresso_em_foco,case:f6f817e899cd,reported,1,2025-11-05,2025-11-05
case:b083344a5079,species:red_sanders,involves,1,2025-11-05,2025-11-05
case:7421de7afddd,species:elephant,involves,1,2025-11-04,2025-11-04
case:7421de7afddd,species:rhino,involves,1,2025-11-04,2025-11-04
outlet:popular_science,case:7421de7afddd,reported,1,2025-11-04,2025-11-04
case:2ca0905abdac,species:leopard,involves,1,2025-11-03,2025-11-03
case:2ca0905abdac,location:bhubaneswar,occurred_at,1,2025-11-03,2025-11-03
location:bhubaneswar,location:odisha,within,1,2025-11-03,2025-11-03
case:a0f6a4f9b838,species:pangolin,involves,1,2025-11-02,2025-11-02
case:a0f6a4f9b838,location:madhya_pradesh,occurred_at,1,2025-11-02,2025-11-02
case:dc870be8a575,species:primates,involves,1,2025-11-01,2025-11-01
case:dc870be8a575,location:chhatrapati_shivaji,occurred_at,1,2025-11-01,2025-11-01
case:dc870be8a575,mode:air,via,1,2025-11-01,2025-11-01
case:54592211ec25,species:leopard,involves,1,2025-10-31,2025-10-31
case:54592211ec25,location:lalitpur,occurred_at,1,2025-10-31,2025-10-31
outlet:myrepublica.nagariknetwork.com,case:54592211ec25,reported,1,2025-10-31,2025-10-31
case:e3057e833bb8,species:rosewood,involves,1,2025-10-31,2025-10-31
outlet:parlamentopiaui.com.br,case:e3057e833bb8,reported,1,2025-10-31,2025-10-31
case:1f155b26a25b,species:rosewood,involves,1,2025-10-31,2025-10-31
case:3c3617156443,species:rosewood,involves,1,2025-10-31,2025-10-31
case:3c3617156443,location:presidente_médici,occurred_at,1,2025-10-31,2025-10-31
location:presidente_médici,location:rondônia,within,2,2025-04-03,2025-10-31
case:5bfa680012d7,species:pangolin,involves,1,2025-10-31,2025-10-31
case:5bfa680012d7,commodity:pangolin-kg,seized,1,2025-10-31,2025-10-31
case:d27ff8e34118,species:wildlife_general,involves,1,2025-10-31,2025-10-31
case:d27ff8e34118,location:vista,occurred_at,1,2025-10-31,2025-10-31
location:vista,location:california,within,1,2025-10-31,2025-10-31
outlet:portal_de_revistas_del_poder_judicial,case:d27ff8e34118,reported,1,2025-10-31,2025-10-31
outlet:portal_de_revistas_del_poder_judicial,case:5c39455ff96d,reported,1,2025-06-30,2025-06-30
case:53ec71f5f327,species:wildlife_general,involves,1,2025-10-30,2025-10-30
case:53ec71f5f327,location:salvador,occurred_at,1,2025-10-30,2025-10-30
case:4ce7ca382087,species:cheetah,involves,1,2025-10-30,2025-10-30
case:8982660f185d,species:primates,involves,1,2025-10-30,2025-10-30
case:8982660f185d,location:nkayi,occurred_at,1,2025-10-30,2025-10-30
location:nkayi,location:bouenza,within,1,2025-10-30,2025-10-30
outlet:lesechos-congobrazza.com,case:8982660f185d,reported,1,2025-10-30,2025-10-30
case:a3bda54277df,species:wildlife_general,involves,1,2025-10-29,2025-10-29
case:70d1199801ae,species:wildlife_general,involves,1,2025-10-29,2025-10-29
case:70d1199801ae,location:waterloo,occurred_at,1,2025-10-29,2025-10-29
location:waterloo,location:ontario,within,1,2025-10-29,2025-10-29
outlet:university_of_waterloo,case:70d1199801ae,reported,1,2025-10-29,2025-10-29
case:dd0feac69440,species:wildlife_general,involves,1,2025-10-29,2025-10-29
case:dd0feac69440,location:juiz_de_fora,occurred_at,1,2025-10-29,2025-10-29
outlet:divinews,case:dd0feac69440,reported,1,2025-10-29,2025-10-29
case:bf84786f5ecc,species:wildlife_general,involves,1,2025-10-29,2025-10-29
case:d2eff58fcd98,species:birds,involves,1,2025-10-29,2025-10-29
case:d2eff58fcd98,location:são_luís,occurred_at,1,2025-10-29,2025-10-29
location:são_luís,location:maranhão,within,1,2025-10-29,2025-10-29
outlet:ministério_público_do_estado_do_maranhão,case:d2eff58fcd98,reported,1,2025-10-29,2025-10-29
case:f2598dd58225,species:elephant,involves,1,2025-10-28,2025-10-28
case:f2598dd58225,location:mozambique,occurred_at,1,2025-10-28,2025-10-28
case:49d9b50d0913,species:turtles,involves,1,2025-10-28,2025-10-28
case:b6964bb1bb7e,species:turtles,involves,1,2025-10-28,2025-10-28
case:b6964bb1bb7e,location:santarém,occurred_at,1,2025-10-28,2025-10-28
outlet:jornal_o_impacto,case:b6964bb1bb7e,reported,1,2025-10-28,2025-10-28
outlet:jornal_o_impacto,case:1ef4a29ae120,reported,1,2025-10-24,2025-10-24
case:0291bee370c7,species:birds,involves,1,2025-10-27,2025-10-27
case:af0688e26242,species:red_sanders,involves,1,2025-10-27,2025-10-27
case:af0688e26242,commodity:red_sanders-logs,seized,1,2025-10-27,2025-10-27
case:af36b586669c,species:sandalwood,involves,1,2025-10-27,2025-10-27
case:af36b586669c,location:bengaluru,occurred_at,1,2025-10-27,2025-10-27
case:63f55630378c,species:primates,involves,1,2025-10-27,2025-10-27
case:52e45fefc69d,species:eels,involves,1,2025-10-27,2025-10-27
case:52e45fefc69d,location:anguilla,occurred_at,1,2025-10-27,2025-10-27
case:7f2b3e8f3cf4,species:rosewood,involves,1,2025-10-27,2025-10-27
case:7f2b3e8f3cf4,location:madagascar,occurred_at,1,2025-10-27,2025-10-27
outlet:le_quotidien_de_la_réunion,case:7f2b3e8f3cf4,reported,1,2025-10-27,2025-10-27
case:35f826fe0ec2,species:rosewood,involves,1,2025-10-27,2025-10-27
outlet:le_mauricien,case:35f826fe0ec2,reported,1,2025-10-27,2025-10-27
case:8a7ffea63adb,species:birds,involves,1,2025-10-27,2025-10-27
case:8a7ffea63adb,species:turtles,involves,1,2025-10-27,2025-10-27
case:8a7ffea63adb,location:lima,occurred_at,1,2025-10-27,2025-10-27
case:8aa965c398b9,species:pangolin,involves,1,2025-10-26,2025-10-26
case:8aa965c398b9,location:rājkot,occurred_at,1,2025-10-26,2025-10-26
case:e5b15c70bdb5,species:pangolin,involves,1,2025-10-26,2025-10-26
case:a5e8558207c1,species:sandalwood,involves,1,2025-10-26,2025-10-26
case:b1ae4556fe9a,species:tiger,involves,1,2025-10-26,2025-10-26
case:b1ae4556fe9a,location:mandla,occurred_at,1,2025-10-26,2025-10-26
location:mandla,location:madhya_pradesh,within,1,2025-10-26,2025-10-26
case:b20b5e2b160f,species:monitor_lizard,involves,1,2025-10-25,2025-10-25
case:a78c1f36c0ad,species:primates,involves,1,2025-10-25,2025-10-25
outlet:lematin.ch,case:a78c1f36c0ad,reported,1,2025-10-25,2025-10-25
case:01cea3f88d96,species:wildlife_general,involves,1,2025-10-24,2025-10-24
case:2a6e8120b2d1,species:wildlife_general,involves,1,2025-10-24,2025-10-24
case:2a6e8120b2d1,location:chhatrapati_shivaji,occurred_at,1,2025-10-24,2025-10-24
case:2a6e8120b2d1,mode:air,via,1,2025-10-24,2025-10-24
case:401af2df980d,species:turtles,involves,1,2025-10-24,2025-10-24
case:3aa165c0eb21,species:hornbill,involves,1,2025-10-24,2025-10-24
case:3aa165c0eb21,location:batam,occurred_at,1,2025-10-24,2025-10-24
location:batam,location:riau,within,1,2025-10-24,2025-10-24
case:1ef4a29ae120,species:wildlife_general,involves,1,2025-10-24,2025-10-24
case:1ef4a29ae120,location:santarém,occurred_at,1,2025-10-24,2025-10-24
case:a40080136a84,species:elephant,involves,1,2025-10-23,2025-10-23
case:a40080136a84,species:rhino,involves,1,2025-10-23,2025-10-23
case:a40080136a84,location:los_angeles,occurred_at,1,2025-10-23,2025-10-23
outlet:california_department_of_fish_and_wildlife_(.gov),case:a40080136a84,reported,1,2025-10-23,2025-10-23
outlet:nbc_los_angeles,case:a40080136a84,reported,1,2025-10-23,2025-10-23
outlet:krcr,case:a40080136a84,reported,1,2025-10-23,2025-10-23
case:f2a62961e0cf,species:primates,involves,1,2025-10-23,2025-10-23
case:f2a62961e0cf,location:camaçari,occurred_at,1,2025-10-23,2025-10-23
location:camaçari,location:bahia,within,1,2025-10-23,2025-10-23
case:333bb92573e1,species:turtles,involves,1,2025-10-23,2025-10-23
case:333bb92573e1,location:molina_de_segura,occurred_at,1,2025-10-23,2025-10-23
location:molina_de_segura,location:murcia,within,1,2025-10-23,2025-10-23
outlet:laverdad.es,case:333bb92573e1,reported,1,2025-10-23,2025-10-23
case:6fb94bfbb99e,species:elephant,involves,1,2025-10-23,2025-10-23
case:6fb94bfbb99e,location:kenya,occurred_at,1,2025-10-23,2025-10-23
outlet:kenya_news_agency,case:6fb94bfbb99e,reported,1,2025-10-23,2025-10-23
case:1e9a55409968,species:turtles,involves,1,2025-10-22,2025-10-22
case:1d072dc45066,species:elephant,involves,1,2025-10-22,2025-10-22
case:1d072dc45066,commodity:elephant-kg,seized,1,2025-10-22,2025-10-22
case:98994072beb5,species:wildlife_general,involves,1,2025-10-21,2025-10-21
case:98994072beb5,location:tanzania,occurred_at,1,2025-10-21,2025-10-21
outlet:thecitizen.co.tz,case:98994072beb5,reported,1,2025-10-21,2025-10-21
case:6fcece29205d,species:birds,involves,1,2025-10-21,2025-10-21
case:6fcece29205d,location:tocantins,occurred_at,1,2025-10-21,2025-10-21
outlet:jornalprimeirapaginato.com,case:6fcece29205d,reported,1,2025-10-21,2025-10-21
case:19b16ac387da,species:birds,involves,1,2025-10-21,2025-10-21
case:19b16ac387da,location:nova_friburgo,occurred_at,1,2025-10-21,2025-10-21
location:nova_friburgo,location:rio_de_janeiro,within,1,2025-10-21,2025-10-21
case:5e3d11f9a9b7,species:pangolin,involves,1,2025-10-21,2025-10-21
case:7a4d3287695e,species:wildlife_general,involves,1,2025-10-20,2025-10-20
case:7a4d3287695e,location:guarulhos,occurred_at,1,2025-10-20,2025-10-20
location:guarulhos,location:são_paulo,within,2,2025-03-21,2025-10-20
outlet:o_livre,case:7a4d3287695e,reported,1,2025-10-20,2025-10-20
case:d3ae6a2ff5ed,species:monitor_lizard,involves,1,2025-10-20,2025-10-20
case:d3ae6a2ff5ed,species:turtles,involves,1,2025-10-20,2025-10-20
case:d3ae6a2ff5ed,location:asia,occurred_at,1,2025-10-20,2025-10-20
case:9dec08c09a96,species:owl,involves,1,2025-10-20,2025-10-20
case:31609cf4154f,species:wildlife_general,involves,1,2025-10-20,2025-10-20
case:c39833330248,species:rosewood,involves,1,2025-10-18,2025-10-18
outlet:diario_primicia,case:c39833330248,reported,1,2025-10-18,2025-10-18
case:cb8217259824,species:elephant,involves,1,2025-10-17,2025-10-17
outlet:courthouse_news,case:cb8217259824,reported,1,2025-10-17,2025-10-17
outlet:courthouse_news,case:36e39a307e8a,reported,1,2025-01-15,2025-01-15
case:45a2b15821e8,species:wildlife_general,involves,1,2025-10-16,2025-10-16
case:45a2b15821e8,location:india,occurred_at,1,2025-10-16,2025-10-16
outlet:india_data_map,case:45a2b15821e8,reported,1,2025-10-16,2025-10-16
case:20f45b74a5cf,species:shark_ray,involves,1,2025-10-16,2025-10-16
case:20f45b74a5cf,location:ubatuba,occurred_at,1,2025-10-16,2025-10-16
case:20f45b74a5cf,commodity:shark_ray-kg,seized,1,2025-10-16,2025-10-16
location:ubatuba,location:são_paulo,within,1,2025-10-16,2025-10-16
outlet:tamoios_news,case:20f45b74a5cf,reported,1,2025-10-16,2025-10-16
case:a78bd83dac2e,species:birds,involves,1,2025-10-16,2025-10-16
case:a78bd83dac2e,location:areia_branca,occurred_at,1,2025-10-16,2025-10-16
location:areia_branca,location:rio_grande_do_norte,within,1,2025-10-16,2025-10-16
outlet:prefeitura_de_belford_roxo,case:a78bd83dac2e,reported,1,2025-10-16,2025-10-16
case:65e6976f4953,species:abalone,involves,1,2025-10-15,2025-10-15
case:65e6976f4953,location:east_london,occurred_at,1,2025-10-15,2025-10-15
location:east_london,location:eastern_cape,within,1,2025-10-15,2025-10-15
case:ee2b1e276755,species:birds,involves,1,2025-10-15,2025-10-15
case:ee2b1e276755,location:santa_cruz_de_la_sierra,occurred_at,1,2025-10-15,2025-10-15
location:santa_cruz_de_la_sierra,location:santa_cruz,within,2,2024-05-10,2025-10-15
case:1c95d9cd8edf,species:abalone,involves,1,2025-10-14,2025-10-14
outlet:daily_dispatch,case:1c95d9cd8edf,reported,1,2025-10-14,2025-10-14
case:f66c154bca71,species:wildlife_general,involves,1,2025-10-14,2025-10-14
case:f66c154bca71,mode:online,via,1,2025-10-14,2025-10-14
case:503d8c7af5c2,species:pangolin,involves,1,2025-10-14,2025-10-14
case:503d8c7af5c2,location:barpeta,occurred_at,1,2025-10-14,2025-10-14
case:503d8c7af5c2,mode:rail,via,1,2025-10-14,2025-10-14
case:503d8c7af5c2,commodity:pangolin-kg,seized,1,2025-10-14,2025-10-14
location:barpeta,location:assam,within,1,2025-10-14,2025-10-14
case:ce128b19808d,species:birds,involves,1,2025-10-14,2025-10-14
case:ce128b19808d,location:patria,occurred_at,1,2025-10-14,2025-10-14
outlet:el_deber,case:ce128b19808d,reported,1,2025-10-14,2025-10-14
case:87f814cec46b,species:birds,involves,1,2025-10-14,2025-10-14
case:87f814cec46b,location:bolivia,occurred_at,1,2025-10-14,2025-10-14
case:28748c44c410,species:birds,involves,1,2025-10-14,2025-10-14
case:28748c44c410,location:cochabamba,occurred_at,1,2025-10-14,2025-10-14
outlet:red_uno,case:28748c44c410,reported,1,2025-10-14,2025-10-14
case:ef60531ec15f,species:pangolin,involves,1,2025-10-13,2025-10-13
case:ef60531ec15f,commodity:pangolin-kg,seized,1,2025-10-13,2025-10-13
agency:ssb,case:ef60531ec15f,acted_in,1,2025-10-13,2025-10-13
case:48556d7c4c47,species:tiger,involves,1,2025-10-10,2025-10-10
case:bbfe1a0909c2,species:owl,involves,1,2025-10-10,2025-10-10
case:bbfe1a0909c2,location:rajasthan,occurred_at,1,2025-10-10,2025-10-10
outlet:ndtv_rajasthan,case:bbfe1a0909c2,reported,1,2025-10-10,2025-10-10
case:750160758978,species:elephant,involves,1,2025-10-10,2025-10-10
outlet:afrik,case:750160758978,reported,1,2025-10-10,2025-10-10
case:cbc972ac601a,species:wildlife_general,involves,1,2025-10-09,2025-10-09
case:fe93cacf2ff6,species:red_sanders,involves,1,2025-10-09,2025-10-09
case:fe93cacf2ff6,location:annamayya,occurred_at,1,2025-10-09,2025-10-09
case:fe93cacf2ff6,commodity:red_sanders-logs,seized,1,2025-10-09,2025-10-09
location:annamayya,location:andhra_pradesh,within,2,2025-02-06,2025-10-09
case:fb365052e49a,species:eels,involves,1,2025-10-09,2025-10-09
outlet:theglobeandmail.com,case:fb365052e49a,reported,1,2025-10-09,2025-10-09
case:2c0e59963b08,species:sandalwood,involves,1,2025-10-09,2025-10-09
case:cc6d16992bbe,species:wildlife_general,involves,1,2025-10-09,2025-10-09
outlet:azərtac_–_azərbaycan_dövlət_i̇nformasiya_agentliyi,case:cc6d16992bbe,reported,1,2025-10-09,2025-10-09
case:c26797d510f1,species:turtles,involves,1,2025-10-09,2025-10-09
case:5f676631449c,species:wildlife_general,involves,1,2025-10-08,2025-10-08
case:e1999ce6c5d7,species:red_sanders,involves,1,2025-10-08,2025-10-08
case:e1999ce6c5d7,species:sandalwood,involves,1,2025-10-08,2025-10-08
case:e1999ce6c5d7,location:hājīpur,occurred_at,1,2025-10-08,2025-10-08
location:hājīpur,location:bihar,within,1,2025-10-08,2025-10-08
case:e0bbbdc95b57,species:red_sanders,involves,1,2025-10-07,2025-10-07
case:e0bbbdc95b57,species:sandalwood,involves,1,2025-10-07,2025-10-07
case:e0bbbdc95b57,location:delhi,occurred_at,1,2025-10-07,2025-10-07
case:e0bbbdc95b57,commodity:red_sanders-tonnes,seized,1,2025-10-07,2025-10-07
case:e0bbbdc95b57,commodity:sandalwood-tonnes,seized,1,2025-10-07,2025-10-07
outlet:abp_news,case:e0bbbdc95b57,reported,1,2025-10-07,2025-10-07
case:ca056d978827,species:red_sanders,involves,1,2025-10-07,2025-10-07
case:ca056d978827,species:sandalwood,involves,1,2025-10-07,2025-10-07
case:ca056d978827,location:tirupati,occurred_at,1,2025-10-07,2025-10-07
case:ca056d978827,commodity:red_sanders-tonnes,seized,1,2025-10-07,2025-10-07
case:ca056d978827,commodity:sandalwood-tonnes,seized,1,2025-10-07,2025-10-07
case:ff7f7c8408a6,species:hornbill,involves,1,2025-10-07,2025-10-07
case:ff7f7c8408a6,location:maasim,occurred_at,1,2025-10-07,2025-10-07
case:ff7f7c8408a6,mode:online,via,1,2025-10-07,2025-10-07
location:maasim,location:soccsksargen,within,1,2025-10-07,2025-10-07
case:4f13d41cd5db,species:sandalwood,involves,1,2025-10-07,2025-10-07
case:4f13d41cd5db,location:bengaluru,occurred_at,1,2025-10-07,2025-10-07
case:982285032f5f,species:red_sanders,involves,1,2025-10-07,2025-10-07
case:982285032f5f,species:sandalwood,involves,1,2025-10-07,2025-10-07
case:982285032f5f,location:tirupati,occurred_at,1,2025-10-07,2025-10-07
case:dad8ecf6e18e,species:eels,involves,1,2025-10-07,2025-10-07
case:dad8ecf6e18e,location:nantes,occurred_at,1,2025-10-07,2025-10-07
location:nantes,location:pays_de_la_loire,within,1,2025-10-07,2025-10-07
case:7e6e9719eefa,species:shark_ray,involves,1,2025-10-07,2025-10-07
case:7e6e9719eefa,species:totoaba,involves,1,2025-10-07,2025-10-07
case:7e6e9719eefa,species:turtles,involves,1,2025-10-07,2025-10-07
outlet:mimorelia.com,case:7e6e9719eefa,reported,1,2025-10-07,2025-10-07
case:fe08b3799cb6,species:elephant,involves,1,2025-10-07,2025-10-07
case:fe08b3799cb6,location:dolisie,occurred_at,1,2025-10-07,2025-10-07
location:dolisie,location:niari,within,1,2025-10-07,2025-10-07
case:125cdc16485f,species:wildlife_general,involves,1,2025-10-06,2025-10-06
outlet:ipam_amazônia,case:125cdc16485f,reported,1,2025-10-06,2025-10-06
case:f699be0d563b,species:rosewood,involves,1,2025-10-06,2025-10-06
outlet:agência_marinha_de_notícias,case:f699be0d563b,reported,1,2025-10-06,2025-10-06
case:c7ce3049d62b,species:wildlife_general,involves,1,2025-10-06,2025-10-06
outlet:department_of_community_safety_and_transport_management,case:c7ce3049d62b,reported,1,2025-10-06,2025-10-06
case:4c1d509fcc43,species:pangolin,involves,1,2025-10-05,2025-10-05
case:4c1d509fcc43,location:hanamkonda,occurred_at,1,2025-10-05,2025-10-05
case:4c1d509fcc43,commodity:pangolin-kg,seized,1,2025-10-05,2025-10-05
location:hanamkonda,location:telangana,within,1,2025-10-05,2025-10-05
case:3f98404c8827,species:elephant,involves,1,2025-10-05,2025-10-05
case:3f98404c8827,location:malawi,occurred_at,1,2025-10-05,2025-10-05
case:71b09668df36,species:wildlife_general,involves,1,2025-10-05,2025-10-05
case:71b09668df36,location:bogotá,occurred_at,1,2025-10-05,2025-10-05
outlet:bogota.gov.co,case:71b09668df36,reported,1,2025-10-05,2025-10-05
outlet:bogota.gov.co,case:6d4fa2c94b02,reported,1,2025-02-19,2025-02-19
outlet:bogota.gov.co,case:ba10f2b58ca4,reported,1,2025-01-21,2025-01-21
case:c82f9900d6b3,species:sand_boa,involves,1,2025-10-05,2025-10-05
case:c82f9900d6b3,location:sidhi,occurred_at,1,2025-10-05,2025-10-05
case:c82f9900d6b3,commodity:sand_boa-kg,seized,1,2025-10-05,2025-10-05
case:0f3dcb97d98c,species:turtles,involves,1,2025-10-04,2025-10-04
case:7ec05264bb66,species:wildlife_general,involves,1,2025-10-04,2025-10-04
case:d9e47bc83a24,species:birds,involves,1,2025-10-04,2025-10-04
case:d9e47bc83a24,location:bānda,occurred_at,1,2025-10-04,2025-10-04
case:6fec62d8929a,species:cheetah,involves,1,2025-10-03,2025-10-03
case:b33926a80d49,species:wildlife_general,involves,1,2025-10-03,2025-10-03
case:ed15df659797,species:cheetah,involves,1,2025-10-02,2025-10-02
outlet:spectrum_news,case:ed15df659797,reported,1,2025-10-02,2025-10-02
case:7c05c2ddf326,species:wildlife_general,involves,1,2025-10-02,2025-10-02
case:2c104568434f,species:wildlife_general,involves,1,2025-10-01,2025-10-01
case:2c104568434f,location:philippines,occurred_at,1,2025-10-01,2025-10-01
case:2c104568434f,mode:online,via,1,2025-10-01,2025-10-01
case:ce31ab00d4e7,species:hornbill,involves,1,2025-10-01,2025-10-01
case:ce31ab00d4e7,location:sarangani,occurred_at,1,2025-10-01,2025-10-01
location:sarangani,location:davao_region,within,1,2025-10-01,2025-10-01
outlet:mindanews,case:ce31ab00d4e7,reported,1,2025-10-01,2025-10-01
case:82d3dfee462b,species:turtles,involves,1,2025-10-01,2025-10-01
case:2587d37f1648,species:wildlife_general,involves,1,2025-09-30,2025-09-30
case:d0ed7b6f6eba,species:birds,involves,1,2025-09-30,2025-09-30
case:d0ed7b6f6eba,location:juiz_de_fora,occurred_at,1,2025-09-30,2025-09-30
case:eb3f49e077d3,species:wildlife_general,involves,1,2025-09-29,2025-09-29
case:73542fda5f4a,species:wildlife_general,involves,1,2025-09-29,2025-09-29
case:73542fda5f4a,location:regeneração,occurred_at,1,2025-09-29,2025-09-29
location:regeneração,location:piauí,within,1,2025-09-29,2025-09-29
case:0eca4c3e0ee0,species:monitor_lizard,involves,1,2025-09-28,2025-09-28
case:0eca4c3e0ee0,location:hyderabad,occurred_at,1,2025-09-28,2025-09-28
case:0eca4c3e0ee0,mode:air,via,1,2025-09-28,2025-09-28
location:hyderabad,location:telangana,within,1,2025-09-28,2025-09-28
case:979288531821,species:tiger,involves,1,2025-09-27,2025-09-27
case:979288531821,location:guwahati,occurred_at,1,2025-09-27,2025-09-27
case:6102d0caba47,species:birds,involves,1,2025-09-26,2025-09-26
case:6102d0caba47,location:itapira,occurred_at,1,2025-09-26,2025-09-26
location:itapira,location:são_paulo,within,1,2025-09-26,2025-09-26
outlet:prefeitura_municipal_de_itapira-sp,case:6102d0caba47,reported,1,2025-09-26,2025-09-26
case:0625c3231b8c,species:birds,involves,1,2025-09-26,2025-09-26
case:0625c3231b8c,location:neópolis,occurred_at,1,2025-09-26,2025-09-26
location:neópolis,location:sergipe,within,1,2025-09-26,2025-09-26
outlet:natal.rn.gov.br,case:0625c3231b8c,reported,1,2025-09-26,2025-09-26
case:feb7e84d23ab,species:eels,involves,1,2025-09-25,2025-09-25
outlet:europol,case:feb7e84d23ab,reported,1,2025-09-25,2025-09-25
outlet:europol,case:6cb7b5717287,reported,1,2024-10-03,2024-10-03
case:c54694b669f8,species:shark_ray,involves,1,2025-09-25,2025-09-25
case:3227f3f1203e,species:red_sanders,involves,1,2025-09-24,2025-09-24
case:89b7d3809163,species:wildlife_general,involves,1,2025-09-24,2025-09-24
case:89b7d3809163,location:ceilândia,occurred_at,1,2025-09-24,2025-09-24
location:ceilândia,location:federal_district,within,2,2025-08-08,2025-09-24
case:47e7db32d911,species:primates,involves,1,2025-09-24,2025-09-24
case:47e7db32d911,location:mumbai,occurred_at,1,2025-09-24,2025-09-24
case:ee6ed15d4df6,species:wildlife_general,involves,1,2025-09-23,2025-09-23
case:ee6ed15d4df6,location:cárdenas,occurred_at,1,2025-09-23,2025-09-23
location:cárdenas,location:tabasco,within,1,2025-09-23,2025-09-23
case:ee83b5e86a4a,species:wildlife_general,involves,1,2025-09-22,2025-09-22
case:ee83b5e86a4a,location:kuala_lumpur,occurred_at,1,2025-09-22,2025-09-22
case:ee83b5e86a4a,mode:online,via,1,2025-09-22,2025-09-22
case:cd2ae3f5242c,species:wildlife_general,involves,1,2025-09-22,2025-09-22
case:c5a91d8b5855,species:pangolin,involves,1,2025-09-22,2025-09-22
case:c5a91d8b5855,mode:road,via,1,2025-09-22,2025-09-22
case:ded487436f34,species:leopard,involves,1,2025-09-21,2025-09-21
case:ded487436f34,location:mumbai,occurred_at,1,2025-09-21,2025-09-21
case:4abbbacd73c4,species:sandalwood,involves,1,2025-09-20,2025-09-20
case:4abbbacd73c4,commodity:sandalwood-tonnes,seized,1,2025-09-20,2025-09-20
case:7cbed3890e8a,species:red_sanders,involves,1,2025-09-19,2025-09-19
case:7cbed3890e8a,species:sandalwood,involves,1,2025-09-19,2025-09-19
case:7cbed3890e8a,location:maharashtra,occurred_at,1,2025-09-19,2025-09-19
case:7cbed3890e8a,commodity:red_sanders-kg,seized,1,2025-09-19,2025-09-19
case:7cbed3890e8a,commodity:sandalwood-kg,seized,1,2025-09-19,2025-09-19
case:86c6f371b330,species:wildlife_general,involves,1,2025-09-19,2025-09-19
case:86c6f371b330,location:patna,occurred_at,1,2025-09-19,2025-09-19
case:edc3da156591,species:wildlife_general,involves,1,2025-09-18,2025-09-18
case:edc3da156591,location:brazil,occurred_at,1,2025-09-18,2025-09-18
outlet:wild_beim_wild,case:edc3da156591,reported,1,2025-09-18,2025-09-18
case:d8627664a9b4,species:primates,involves,1,2025-09-18,2025-09-18
case:d8627664a9b4,location:gama,occurred_at,1,2025-09-18,2025-09-18
case:5197f2cd80be,species:turtles,involves,1,2025-09-17,2025-09-17
case:5197f2cd80be,location:brazil,occurred_at,1,2025-09-17,2025-09-17
outlet:asharq_al-awsat_english,case:5197f2cd80be,reported,1,2025-09-17,2025-09-17
case:bcba2a5f36a2,species:turtles,involves,1,2025-09-17,2025-09-17
case:540d8a82ccad,species:wildlife_general,involves,1,2025-09-17,2025-09-17
outlet:meio_news,case:540d8a82ccad,reported,1,2025-09-17,2025-09-17
case:4df47a4f549f,species:pangolin,involves,1,2025-09-17,2025-09-17
case:4df47a4f549f,mode:online,via,1,2025-09-17,2025-09-17
case:4df47a4f549f,commodity:pangolin-kilogram,seized,1,2025-09-17,2025-09-17
case:754d6815487b,species:turtles,involves,1,2025-09-16,2025-09-16
case:94e4a1de4953,species:bear,involves,1,2025-09-16,2025-09-16
case:94e4a1de4953,location:washington,occurred_at,1,2025-09-16,2025-09-16
outlet:washington_state_standard,case:94e4a1de4953,reported,1,2025-09-16,2025-09-16
outlet:krem,case:94e4a1de4953,reported,1,2025-09-16,2025-09-16
case:e6b7db65c15e,species:elephant,involves,1,2025-09-16,2025-09-16
case:e6b7db65c15e,species:rhino,involves,1,2025-09-16,2025-09-16
case:e6b7db65c15e,location:kenya,occurred_at,1,2025-09-16,2025-09-16
outlet:reuters.com,case:e6b7db65c15e,reported,1,2025-09-16,2025-09-16
case:dee1faa8c792,species:wildlife_general,involves,1,2025-09-16,2025-09-16
case:dee1faa8c792,location:rio_de_janeiro,occurred_at,1,2025-09-16,2025-09-16
outlet:cnnbrasil.com.br,case:dee1faa8c792,reported,3,2025-09-16,2025-09-16
outlet:cnnbrasil.com.br,case:678c40f5ea49,reported,1,2025-01-10,2025-01-10
outlet:portal_multiplix,case:dee1faa8c792,reported,1,2025-09-16,2025-09-16
outlet:nova_friburgo_em_foco,case:dee1faa8c792,reported,1,2025-09-16,2025-09-16
outlet:jornaldaregiao.com,case:dee1faa8c792,reported,1,2025-09-16,2025-09-16
outlet:contilnet,case:dee1faa8c792,reported,1,2025-09-16,2025-09-16
outlet:crmv-rj,case:dee1faa8c792,reported,1,2025-09-16,2025-09-16
case:01fbdb4231ce,species:wildlife_general,involves,1,2025-09-15,2025-09-15
case:01fbdb4231ce,location:washington,occurred_at,1,2025-09-15,2025-09-15
outlet:washington_department_of_fish_and_wildlife_(.gov),case:01fbdb4231ce,reported,1,2025-09-15,2025-09-15
case:a64a49a75386,species:abalone,involves,1,2025-09-14,2025-09-14
case:a64a49a75386,location:worcester,occurred_at,1,2025-09-14,2025-09-14
location:worcester,location:massachusetts,within,2,2025-08-25,2025-09-14
case:883ad05c78de,species:wildlife_general,involves,1,2025-09-14,2025-09-14
case:883ad05c78de,location:tehran,occurred_at,1,2025-09-14,2025-09-14
outlet:tehran_times,case:883ad05c78de,reported,1,2025-09-14,2025-09-14
case:96a2ed904028,species:turtles,involves,1,2025-09-14,2025-09-14
case:96a2ed904028,location:jundiaí,occurred_at,1,2025-09-14,2025-09-14
location:jundiaí,location:são_paulo,within,1,2025-09-14,2025-09-14
case:76927b9c4853,species:turtles,involves,1,2025-09-13,2025-09-13
case:76927b9c4853,location:suvarnabhumi,occurred_at,1,2025-09-13,2025-09-13
case:76927b9c4853,mode:air,via,1,2025-09-13,2025-09-13
case:76927b9c4853,commodity:turtles-tortoises,seized,1,2025-09-13,2025-09-13
case:cd766eb26a3f,species:pangolin,involves,1,2025-09-10,2025-09-10
case:cd766eb26a3f,location:mozambique,occurred_at,1,2025-09-10,2025-09-10
case:0f4a873f43ed,species:birds,involves,1,2025-09-10,2025-09-10
case:0f4a873f43ed,location:são_paulo,occurred_at,1,2025-09-10,2025-09-10
case:4ad1fba94c11,species:wildlife_general,involves,1,2025-09-10,2025-09-10
outlet:gazeta_do_cerrado,case:4ad1fba94c11,reported,1,2025-09-10,2025-09-10
case:bbd81201e924,species:red_sanders,involves,1,2025-09-09,2025-09-09
case:bbd81201e924,commodity:red_sanders-logs,seized,1,2025-09-09,2025-09-09
case:490efbf83f91,species:wildlife_general,involves,1,2025-09-08,2025-09-08
case:2c87ea783ad1,species:pangolin,involves,1,2025-09-08,2025-09-08
agency:gakkum,case:2c87ea783ad1,acted_in,1,2025-09-08,2025-09-08
outlet:gakkum_kehutanan,case:2c87ea783ad1,reported,1,2025-09-08,2025-09-08
case:1fb3b277f299,species:rhino,involves,1,2025-09-07,2025-09-07
case:1fb3b277f299,location:bangkok,occurred_at,1,2025-09-07,2025-09-07
case:1fb3b277f299,mode:air,via,1,2025-09-07,2025-09-07
case:050e106a6c77,species:turtles,involves,1,2025-09-06,2025-09-06
outlet:ica,case:050e106a6c77,reported,1,2025-09-06,2025-09-06
outlet:ica,case:ebf1537af2c1,reported,2,2025-09-06,2025-09-06
case:ebf1537af2c1,species:elephant,involves,1,2025-09-06,2025-09-06
case:ebf1537af2c1,species:pangolin,involves,1,2025-09-06,2025-09-06
case:ebf1537af2c1,location:singapore,occurred_at,1,2025-09-06,2025-09-06
case:ebf1537af2c1,commodity:elephant-tonnes,seized,1,2025-09-06,2025-09-06
case:ebf1537af2c1,commodity:pangolin-tonnes,seized,1,2025-09-06,2025-09-06
case:fd6dc31759ad,species:birds,involves,1,2025-09-06,2025-09-06
case:fd6dc31759ad,location:parelheiros,occurred_at,1,2025-09-06,2025-09-06
location:parelheiros,location:são_paulo,within,1,2025-09-06,2025-09-06
case:600913930821,species:primates,involves,1,2025-09-05,2025-09-05
outlet:universitas_gadjah_mada,case:600913930821,reported,1,2025-09-05,2025-09-05
case:a3720171b60f,species:wildlife_general,involves,1,2025-09-05,2025-09-05
case:a3720171b60f,location:salvador,occurred_at,1,2025-09-05,2025-09-05
case:a3720171b60f,mode:online,via,1,2025-09-05,2025-09-05
outlet:instagram.com,case:a3720171b60f,reported,1,2025-09-05,2025-09-05
case:18dcd57d495c,species:wildlife_general,involves,1,2025-09-04,2025-09-04
case:18dcd57d495c,location:calabar,occurred_at,1,2025-09-04,2025-09-04
location:calabar,location:cross_river_state,within,1,2025-09-04,2025-09-04
outlet:ripples_nigeria,case:18dcd57d495c,reported,1,2025-09-04,2025-09-04
case:bea249fc4d99,species:wildlife_general,involves,1,2025-09-02,2025-09-02
case:c3fe672d2014,species:wildlife_general,involves,1,2025-09-02,2025-09-02
outlet:ketv,case:c3fe672d2014,reported,1,2025-09-02,2025-09-02
case:252d239ccad9,species:red_sanders,involves,1,2025-09-01,2025-09-01
case:252d239ccad9,location:tamil_nadu,occurred_at,1,2025-09-01,2025-09-01
case:2586cb37dac8,species:elephant,involves,1,2025-09-01,2025-09-01
case:511b96869dc4,species:rosewood,involves,1,2025-09-01,2025-09-01
outlet:jamildo,case:511b96869dc4,reported,1,2025-09-01,2025-09-01
outlet:studio.tv.br,case:511b96869dc4,reported,1,2025-09-01,2025-09-01
case:4d849dbc58b4,species:wildlife_general,involves,1,2025-09-01,2025-09-01
outlet:portalunico.com,case:4d849dbc58b4,reported,1,2025-09-01,2025-09-01
case:95a6e03c26b0,species:jaguar,involves,1,2025-08-30,2025-08-30
case:95a6e03c26b0,location:buenos_aires,occurred_at,1,2025-08-30,2025-08-30
outlet:h2foz.com.br,case:95a6e03c26b0,reported,1,2025-08-30,2025-08-30
case:c2b3e3f5757a,species:birds,involves,1,2025-08-29,2025-08-29
case:c2b3e3f5757a,species:turtles,involves,1,2025-08-29,2025-08-29
case:c2b3e3f5757a,location:vila_velha,occurred_at,1,2025-08-29,2025-08-29
case:ff03fda1c5aa,species:elephant,involves,1,2025-08-27,2025-08-27
case:ff03fda1c5aa,species:rhino,involves,1,2025-08-27,2025-08-27
outlet:daily_nation,case:ff03fda1c5aa,reported,1,2025-08-27,2025-08-27
case:2a989f48270e,species:leopard,involves,1,2025-08-27,2025-08-27
case:2a989f48270e,location:nuapada,occurred_at,1,2025-08-27,2025-08-27
case:e2bece9c3513,species:abalone,involves,1,2025-08-25,2025-08-25
case:e2bece9c3513,location:worcester,occurred_at,1,2025-08-25,2025-08-25
outlet:cape_times,case:e2bece9c3513,reported,1,2025-08-25,2025-08-25
case:7f553e8a18f7,species:pangolin,involves,1,2025-08-23,2025-08-23
case:7f553e8a18f7,location:nigeria,occurred_at,1,2025-08-23,2025-08-23
case:8d013f2249d2,species:shark_ray,involves,1,2025-08-22,2025-08-22
case:8d013f2249d2,mode:air,via,1,2025-08-22,2025-08-22
case:8d013f2249d2,commodity:shark_ray-kg,seized,1,2025-08-22,2025-08-22
case:1c7126c6158e,species:shark_ray,involves,1,2025-08-22,2025-08-22
case:1c7126c6158e,mode:air,via,1,2025-08-22,2025-08-22
case:719dfb93e1ff,species:rosewood,involves,1,2025-08-21,2025-08-21
case:b8657ef2c8ab,species:turtles,involves,1,2025-08-21,2025-08-21
outlet:mi_diario,case:b8657ef2c8ab,reported,1,2025-08-21,2025-08-21
case:0e706cb2b2d2,species:rhino,involves,1,2025-08-19,2025-08-19
outlet:save_the_rhino_international,case:0e706cb2b2d2,reported,1,2025-08-19,2025-08-19
case:14525d032f56,species:primates,involves,1,2025-08-19,2025-08-19
case:0531f9b51143,species:rhino,involves,1,2025-08-19,2025-08-19
case:8e0cb03e2123,species:shark_ray,involves,1,2025-08-18,2025-08-18
case:8e0cb03e2123,commodity:shark_ray-kg,seized,1,2025-08-18,2025-08-18
case:956b5fec3b87,species:turtles,involves,1,2025-08-16,2025-08-16
outlet:revistacenarium.com.br,case:956b5fec3b87,reported,1,2025-08-16,2025-08-16
case:de8acc730d6d,species:elephant,involves,1,2025-08-15,2025-08-15
case:de8acc730d6d,location:porto,occurred_at,1,2025-08-15,2025-08-15
outlet:integrity_magazine,case:de8acc730d6d,reported,1,2025-08-15,2025-08-15
outlet:integrity_magazine,case:c1f23c833b45,reported,1,2024-07-11,2024-07-11
case:93857dd965a6,species:red_sanders,involves,1,2025-08-10,2025-08-10
case:93857dd965a6,species:sandalwood,involves,1,2025-08-10,2025-08-10
case:93857dd965a6,location:kadapa,occurred_at,1,2025-08-10,2025-08-10
case:c142850a205d,species:birds,involves,1,2025-08-08,2025-08-08
case:c142850a205d,location:ceilândia,occurred_at,1,2025-08-08,2025-08-08
case:b603e115d258,species:wildlife_general,involves,1,2025-08-07,2025-08-07
case:b603e115d258,location:novo_hamburgo,occurred_at,1,2025-08-07,2025-08-07
case:b603e115d258,commodity:wildlife_general-nos,seized,1,2025-08-07,2025-08-07
case:8187b22a6172,species:turtles,involves,1,2025-08-07,2025-08-07
outlet:douanes,case:8187b22a6172,reported,1,2025-08-07,2025-08-07
outlet:douanes,case:a98d32cb5303,reported,1,2025-02-24,2025-02-24
case:ff36f0c03391,species:turtles,involves,1,2025-08-05,2025-08-05
case:ff36f0c03391,mode:air,via,1,2025-08-05,2025-08-05
case:ff36f0c03391,commodity:turtles-tortoises,seized,1,2025-08-05,2025-08-05
case:e375e4b6d87a,species:elephant,involves,1,2025-08-04,2025-08-04
case:e375e4b6d87a,location:valencia,occurred_at,1,2025-08-04,2025-08-04
location:valencia,location:carabobo,within,1,2025-08-04,2025-08-04
outlet:elperiodic.com,case:e375e4b6d87a,reported,1,2025-08-04,2025-08-04
case:285d87797f93,species:shark_ray,involves,1,2025-07-30,2025-07-30
outlet:cw+,case:285d87797f93,reported,1,2025-07-30,2025-07-30
case:3cf470bbc276,species:shark_ray,involves,1,2025-07-28,2025-07-28
outlet:elpais.com.co,case:3cf470bbc276,reported,1,2025-07-28,2025-07-28
case:887fa5a9365b,species:wildlife_general,involves,1,2025-07-17,2025-07-17
case:cf0eb7fd0bf8,species:leopard,involves,1,2025-07-16,2025-07-16
case:cf0eb7fd0bf8,location:odisha,occurred_at,1,2025-07-16,2025-07-16
case:cf0eb7fd0bf8,commodity:leopard-skins,seized,1,2025-07-16,2025-07-16
case:0c9967ead6e8,species:birds,involves,1,2025-07-14,2025-07-14
case:0c9967ead6e8,location:itapoã,occurred_at,1,2025-07-14,2025-07-14
location:itapoã,location:federal_district,within,1,2025-07-14,2025-07-14
case:0e136c162e1c,species:wildlife_general,involves,1,2025-07-14,2025-07-14
case:0e136c162e1c,location:oriximiná,occurred_at,1,2025-07-14,2025-07-14
location:oriximiná,location:pará,within,1,2025-07-14,2025-07-14
outlet:prefeitura_municipal_oriximiná,case:0e136c162e1c,reported,1,2025-07-14,2025-07-14
case:0cddb044adef,species:red_sanders,involves,1,2025-07-13,2025-07-13
case:0cddb044adef,species:sandalwood,involves,1,2025-07-13,2025-07-13
case:efbe0abe046a,species:birds,involves,1,2025-07-10,2025-07-10
case:0c90f7e55834,species:wildlife_general,involves,1,2025-07-08,2025-07-08
case:0c90f7e55834,location:fortaleza,occurred_at,1,2025-07-08,2025-07-08
outlet:prefeitura_de_fortaleza,case:0c90f7e55834,reported,1,2025-07-08,2025-07-08
outlet:prefeitura_de_fortaleza,case:5089ebf31be8,reported,1,2025-04-01,2025-04-01
case:7b9498e3930c,species:birds,involves,1,2025-07-05,2025-07-05
case:7b9498e3930c,location:campo_grande,occurred_at,1,2025-07-05,2025-07-05
outlet:diariodigital.com.br,case:7b9498e3930c,reported,1,2025-07-05,2025-07-05
case:6289ee664837,species:abalone,involves,1,2025-07-01,2025-07-01
case:5c39455ff96d,species:wildlife_general,involves,1,2025-06-30,2025-06-30
case:c7ffc342ff0c,species:pangolin,involves,1,2025-06-29,2025-06-29
case:c7ffc342ff0c,location:indonesia,occurred_at,1,2025-06-29,2025-06-29
case:f7b5e65d12be,species:elephant,involves,1,2025-06-25,2025-06-25
case:d3474bdb2898,species:pangolin,involves,1,2025-06-25,2025-06-25
case:d3474bdb2898,location:asia,occurred_at,1,2025-06-25,2025-06-25
case:d3474bdb2898,commodity:pangolin-tonne,seized,1,2025-06-25,2025-06-25
case:e04b5f0bc73e,species:eels,involves,1,2025-06-23,2025-06-23
case:324ad1c75588,species:rosewood,involves,1,2025-06-23,2025-06-23
case:324ad1c75588,location:anapu,occurred_at,1,2025-06-23,2025-06-23
location:anapu,location:pará,within,1,2025-06-23,2025-06-23
case:b5a19d5a9fd8,species:shark_ray,involves,1,2025-06-22,2025-06-22
case:b5a19d5a9fd8,location:ensenada,occurred_at,1,2025-06-22,2025-06-22
location:ensenada,location:baja_california,within,1,2025-06-22,2025-06-22
location:ensenada,location:china,trafficked_to,1,2025-06-22,2025-06-22
outlet:bigfish.mx,case:b5a19d5a9fd8,reported,1,2025-06-22,2025-06-22
case:ea110d8b1513,species:wildlife_general,involves,1,2025-06-19,2025-06-19
case:ea110d8b1513,location:chennai,occurred_at,1,2025-06-19,2025-06-19
case:4ed59f24a6e8,species:elephant,involves,1,2025-06-17,2025-06-17
case:684ff913921a,species:elephant,involves,1,2025-06-17,2025-06-17
case:684ff913921a,species:pangolin,involves,1,2025-06-17,2025-06-17
case:f137a4cff407,species:turtles,involves,1,2025-06-14,2025-06-14
case:f137a4cff407,location:cabo_frio,occurred_at,1,2025-06-14,2025-06-14
location:cabo_frio,location:rio_de_janeiro,within,1,2025-06-14,2025-06-14
outlet:prefeitura_de_cabo_frio,case:f137a4cff407,reported,1,2025-06-14,2025-06-14
case:64116f7388cb,species:shark_ray,involves,1,2025-06-12,2025-06-12
case:64116f7388cb,location:shanghai,occurred_at,1,2025-06-12,2025-06-12
case:64116f7388cb,commodity:shark_ray-kilos,seized,1,2025-06-12,2025-06-12
case:95e2a1200384,species:birds,involves,1,2025-06-09,2025-06-09
case:30c770e33b71,species:wildlife_general,involves,1,2025-06-09,2025-06-09
agency:wildlife_justice_commission,case:30c770e33b71,acted_in,1,2025-06-09,2025-06-09
outlet:กรมสอบสวนคดีพิเศษ,case:30c770e33b71,reported,1,2025-06-09,2025-06-09
outlet:กรมสอบสวนคดีพิเศษ,case:558f1acb8776,reported,1,2024-08-21,2024-08-21
case:3c5f3b8b5043,species:birds,involves,1,2025-06-06,2025-06-06
case:3c5f3b8b5043,location:machadinho_d'oeste,occurred_at,1,2025-06-06,2025-06-06
location:machadinho_d'oeste,location:rondônia,within,1,2025-06-06,2025-06-06
case:bb3d762a9ac6,species:rhino,involves,1,2025-05-30,2025-05-30
case:bb3d762a9ac6,location:george,occurred_at,1,2025-05-30,2025-05-30
case:060c77d264a4,species:red_sanders,involves,1,2025-05-27,2025-05-27
case:060c77d264a4,location:dubai,occurred_at,1,2025-05-27,2025-05-27
case:b0f888e82b44,species:red_sanders,involves,1,2025-05-27,2025-05-27
case:b0f888e82b44,location:chennai,occurred_at,1,2025-05-27,2025-05-27
case:01aa22b36311,species:red_sanders,involves,1,2025-05-26,2025-05-26
case:2cca1910b622,species:rosewood,involves,1,2025-05-24,2025-05-24
outlet:aquinoticias.mx,case:2cca1910b622,reported,1,2025-05-24,2025-05-24
case:f29819feda3e,species:pangolin,involves,1,2025-05-22,2025-05-22
case:19702415b86e,species:rosewood,involves,1,2025-05-21,2025-05-21
case:19702415b86e,location:mazagão,occurred_at,1,2025-05-21,2025-05-21
outlet:a_gazeta_do_amapá,case:19702415b86e,reported,1,2025-05-21,2025-05-21
case:103fc297f09d,species:primates,involves,1,2025-05-16,2025-05-16
case:103fc297f09d,location:thailand,occurred_at,1,2025-05-16,2025-05-16
case:6970f177789e,species:pangolin,involves,1,2025-05-14,2025-05-14
case:3a71263176bf,species:elephant,involves,1,2025-05-13,2025-05-13
outlet:voronoi_by_visual_capitalist,case:3a71263176bf,reported,1,2025-05-13,2025-05-13
case:f74b4bdfb8c2,species:leopard,involves,1,2025-05-08,2025-05-08
case:f74b4bdfb8c2,location:ujjain,occurred_at,1,2025-05-08,2025-05-08
location:ujjain,location:madhya_pradesh,within,1,2025-05-08,2025-05-08
case:b9415d92e219,species:shark_ray,involves,1,2025-05-06,2025-05-06
case:b9415d92e219,location:suvarnabhumi,occurred_at,1,2025-05-06,2025-05-06
case:b9415d92e219,mode:air,via,1,2025-05-06,2025-05-06
case:255323776025,species:wildlife_general,involves,1,2025-05-06,2025-05-06
outlet:latribuna.hn,case:255323776025,reported,1,2025-05-06,2025-05-06
case:7f88595ae7aa,species:elephant,involves,1,2025-05-06,2025-05-06
case:7f88595ae7aa,species:leopard,involves,1,2025-05-06,2025-05-06
case:7f88595ae7aa,location:nagpur,occurred_at,1,2025-05-06,2025-05-06
case:7f88595ae7aa,commodity:elephant-skins,seized,1,2025-05-06,2025-05-06
case:7f88595ae7aa,commodity:leopard-skins,seized,1,2025-05-06,2025-05-06
case:289a48053e1d,species:birds,involves,1,2025-05-06,2025-05-06
outlet:lehighvalleylive.com,case:289a48053e1d,reported,1,2025-05-06,2025-05-06
case:857b4df00642,species:agarwood,involves,1,2025-05-05,2025-05-05
case:857b4df00642,location:limbang,occurred_at,1,2025-05-05,2025-05-05
location:limbang,location:sarawak,within,1,2025-05-05,2025-05-05
outlet:sarawak_tribune,case:857b4df00642,reported,1,2025-05-05,2025-05-05
outlet:dayakdaily,case:857b4df00642,reported,1,2025-05-05,2025-05-05
case:3e6a7bd6ba97,species:shark_ray,involves,1,2025-05-05,2025-05-05
case:3e6a7bd6ba97,location:kalimantan,occurred_at,1,2025-05-05,2025-05-05
case:2c31f620e68c,species:shark_ray,involves,1,2025-05-03,2025-05-03
case:2c31f620e68c,location:thailand,occurred_at,1,2025-05-03,2025-05-03
outlet:bangkokpost.com,case:2c31f620e68c,reported,1,2025-05-03,2025-05-03
case:19c078e9cfa3,species:elephant,involves,1,2025-05-02,2025-05-02
case:19c078e9cfa3,species:pangolin,involves,1,2025-05-02,2025-05-02
case:5e9fbc536765,species:birds,involves,1,2025-05-01,2025-05-01
outlet:the_mercury_news,case:5e9fbc536765,reported,1,2025-05-01,2025-05-01
case:4dd6aaf2c61a,species:birds,involves,1,2025-04-28,2025-04-28
case:4dd6aaf2c61a,location:roorkee,occurred_at,1,2025-04-28,2025-04-28
case:4dd6aaf2c61a,commodity:birds-parakeets,seized,1,2025-04-28,2025-04-28
location:roorkee,location:uttarakhand,within,1,2025-04-28,2025-04-28
case:d7dfd19567f3,species:rosewood,involves,1,2025-04-16,2025-04-16
outlet:romanews.com.br,case:d7dfd19567f3,reported,1,2025-04-16,2025-04-16
case:690d07a3ba25,species:pangolin,involves,1,2025-04-15,2025-04-15
case:690d07a3ba25,commodity:pangolin-tons,seized,1,2025-04-15,2025-04-15
case:2ea84501921e,species:pangolin,involves,1,2025-04-14,2025-04-14
case:2ea84501921e,species:rhino,involves,1,2025-04-14,2025-04-14
case:2ea84501921e,location:badak,occurred_at,1,2025-04-14,2025-04-14
location:badak,location:autonomous_region_in_muslim_mindanao,within,2,2024-05-16,2025-04-14
outlet:ungkap.co.id,case:2ea84501921e,reported,1,2025-04-14,2025-04-14
case:be2f50cb6ba9,species:rhino,involves,1,2025-04-14,2025-04-14
case:be776bfd0bed,species:wildlife_general,involves,1,2025-04-14,2025-04-14
case:92f72693f46b,species:tokay_gecko,involves,1,2025-04-12,2025-04-12
case:92f72693f46b,location:dibrugarh,occurred_at,1,2025-04-12,2025-04-12
case:92f72693f46b,commodity:tokay_gecko-geckos,seized,1,2025-04-12,2025-04-12
location:dibrugarh,location:assam,within,1,2025-04-12,2025-04-12
case:ef6a94a71e9c,species:wildlife_general,involves,1,2025-04-08,2025-04-08
case:ef6a94a71e9c,location:caldas,occurred_at,1,2025-04-08,2025-04-08
location:caldas,location:antioquia,within,1,2025-04-08,2025-04-08
case:533619e4e7ce,species:pangolin,involves,1,2025-04-07,2025-04-07
case:b2751149b85a,species:wildlife_general,involves,1,2025-04-06,2025-04-06
outlet:cali.gov.co,case:b2751149b85a,reported,1,2025-04-06,2025-04-06
case:8f3905e62d10,species:wildlife_general,involves,1,2025-04-03,2025-04-03
case:8f3905e62d10,location:cali,occurred_at,1,2025-04-03,2025-04-03
location:cali,location:valle_del_cauca_department,within,1,2025-04-03,2025-04-03
outlet:diario_occidente,case:8f3905e62d10,reported,1,2025-04-03,2025-04-03
case:a1439e6eba49,species:birds,involves,1,2025-04-03,2025-04-03
case:a1439e6eba49,location:presidente_médici,occurred_at,1,2025-04-03,2025-04-03
case:5089ebf31be8,species:wildlife_general,involves,1,2025-04-01,2025-04-01
case:5089ebf31be8,location:fortaleza,occurred_at,1,2025-04-01,2025-04-01
case:02a209780e2c,species:wildlife_general,involves,1,2025-03-31,2025-03-31
case:c6b676ab2b41,species:birds,involves,1,2025-03-28,2025-03-28
case:c6b676ab2b41,mode:online,via,1,2025-03-28,2025-03-28
case:9f0e0886ef74,species:shark_ray,involves,1,2025-03-27,2025-03-27
case:32bddb509dd1,species:birds,involves,1,2025-03-21,2025-03-21
case:32bddb509dd1,location:guarulhos,occurred_at,1,2025-03-21,2025-03-21
outlet:click_guarulhos,case:32bddb509dd1,reported,1,2025-03-21,2025-03-21
case:af6b8b475756,species:hornbill,involves,1,2025-03-19,2025-03-19
case:af6b8b475756,location:sukabumi,occurred_at,1,2025-03-19,2025-03-19
location:sukabumi,location:west_java,within,1,2025-03-19,2025-03-19
outlet:antara_news_jawa_barat,case:af6b8b475756,reported,1,2025-03-19,2025-03-19
case:55190d54f00e,species:wildlife_general,involves,1,2025-03-19,2025-03-19
outlet:detsi.qld.gov.au,case:55190d54f00e,reported,1,2025-03-19,2025-03-19
case:661ea9b423c3,species:totoaba,involves,1,2025-03-18,2025-03-18
outlet:sea_shepherd_conservation_society,case:661ea9b423c3,reported,1,2025-03-18,2025-03-18
case:5f14f2abe12a,species:abalone,involves,1,2025-03-18,2025-03-18
case:3f32b70aed54,species:birds,involves,1,2025-03-14,2025-03-14
case:3f32b70aed54,location:volta_redonda,occurred_at,1,2025-03-14,2025-03-14
case:16f024ae970e,species:shark_ray,involves,1,2025-03-13,2025-03-13
case:6f2790778b8a,species:wildlife_general,involves,1,2025-02-27,2025-02-27
case:6f566e1454ed,species:rosewood,involves,1,2025-02-26,2025-02-26
case:6f566e1454ed,location:puebla,occurred_at,1,2025-02-26,2025-02-26
case:10006de7bc7c,species:wildlife_general,involves,1,2025-02-25,2025-02-25
outlet:noticias_625,case:10006de7bc7c,reported,1,2025-02-25,2025-02-25
case:a98d32cb5303,species:wildlife_general,involves,1,2025-02-24,2025-02-24
case:6d4fa2c94b02,species:turtles,involves,1,2025-02-19,2025-02-19
case:6d4fa2c94b02,location:bogotá,occurred_at,1,2025-02-19,2025-02-19
case:e9c2ec0ce443,species:wildlife_general,involves,1,2025-02-18,2025-02-18
case:ddc8b6665d91,species:birds,involves,1,2025-02-16,2025-02-16
case:6042cd92d641,species:pangolin,involves,1,2025-02-14,2025-02-14
case:6042cd92d641,location:china,occurred_at,1,2025-02-14,2025-02-14
case:1457e5301cb6,species:birds,involves,1,2025-02-12,2025-02-12
case:1457e5301cb6,location:guaratinguetá,occurred_at,1,2025-02-12,2025-02-12
location:guaratinguetá,location:são_paulo,within,1,2025-02-12,2025-02-12
case:d1367c4b3b6a,species:red_sanders,involves,1,2025-02-07,2025-02-07
case:d1367c4b3b6a,species:sandalwood,involves,1,2025-02-07,2025-02-07
case:d1367c4b3b6a,location:kalyān,occurred_at,1,2025-02-07,2025-02-07
case:456b594051bd,species:red_sanders,involves,1,2025-02-06,2025-02-06
case:456b594051bd,location:annamayya,occurred_at,1,2025-02-06,2025-02-06
case:25c782864a3e,species:red_sanders,involves,1,2025-02-06,2025-02-06
case:25c782864a3e,species:sandalwood,involves,1,2025-02-06,2025-02-06
case:25c782864a3e,location:india,occurred_at,1,2025-02-06,2025-02-06
case:6483ae50a15e,species:birds,involves,1,2025-02-06,2025-02-06
case:6483ae50a15e,location:conselheiro_lafaiete,occurred_at,1,2025-02-06,2025-02-06
location:conselheiro_lafaiete,location:minas_gerais,within,1,2025-02-06,2025-02-06
outlet:prefeitura_municipal_de_conselheiro_lafaiete,case:6483ae50a15e,reported,1,2025-02-06,2025-02-06
case:47abde080be7,species:agarwood,involves,1,2025-02-06,2025-02-06
case:2adf6928d8d8,species:abalone,involves,1,2025-02-04,2025-02-04
case:05d9226826f4,species:red_sanders,involves,1,2025-02-03,2025-02-03
case:05d9226826f4,location:dubai,occurred_at,1,2025-02-03,2025-02-03
case:b195882b04b6,species:elephant,involves,1,2025-02-03,2025-02-03
case:b195882b04b6,species:rhino,involves,1,2025-02-03,2025-02-03
case:b195882b04b6,location:doha,occurred_at,1,2025-02-03,2025-02-03
location:doha,location:baladiyat_ad_dawhah,within,1,2025-02-03,2025-02-03
outlet:doha_news,case:b195882b04b6,reported,1,2025-02-03,2025-02-03
case:18c3e55ac1b1,species:elephant,involves,1,2025-02-02,2025-02-02
case:18c3e55ac1b1,species:rhino,involves,1,2025-02-02,2025-02-02
outlet:gulf_times,case:18c3e55ac1b1,reported,1,2025-02-02,2025-02-02
case:565584b8acc2,species:elephant,involves,1,2025-02-02,2025-02-02
case:565584b8acc2,species:rhino,involves,1,2025-02-02,2025-02-02
case:565584b8acc2,location:qatar,occurred_at,1,2025-02-02,2025-02-02
case:565584b8acc2,mode:air,via,1,2025-02-02,2025-02-02
case:565584b8acc2,commodity:elephant-horns,seized,1,2025-02-02,2025-02-02
case:565584b8acc2,commodity:rhino-horns,seized,1,2025-02-02,2025-02-02
case:86b08c954ca5,species:elephant,involves,1,2025-01-30,2025-01-30
case:86b08c954ca5,species:tiger,involves,1,2025-01-30,2025-01-30
case:86b08c954ca5,location:nagaon,occurred_at,1,2025-01-30,2025-01-30
case:e1990464d5ed,species:birds,involves,1,2025-01-28,2025-01-28
case:e1990464d5ed,species:owl,involves,1,2025-01-28,2025-01-28
case:e1990464d5ed,location:santiago_del_estero,occurred_at,1,2025-01-28,2025-01-28
outlet:gobierno_de_la_provincia_de_santiago_del_estero,case:e1990464d5ed,reported,1,2025-01-28,2025-01-28
case:171e3ee778cf,species:leopard,involves,1,2025-01-26,2025-01-26
case:b98967549b0e,species:rosewood,involves,1,2025-01-25,2025-01-25
case:b98967549b0e,location:rorainópolis,occurred_at,1,2025-01-25,2025-01-25
location:rorainópolis,location:roraima,within,1,2025-01-25,2025-01-25
outlet:roraima1.com.br,case:b98967549b0e,reported,1,2025-01-25,2025-01-25
case:faaa7c734883,species:turtles,involves,1,2025-01-21,2025-01-21
case:faaa7c734883,location:el_dorado,occurred_at,1,2025-01-21,2025-01-21
location:el_dorado,location:arkansas,within,1,2025-01-21,2025-01-21
outlet:elespectador.com,case:faaa7c734883,reported,1,2025-01-21,2025-01-21
case:ba10f2b58ca4,species:turtles,involves,1,2025-01-21,2025-01-21
case:ba10f2b58ca4,location:bogotá,occurred_at,1,2025-01-21,2025-01-21
case:4ff474cdacd8,species:shark_ray,involves,1,2025-01-20,2025-01-20
case:4ff474cdacd8,location:ambon,occurred_at,1,2025-01-20,2025-01-20
case:4ff474cdacd8,commodity:shark_ray-kg,seized,1,2025-01-20,2025-01-20
location:ambon,location:maluku,within,1,2025-01-20,2025-01-20
case:1485c1565ed5,species:turtles,involves,1,2025-01-20,2025-01-20
case:36e39a307e8a,species:elephant,involves,1,2025-01-15,2025-01-15
case:36e39a307e8a,location:miami,occurred_at,1,2025-01-15,2025-01-15
location:miami,location:florida,within,1,2025-01-15,2025-01-15
case:7efb5310e99a,species:rhino,involves,1,2025-01-11,2025-01-11
case:7efb5310e99a,location:delhi,occurred_at,1,2025-01-11,2025-01-11
case:7efb5310e99a,commodity:rhino-horns,seized,1,2025-01-11,2025-01-11
case:678c40f5ea49,species:shark_ray,involves,1,2025-01-10,2025-01-10
case:678c40f5ea49,commodity:shark_ray-kg,seized,1,2025-01-10,2025-01-10
case:676817645bfb,species:wildlife_general,involves,1,2025-01-06,2025-01-06
case:676817645bfb,location:curitiba,occurred_at,1,2025-01-06,2025-01-06
location:curitiba,location:paraná,within,1,2025-01-06,2025-01-06
outlet:prefeitura_de_curitiba,case:676817645bfb,reported,1,2025-01-06,2025-01-06
case:cbbefb2474e0,species:red_sanders,involves,1,2025-01-03,2025-01-03
case:cbbefb2474e0,location:tirumala,occurred_at,1,2025-01-03,2025-01-03
location:tirumala,location:andhra_pradesh,within,1,2025-01-03,2025-01-03
case:6172cf556549,species:abalone,involves,1,2025-01-03,2025-01-03
case:982d991d5779,species:rhino,involves,1,2025-01-02,2025-01-02
case:982d991d5779,location:homa_bay,occurred_at,1,2025-01-02,2025-01-02
location:homa_bay,location:homa_bay_county,within,1,2025-01-02,2025-01-02
outlet:dci.go.ke,case:982d991d5779,reported,1,2025-01-02,2025-01-02
outlet:dci.go.ke,case:79573c1bb63b,reported,1,2024-11-11,2024-11-11
outlet:dci.go.ke,case:a314f9829f30,reported,1,2024-10-18,2024-10-18
case:091f0481ab21,species:pangolin,involves,1,2024-12-25,2024-12-25
case:091f0481ab21,commodity:pangolin-tons,seized,1,2024-12-25,2024-12-25
case:93731dd59003,species:tiger,involves,1,2024-12-24,2024-12-24
case:93731dd59003,location:odisha,occurred_at,1,2024-12-24,2024-12-24
case:de2f889ef520,species:pangolin,involves,1,2024-12-19,2024-12-19
case:de39bda3a654,species:pangolin,involves,1,2024-12-18,2024-12-18
case:de39bda3a654,commodity:pangolin-kilogram,seized,1,2024-12-18,2024-12-18
outlet:mongabay.co.id,case:de39bda3a654,reported,1,2024-12-18,2024-12-18
outlet:mongabay.co.id,case:924ab7906603,reported,1,2024-04-04,2024-04-04
case:5f7fd6030129,species:red_sanders,involves,1,2024-12-13,2024-12-13
case:5f7fd6030129,location:gujarat,occurred_at,1,2024-12-13,2024-12-13
case:5f7fd6030129,commodity:red_sanders-logs,seized,1,2024-12-13,2024-12-13
case:f3e7c0b59754,species:wildlife_general,involves,1,2024-12-13,2024-12-13
case:ffae3b149ae7,species:tiger,involves,1,2024-12-11,2024-12-11
case:ffae3b149ae7,location:guwahati,occurred_at,1,2024-12-11,2024-12-11
case:9f84b7555e5c,species:red_sanders,involves,1,2024-12-09,2024-12-09
case:b3a59c249390,species:turtles,involves,1,2024-12-08,2024-12-08
outlet:news.un.org,case:b3a59c249390,reported,1,2024-12-08,2024-12-08
case:4c32070c2c62,species:red_sanders,involves,1,2024-12-06,2024-12-06
case:4abc5e2e5f95,species:red_sanders,involves,1,2024-12-05,2024-12-05
outlet:indianexpress.com,case:4abc5e2e5f95,reported,1,2024-12-05,2024-12-05
case:e7c92be8f169,species:pangolin,involves,1,2024-11-26,2024-11-26
agency:klhk,case:e7c92be8f169,acted_in,1,2024-11-26,2024-11-26
agency:klhk,case:96d687c3f940,acted_in,1,2024-08-27,2024-08-27
case:b3de436a2b68,species:pangolin,involves,1,2024-11-25,2024-11-25
case:1784b86947f9,species:abalone,involves,1,2024-11-21,2024-11-21
case:9d98deecf985,species:elephant,involves,1,2024-11-19,2024-11-19
case:9d98deecf985,location:vellore,occurred_at,1,2024-11-19,2024-11-19
case:ccd9cd071fb4,species:wildlife_general,involves,1,2024-11-18,2024-11-18
case:6da236517e3d,species:abalone,involves,1,2024-11-14,2024-11-14
case:79573c1bb63b,species:elephant,involves,1,2024-11-11,2024-11-11
case:01bf0daf80ae,species:turtles,involves,1,2024-11-05,2024-11-05
case:01bf0daf80ae,location:chhatrapati_shivaji,occurred_at,1,2024-11-05,2024-11-05
case:01bf0daf80ae,mode:air,via,1,2024-11-05,2024-11-05
case:01bf0daf80ae,commodity:turtles-turtles,seized,1,2024-11-05,2024-11-05
case:e87d81be0993,species:wildlife_general,involves,1,2024-10-30,2024-10-30
case:e87d81be0993,location:vitória_da_conquista,occurred_at,1,2024-10-30,2024-10-30
case:bae59f803640,species:wildlife_general,involves,1,2024-10-28,2024-10-28
case:bae59f803640,location:bogotá,occurred_at,1,2024-10-28,2024-10-28
case:bae59f803640,commodity:wildlife_general-kilos,seized,1,2024-10-28,2024-10-28
outlet:wradio.com.co,case:bae59f803640,reported,1,2024-10-28,2024-10-28
case:56c8063b2a1c,species:hornbill,involves,1,2024-10-28,2024-10-28
case:56c8063b2a1c,location:ganja,occurred_at,1,2024-10-28,2024-10-28
location:ganja,location:gǝncǝ,within,1,2024-10-28,2024-10-28
case:e475b69e234f,species:abalone,involves,1,2024-10-25,2024-10-25
case:9460c72a9650,species:wildlife_general,involves,1,2024-10-22,2024-10-22
outlet:les_services_de_l'état_dans_l'oise,case:9460c72a9650,reported,1,2024-10-22,2024-10-22
case:4efb555e9009,species:leopard,involves,1,2024-10-18,2024-10-18
case:4efb555e9009,location:nuapada,occurred_at,1,2024-10-18,2024-10-18
case:c5f018828add,species:pangolin,involves,1,2024-10-18,2024-10-18
case:c5f018828add,location:lagos,occurred_at,1,2024-10-18,2024-10-18
case:c5f018828add,commodity:pangolin-kg,seized,1,2024-10-18,2024-10-18
case:a314f9829f30,species:elephant,involves,1,2024-10-18,2024-10-18
case:2da3646a8654,species:wildlife_general,involves,1,2024-10-16,2024-10-16
case:2da3646a8654,location:japeri,occurred_at,1,2024-10-16,2024-10-16
location:japeri,location:rio_de_janeiro,within,1,2024-10-16,2024-10-16
outlet:prefeitura_municipal_de_japeri,case:2da3646a8654,reported,1,2024-10-16,2024-10-16
case:c8c4851c02e0,species:birds,involves,1,2024-10-15,2024-10-15
case:c8c4851c02e0,location:sapiranga,occurred_at,1,2024-10-15,2024-10-15
location:sapiranga,location:rio_grande_do_sul,within,1,2024-10-15,2024-10-15
outlet:prefeitura_de_sapiranga,case:c8c4851c02e0,reported,1,2024-10-15,2024-10-15
case:ee3f2387b558,species:rosewood,involves,1,2024-10-14,2024-10-14
case:ee3f2387b558,location:marabá,occurred_at,1,2024-10-14,2024-10-14
location:marabá,location:pará,within,1,2024-10-14,2024-10-14
outlet:dol,case:ee3f2387b558,reported,1,2024-10-14,2024-10-14
case:87823c8b13bb,species:agarwood,involves,1,2024-10-10,2024-10-10
case:87823c8b13bb,commodity:agarwood-ton,seized,1,2024-10-10,2024-10-10
outlet:chinadailyhk,case:87823c8b13bb,reported,1,2024-10-10,2024-10-10
case:fae8e224c9a7,species:shark_ray,involves,1,2024-10-10,2024-10-10
outlet:revista_caretas,case:fae8e224c9a7,reported,1,2024-10-10,2024-10-10
case:6cb7b5717287,species:eels,involves,1,2024-10-03,2024-10-03
case:6cb7b5717287,commodity:eels-tonnes,seized,1,2024-10-03,2024-10-03
case:1c6bade6ebe6,species:shark_ray,involves,1,2024-09-30,2024-09-30
case:1c6bade6ebe6,commodity:shark_ray-kg,seized,1,2024-09-30,2024-09-30
case:7f3fa9345435,species:shark_ray,involves,1,2024-09-24,2024-09-24
outlet:mais.opovo.com.br,case:7f3fa9345435,reported,1,2024-09-24,2024-09-24
case:fe75927ad4fc,species:shark_ray,involves,1,2024-09-23,2024-09-23
case:fe75927ad4fc,location:fortaleza,occurred_at,1,2024-09-23,2024-09-23
case:fe75927ad4fc,commodity:shark_ray-kg,seized,1,2024-09-23,2024-09-23
case:51aa18df16c3,species:shark_ray,involves,1,2024-09-23,2024-09-23
case:567c3c366e89,species:abalone,involves,1,2024-09-16,2024-09-16
case:82fe0fcb0b8b,species:abalone,involves,1,2024-09-16,2024-09-16
case:bf827becece0,species:abalone,involves,1,2024-09-16,2024-09-16
case:bf827becece0,location:athlone,occurred_at,1,2024-09-16,2024-09-16
location:athlone,location:western_cape,within,1,2024-09-16,2024-09-16
case:82186d312d7d,species:shark_ray,involves,1,2024-09-16,2024-09-16
outlet:rc_noticias,case:82186d312d7d,reported,1,2024-09-16,2024-09-16
case:73d4efb00095,species:abalone,involves,1,2024-09-15,2024-09-15
case:36dcc76f1571,species:red_sanders,involves,1,2024-09-13,2024-09-13
case:b3a37625bad4,species:wildlife_general,involves,1,2024-09-12,2024-09-12
case:8298f9c719f9,species:red_sanders,involves,1,2024-09-03,2024-09-03
case:8298f9c719f9,species:sandalwood,involves,1,2024-09-03,2024-09-03
case:8298f9c719f9,location:india,occurred_at,1,2024-09-03,2024-09-03
case:6de98d18dc8d,species:shark_ray,involves,1,2024-08-27,2024-08-27
outlet:la_jornada,case:6de98d18dc8d,reported,1,2024-08-27,2024-08-27
case:96d687c3f940,species:rhino,involves,1,2024-08-27,2024-08-27
case:96d687c3f940,location:palembang,occurred_at,1,2024-08-27,2024-08-27
case:96d687c3f940,mode:online,via,1,2024-08-27,2024-08-27
location:palembang,location:south_sumatra,within,1,2024-08-27,2024-08-27
case:0bf9b07d6edc,species:wildlife_general,involves,1,2024-08-22,2024-08-22
case:558f1acb8776,species:wildlife_general,involves,1,2024-08-21,2024-08-21
case:558f1acb8776,location:madagascar,occurred_at,1,2024-08-21,2024-08-21
case:73f1bb2a829e,species:turtles,involves,1,2024-08-19,2024-08-19
case:73f1bb2a829e,location:chennai,occurred_at,1,2024-08-19,2024-08-19
case:73f1bb2a829e,mode:air,via,1,2024-08-19,2024-08-19
case:73f1bb2a829e,commodity:turtles-tortoises,seized,1,2024-08-19,2024-08-19
case:54314db21eb6,species:leopard,involves,1,2024-08-16,2024-08-16
case:54314db21eb6,location:jamshedpur,occurred_at,1,2024-08-16,2024-08-16
case:6f631f99ea08,species:primates,involves,1,2024-08-16,2024-08-16
case:efa69479c665,species:pangolin,involves,1,2024-08-14,2024-08-14
case:efa69479c665,location:mojokerto,occurred_at,1,2024-08-14,2024-08-14
location:mojokerto,location:east_java,within,1,2024-08-14,2024-08-14
outlet:viva_jatim,case:efa69479c665,reported,1,2024-08-14,2024-08-14
case:fd4c5b6acdaa,species:monitor_lizard,involves,1,2024-08-10,2024-08-10
case:71477729ed2b,species:primates,involves,1,2024-08-08,2024-08-08
outlet:fauna_news,case:71477729ed2b,reported,1,2024-08-08,2024-08-08
outlet:fauna_news,case:d63eeaaa21fa,reported,1,2024-01-19,2024-01-19
case:15715af7595b,species:agarwood,involves,1,2024-08-07,2024-08-07
case:15715af7595b,location:chennai,occurred_at,1,2024-08-07,2024-08-07
case:15715af7595b,mode:air,via,1,2024-08-07,2024-08-07
outlet:ada_derana,case:15715af7595b,reported,1,2024-08-07,2024-08-07
case:596647c3bd4b,species:tiger,involves,1,2024-07-27,2024-07-27
case:596647c3bd4b,location:jalgaon,occurred_at,1,2024-07-27,2024-07-27
location:jalgaon,location:maharashtra,within,1,2024-07-27,2024-07-27
case:75d28f743773,species:primates,involves,1,2024-07-26,2024-07-26
case:75d28f743773,location:medan,occurred_at,1,2024-07-26,2024-07-26
outlet:sindonews_daerah,case:75d28f743773,reported,1,2024-07-26,2024-07-26
outlet:sindonews_daerah,case:ccab4c2c9329,reported,1,2024-03-06,2024-03-06
case:4043c8a17ed5,species:pangolin,involves,1,2024-07-18,2024-07-18
case:58c9989d9ba6,species:rhino,involves,1,2024-07-15,2024-07-15
case:58c9989d9ba6,location:or_tambo,occurred_at,1,2024-07-15,2024-07-15
location:or_tambo,location:gauteng,within,1,2024-07-15,2024-07-15
location:or_tambo,location:vietnam,trafficked_to,1,2024-07-15,2024-07-15
case:c1f23c833b45,species:elephant,involves,1,2024-07-11,2024-07-11
case:c1f23c833b45,location:pemba,occurred_at,1,2024-07-11,2024-07-11
case:c1f23c833b45,commodity:elephant-kg,seized,1,2024-07-11,2024-07-11
location:pemba,location:cabo_delgado_province,within,1,2024-07-11,2024-07-11
case:fdebf0b48b56,species:red_sanders,involves,1,2024-07-06,2024-07-06
case:fdebf0b48b56,location:mumbai,occurred_at,1,2024-07-06,2024-07-06
case:fdebf0b48b56,commodity:red_sanders-tonnes,seized,1,2024-07-06,2024-07-06
case:db49100e76b4,species:turtles,involves,1,2024-07-04,2024-07-04
case:db49100e76b4,location:juruá,occurred_at,1,2024-07-04,2024-07-04
location:juruá,location:amazonas,within,1,2024-07-04,2024-07-04
case:7c391ecd906c,species:abalone,involves,1,2024-07-03,2024-07-03
case:78ed5dd28de1,species:pangolin,involves,1,2024-07-02,2024-07-02
case:78ed5dd28de1,commodity:pangolin-pangolins,seized,1,2024-07-02,2024-07-02
case:a669722aafa2,species:turtles,involves,1,2024-07-01,2024-07-01
case:a669722aafa2,location:matinhos,occurred_at,1,2024-07-01,2024-07-01
location:matinhos,location:paraná,within,1,2024-07-01,2024-07-01
outlet:jblitoral.com.br,case:a669722aafa2,reported,1,2024-07-01,2024-07-01
case:a66568c0b994,species:sea_fan,involves,1,2024-06-24,2024-06-24
case:a66568c0b994,location:vijayawada,occurred_at,1,2024-06-24,2024-06-24
location:vijayawada,location:andhra_pradesh,within,1,2024-06-24,2024-06-24
case:8223017ee010,species:elephant,involves,1,2024-06-22,2024-06-22
case:8223017ee010,location:salem,occurred_at,1,2024-06-22,2024-06-22
case:8223017ee010,mode:road,via,1,2024-06-22,2024-06-22
location:salem,location:tamil_nadu,within,1,2024-06-22,2024-06-22
case:6ac01b617ce2,species:wildlife_general,involves,1,2024-06-20,2024-06-20
case:6ac01b617ce2,location:belo_horizonte,occurred_at,1,2024-06-20,2024-06-20
case:52d741c7f9d3,species:monitor_lizard,involves,1,2024-06-15,2024-06-15
case:52d741c7f9d3,location:banjarsari,occurred_at,1,2024-06-15,2024-06-15
location:banjarsari,location:west_java,within,1,2024-06-15,2024-06-15
case:8c9759b82b7d,species:abalone,involves,1,2024-06-13,2024-06-13
case:c22d2c37836e,species:abalone,involves,1,2024-06-10,2024-06-10
case:5bc9a1fd3495,species:wildlife_general,involves,1,2024-06-10,2024-06-10
case:5bc9a1fd3495,location:maricá,occurred_at,1,2024-06-10,2024-06-10
location:maricá,location:rio_de_janeiro,within,1,2024-06-10,2024-06-10
outlet:prefeitura_de_maricá,case:5bc9a1fd3495,reported,1,2024-06-10,2024-06-10
case:e7e9ee71a3c1,species:red_sanders,involves,1,2024-06-09,2024-06-09
case:e7e9ee71a3c1,species:sandalwood,involves,1,2024-06-09,2024-06-09
case:e7e9ee71a3c1,location:delhi,occurred_at,1,2024-06-09,2024-06-09
case:e7e9ee71a3c1,mode:air,via,1,2024-06-09,2024-06-09
case:6dea1ca73729,species:shark_ray,involves,1,2024-06-09,2024-06-09
case:6dea1ca73729,location:piura,occurred_at,1,2024-06-09,2024-06-09
case:6dea1ca73729,mode:road,via,1,2024-06-09,2024-06-09
case:7e3394142540,species:pangolin,involves,1,2024-06-06,2024-06-06
case:7e3394142540,location:nigeria,occurred_at,1,2024-06-06,2024-06-06
case:1219e4c88dca,species:elephant,involves,1,2024-06-04,2024-06-04
case:1219e4c88dca,species:rhino,involves,1,2024-06-04,2024-06-04
outlet:legifrance,case:1219e4c88dca,reported,1,2024-06-04,2024-06-04
case:a38cb51e5885,species:wildlife_general,involves,1,2024-06-03,2024-06-03
case:a38cb51e5885,location:argentina,occurred_at,1,2024-06-03,2024-06-03
outlet:argentina.gob.ar,case:a38cb51e5885,reported,1,2024-06-03,2024-06-03
case:61670c9758db,species:elephant,involves,1,2024-06-01,2024-06-01
case:f2dac81ae568,species:elephant,involves,1,2024-05-30,2024-05-30
case:f2dac81ae568,location:assam,occurred_at,1,2024-05-30,2024-05-30
case:2901ff9c6529,species:elephant,involves,1,2024-05-25,2024-05-25
outlet:newzimbabwe.com,case:2901ff9c6529,reported,1,2024-05-25,2024-05-25
case:3d3d8b430ade,species:shark_ray,involves,1,2024-05-25,2024-05-25
case:3d3d8b430ade,location:mérida,occurred_at,1,2024-05-25,2024-05-25
case:3d3d8b430ade,commodity:shark_ray-kilos,seized,1,2024-05-25,2024-05-25
location:mérida,location:yucatán,within,1,2024-05-25,2024-05-25
outlet:diario_de_yucatán,case:3d3d8b430ade,reported,1,2024-05-25,2024-05-25
case:05e0b87ddea8,species:rhino,involves,1,2024-05-16,2024-05-16
case:05e0b87ddea8,location:badak,occurred_at,1,2024-05-16,2024-05-16
outlet:kabar24.bisnis.com,case:05e0b87ddea8,reported,1,2024-05-16,2024-05-16
case:d81d0c3dd768,species:wildlife_general,involves,1,2024-05-14,2024-05-14
outlet:office_français_de_la_biodiversité_(ofb),case:d81d0c3dd768,reported,1,2024-05-14,2024-05-14
case:7be0191a71fc,species:rosewood,involves,1,2024-05-13,2024-05-13
case:7be0191a71fc,location:óbidos,occurred_at,1,2024-05-13,2024-05-13
location:óbidos,location:pará,within,1,2024-05-13,2024-05-13
outlet:prefeitura_municipal_de_óbidos,case:7be0191a71fc,reported,1,2024-05-13,2024-05-13
case:f1bd5be40280,species:jaguar,involves,1,2024-05-10,2024-05-10
case:f1bd5be40280,location:santa_cruz_de_la_sierra,occurred_at,1,2024-05-10,2024-05-10
outlet:anf_agencia_de_noticias_fides_bolivia,case:f1bd5be40280,reported,1,2024-05-10,2024-05-10
case:47509bee0fa4,species:birds,involves,1,2024-04-28,2024-04-28
case:47509bee0fa4,location:gama,occurred_at,1,2024-04-28,2024-04-28
case:5a0b70897aa6,species:birds,involves,1,2024-04-26,2024-04-26
case:5a0b70897aa6,location:planaltina,occurred_at,1,2024-04-26,2024-04-26
location:planaltina,location:federal_district,within,1,2024-04-26,2024-04-26
case:1a5651785948,species:wildlife_general,involves,1,2024-04-23,2024-04-23
outlet:comunicación_tucumán,case:1a5651785948,reported,1,2024-04-23,2024-04-23
case:e3e38930a4f5,species:rosewood,involves,1,2024-04-21,2024-04-21
outlet:conecta_piauí,case:e3e38930a4f5,reported,1,2024-04-21,2024-04-21
case:4696d45ff6f2,species:birds,involves,1,2024-04-18,2024-04-18
case:4696d45ff6f2,location:natal,occurred_at,1,2024-04-18,2024-04-18
outlet:prefeitura_municipal_do_natal,case:4696d45ff6f2,reported,1,2024-04-18,2024-04-18
case:edda27c6d83a,species:abalone,involves,1,2024-04-16,2024-04-16
case:337804f8dfc1,species:abalone,involves,1,2024-04-12,2024-04-12
case:b73f05c07605,species:wildlife_general,involves,1,2024-04-12,2024-04-12
outlet:eurojust,case:b73f05c07605,reported,1,2024-04-12,2024-04-12
case:a7f6c6bd9e76,species:elephant,involves,1,2024-04-08,2024-04-08
case:924ab7906603,species:pangolin,involves,1,2024-04-04,2024-04-04
case:dbcb79c65cba,species:wildlife_general,involves,1,2024-04-03,2024-04-03
case:ba654753d459,species:elephant,involves,1,2024-04-02,2024-04-02
case:ba654753d459,mode:sea,via,1,2024-04-02,2024-04-02
outlet:truyền_hình_cand,case:ba654753d459,reported,1,2024-04-02,2024-04-02
case:45f56f7fb881,species:wildlife_general,involves,1,2024-03-24,2024-03-24
case:45f56f7fb881,location:opportunity,occurred_at,1,2024-03-24,2024-03-24
location:opportunity,location:washington,within,1,2024-03-24,2024-03-24
case:8c2b31829624,species:shark_ray,involves,1,2024-03-16,2024-03-16
case:8c2b31829624,location:india,occurred_at,1,2024-03-16,2024-03-16
case:8c2b31829624,commodity:shark_ray-kg,seized,1,2024-03-16,2024-03-16
case:d415f487d80b,species:turtles,involves,1,2024-03-15,2024-03-15
outlet:uniminuto_radio,case:d415f487d80b,reported,1,2024-03-15,2024-03-15
case:22c192157dfc,species:turtles,involves,1,2024-03-13,2024-03-13
case:e86236121764,species:leopard,involves,1,2024-03-12,2024-03-12
case:ed7de45944fd,species:elephant,involves,1,2024-03-06,2024-03-06
case:ed7de45944fd,location:bengaluru,occurred_at,1,2024-03-06,2024-03-06
outlet:directorate_of_revenue_intelligence_(dri),case:ed7de45944fd,reported,1,2024-03-06,2024-03-06
case:ccab4c2c9329,species:shark_ray,involves,1,2024-03-06,2024-03-06
case:ccab4c2c9329,commodity:shark_ray-kg,seized,1,2024-03-06,2024-03-06
case:36b743e86595,species:abalone,involves,1,2024-03-04,2024-03-04
case:36b743e86595,location:cape_town,occurred_at,1,2024-03-04,2024-03-04
case:0c4bce59fcb2,species:wildlife_general,involves,1,2024-03-01,2024-03-01
case:0c4bce59fcb2,location:cusco,occurred_at,1,2024-03-01,2024-03-01
location:cusco,location:cuzco_department,within,1,2024-03-01,2024-03-01
outlet:agroperú_informa,case:0c4bce59fcb2,reported,1,2024-03-01,2024-03-01
case:7b97d277fd9e,species:pangolin,involves,1,2024-02-27,2024-02-27
case:7b97d277fd9e,commodity:pangolin-kg,seized,1,2024-02-27,2024-02-27
outlet:betahita,case:7b97d277fd9e,reported,1,2024-02-27,2024-02-27
case:859c7a69439e,species:pangolin,involves,1,2024-02-27,2024-02-27
case:859c7a69439e,commodity:pangolin-live,seized,1,2024-02-27,2024-02-27
case:94a248c21a46,species:wildlife_general,involves,1,2024-02-21,2024-02-21
outlet:european_commission,case:94a248c21a46,reported,1,2024-02-21,2024-02-21
case:6ac331504eb6,species:pangolin,involves,1,2024-02-15,2024-02-15
case:6ac331504eb6,location:limpopo,occurred_at,1,2024-02-15,2024-02-15
case:ee5ee2e83bfd,species:turtles,involves,1,2024-02-08,2024-02-08
case:5524dc03e9a5,species:rhino,involves,1,2024-01-26,2024-01-26
case:5524dc03e9a5,commodity:rhino-kg,seized,1,2024-01-26,2024-01-26
outlet:national_parks_board_(nparks),case:5524dc03e9a5,reported,1,2024-01-26,2024-01-26
case:3cb9025ad663,species:elephant,involves,1,2024-01-25,2024-01-25
case:3cb9025ad663,commodity:elephant-tusks,seized,1,2024-01-25,2024-01-25
case:d63eeaaa21fa,species:turtles,involves,1,2024-01-19,2024-01-19
case:1a9cc351ae8a,species:rosewood,involves,1,2024-01-19,2024-01-19
case:1a9cc351ae8a,location:matagalpa,occurred_at,1,2024-01-19,2024-01-19
location:matagalpa,location:matagalpa_department,within,1,2024-01-19,2024-01-19
outlet:radio_corporacion,case:1a9cc351ae8a,reported,1,2024-01-19,2024-01-19
case:ea4e5b150377,species:wildlife_general,involves,1,2024-01-16,2024-01-16
outlet:câmara_legislativa_do_distrito_federal_-_cldf,case:ea4e5b150377,reported,1,2024-01-16,2024-01-16
case:28621faded00,species:rosewood,involves,1,2024-01-15,2024-01-15
case:28621faded00,location:ghana,occurred_at,1,2024-01-15,2024-01-15
