date,disease,pathway,countries,who_report_url
2026-10-08,Ebola and Sudan virus disease,wildlife,CD,https://www.who.int/emergencies/disease-outbreak-news/item/2026-DON619
2026-09-25,Ebola and Sudan virus disease,wildlife,CD,https://www.who.int/emergencies/disease-outbreak-news/item/2026-DON618
2026-09-10,Ebola and Sudan virus disease,wildlife,CD,https://www.who.int/emergencies/disease-outbreak-news/item/2026-DON617
2026-08-28,Ebola and Sudan virus disease,wildlife,CD,https://www.who.int/emergencies/disease-outbreak-news/item/2026-DON616
2026-08-14,Ebola and Sudan virus disease,wildlife,CD,https://www.who.int/emergencies/disease-outbreak-news/item/2026-DON615
2026-08-01,Ebola and Sudan virus disease,wildlife,CD,https://www.who.int/emergencies/disease-outbreak-news/item/2026-DON614
2026-07-17,Ebola and Sudan virus disease,wildlife,CD UG,https://www.who.int/emergencies/disease-outbreak-news/item/2026-DON613
2026-07-03,Ebola and Sudan virus disease,wildlife,CD UG,https://www.who.int/emergencies/disease-outbreak-news/item/2026-DON612
2026-07-02,Hantavirus,wildlife,,https://www.who.int/emergencies/disease-outbreak-news/item/2026-DON611
2026-06-25,Nipah virus,wildlife,IN,https://www.who.int/emergencies/disease-outbreak-news/item/2026-DON609
2026-06-24,Yellow fever,vector,,https://www.who.int/emergencies/disease-outbreak-news/item/2026-DON610
2026-06-19,Ebola and Sudan virus disease,wildlife,CD UG,https://www.who.int/emergencies/disease-outbreak-news/item/2026-DON608
2026-06-13,Ebola and Sudan virus disease,wildlife,CD UG,https://www.who.int/emergencies/disease-outbreak-news/item/2026-DON607
2026-06-08,Ebola and Sudan virus disease,wildlife,CD UG,https://www.who.int/emergencies/disease-outbreak-news/item/2026-DON606
2026-05-29,Ebola and Sudan virus disease,wildlife,CD UG,https://www.who.int/emergencies/disease-outbreak-news/item/2026-DON605
2026-05-28,Hantavirus,wildlife,,https://www.who.int/emergencies/disease-outbreak-news/item/2026-DON604
2026-05-22,Ebola and Sudan virus disease,wildlife,CD,https://www.who.int/emergencies/disease-outbreak-news/item/2026-DON603
2026-05-17,Ebola and Sudan virus disease,wildlife,CD UG,https://www.who.int/emergencies/disease-outbreak-news/item/2026-DON602
2026-05-13,Hantavirus,wildlife,,https://www.who.int/emergencies/disease-outbreak-news/item/2026-DON601
2026-05-08,Hantavirus,wildlife,,https://www.who.int/emergencies/disease-outbreak-news/item/2026-DON600
2026-05-04,Hantavirus,wildlife,,https://www.who.int/emergencies/disease-outbreak-news/item/2026-DON599
2026-04-10,Avian influenza,birds,IT,https://www.who.int/emergencies/disease-outbreak-news/item/2026-DON597
2026-02-14,Mpox,wildlife,,https://www.who.int/emergencies/disease-outbreak-news/item/2026-DON595
2026-02-06,Nipah virus,wildlife,BD,https://www.who.int/emergencies/disease-outbreak-news/item/2026-DON594
2026-01-30,Nipah virus,wildlife,IN,https://www.who.int/emergencies/disease-outbreak-news/item/2026-DON593
2026-01-26,Marburg virus disease,wildlife,ET,https://www.who.int/emergencies/disease-outbreak-news/item/2026-DON592
2025-12-24,MERS,livestock,,https://www.who.int/emergencies/disease-outbreak-news/item/2025-DON591
2025-12-05,Mpox,wildlife,,https://www.who.int/emergencies/disease-outbreak-news/item/2025-DON587
2025-12-05,Avian influenza,birds,US,https://www.who.int/emergencies/disease-outbreak-news/item/2025-DON590
2025-12-01,Ebola and Sudan virus disease,wildlife,CD,https://www.who.int/emergencies/disease-outbreak-news/item/2025-DON589
2025-11-21,Marburg virus disease,wildlife,ET,https://www.who.int/emergencies/disease-outbreak-news/item/2025-DON585
2025-11-05,Rift Valley fever,livestock,MR SN,https://www.who.int/emergencies/disease-outbreak-news/item/2025-DON584
2025-09-18,Nipah virus,wildlife,BD,https://www.who.int/emergencies/disease-outbreak-news/item/2025-DON582
2025-09-05,Ebola and Sudan virus disease,wildlife,CD,https://www.who.int/emergencies/disease-outbreak-news/item/2025-DON580
2025-08-06,Nipah virus,wildlife,IN,https://www.who.int/emergencies/disease-outbreak-news/item/2025-DON577
2025-07-24,Rabies,wildlife,,https://www.who.int/emergencies/disease-outbreak-news/item/2025-DON576
2025-07-05,Avian influenza,birds,KH,https://www.who.int/emergencies/disease-outbreak-news/item/2025-DON575
2025-05-29,Anthrax,livestock,TH,https://www.who.int/emergencies/disease-outbreak-news/item/2025-DON573
2025-05-28,COVID-19,wildlife,,https://www.who.int/emergencies/disease-outbreak-news/item/2025-DON572
2025-05-16,Yellow fever,vector,,https://www.who.int/emergencies/disease-outbreak-news/item/2025-DON570
2025-05-12,MERS,livestock,SA,https://www.who.int/emergencies/disease-outbreak-news/item/2025-DON569
2025-04-26,Ebola and Sudan virus disease,wildlife,SD UG,https://www.who.int/emergencies/disease-outbreak-news/item/2025-DON566
2025-04-17,Avian influenza,birds,MX,https://www.who.int/emergencies/disease-outbreak-news/item/2025-DON564
2025-03-13,MERS,livestock,SA,https://www.who.int/emergencies/disease-outbreak-news/item/2025-DON560
2025-03-13,Marburg virus disease,wildlife,TZ,https://www.who.int/emergencies/disease-outbreak-news/item/2025-DON559
2025-03-08,Ebola and Sudan virus disease,wildlife,SD UG,https://www.who.int/emergencies/disease-outbreak-news/item/2025-DON558
2025-02-21,Ebola and Sudan virus disease,wildlife,SD UG,https://www.who.int/emergencies/disease-outbreak-news/item/2025-DON556
2025-02-14,Marburg virus disease,wildlife,TZ,https://www.who.int/emergencies/disease-outbreak-news/item/2025-DON554
2025-02-01,Ebola and Sudan virus disease,wildlife,SD UG,https://www.who.int/emergencies/disease-outbreak-news/item/2025-DON555
2025-01-14,Marburg virus disease,wildlife,TZ,https://www.who.int/emergencies/disease-outbreak-news/item/2025-DON552
2024-12-20,Marburg virus disease,wildlife,RW,https://www.who.int/emergencies/disease-outbreak-news/item/2024-DON548
2024-12-10,Avian influenza,birds,VN,https://www.who.int/emergencies/disease-outbreak-news/item/2024-DON514
2024-12-05,Oropouche fever,vector,,https://www.who.int/emergencies/disease-outbreak-news/item/2024-DON545
2024-11-13,Marburg virus disease,wildlife,RW,https://www.who.int/emergencies/disease-outbreak-news/item/2024-DON544
2024-11-01,Marburg virus disease,wildlife,RW,https://www.who.int/emergencies/disease-outbreak-news/item/2024-DON543
2024-10-25,Marburg virus disease,wildlife,RW,https://www.who.int/emergencies/disease-outbreak-news/item/2024-DON541
2024-10-18,Marburg virus disease,wildlife,RW,https://www.who.int/emergencies/disease-outbreak-news/item/2024-DON540
2024-10-11,Marburg virus disease,wildlife,RW,https://www.who.int/emergencies/disease-outbreak-news/item/2024-DON539
2024-10-03,West Nile fever,birds,BB,https://www.who.int/emergencies/disease-outbreak-news/item/2024-DON538
2024-10-02,MERS,livestock,SA,https://www.who.int/emergencies/disease-outbreak-news/item/2024-DON536
2024-09-30,Marburg virus disease,wildlife,RW,https://www.who.int/emergencies/disease-outbreak-news/item/2024-DON537
2024-09-20,Avian influenza,birds,,https://www.who.int/emergencies/disease-outbreak-news/item/2024-DON534
2024-09-04,Swine-origin influenza,livestock,VN,https://www.who.int/emergencies/disease-outbreak-news/item/2024-DON532
2024-09-02,Avian influenza,birds,KH,https://www.who.int/emergencies/disease-outbreak-news/item/2024-DON533
2024-08-30,Mpox,wildlife,SE,https://www.who.int/emergencies/disease-outbreak-news/item/2024-DON531
2024-08-23,Oropouche fever,vector,,https://www.who.int/emergencies/disease-outbreak-news/item/2024-DON530
2024-08-22,Mpox,wildlife,,https://www.who.int/emergencies/disease-outbreak-news/item/2024-DON528
2024-07-09,Mpox,wildlife,ZA,https://www.who.int/emergencies/disease-outbreak-news/item/2024-DON525
2024-06-14,Mpox,wildlife,CD,https://www.who.int/emergencies/disease-outbreak-news/item/2024-DON522
2024-06-14,Avian influenza,birds,MX,https://www.who.int/emergencies/disease-outbreak-news/item/2024-DON524
2024-06-11,Avian influenza,birds,IN,https://www.who.int/emergencies/disease-outbreak-news/item/2024-DON523
2024-06-11,Oropouche fever,vector,CU,https://www.who.int/emergencies/disease-outbreak-news/item/2024-DON521
2024-06-07,Avian influenza,birds,AU,https://www.who.int/emergencies/disease-outbreak-news/item/2024-DON519
2024-06-05,Avian influenza,birds,MX,https://www.who.int/emergencies/disease-outbreak-news/item/2024-DON520
2024-05-08,MERS,livestock,SA,https://www.who.int/emergencies/disease-outbreak-news/item/2024-DON516
2024-04-10,Rabies,wildlife,,https://www.who.int/emergencies/disease-outbreak-news/item/2024-DON513
2024-04-09,Avian influenza,birds,US,https://www.who.int/emergencies/disease-outbreak-news/item/2024-DON512
2024-04-02,Avian influenza,birds,VN,https://www.who.int/emergencies/disease-outbreak-news/item/2024-DON511
2024-03-20,Yellow fever,vector,,https://www.who.int/emergencies/disease-outbreak-news/item/2024-DON510
2024-03-14,Rift Valley fever,livestock,MR,https://www.who.int/emergencies/disease-outbreak-news/item/1998DON235
2024-03-14,Marburg virus disease,wildlife,CD,https://www.who.int/emergencies/disease-outbreak-news/item/1999DON230
2024-03-14,Yellow fever,vector,GN,https://www.who.int/emergencies/disease-outbreak-news/item/2000DON226
2024-03-14,Ebola and Sudan virus disease,wildlife,UG,https://www.who.int/emergencies/disease-outbreak-news/item/2000DON223
2024-03-14,Ebola and Sudan virus disease,wildlife,UG,https://www.who.int/emergencies/disease-outbreak-news/item/2000DON222
2024-03-14,Rift Valley fever,livestock,YE,https://www.who.int/emergencies/disease-outbreak-news/item/2000DON221
2024-03-14,Rift Valley fever,livestock,SA,https://www.who.int/emergencies/disease-outbreak-news/item/2000DON220
2024-03-14,Ebola and Sudan virus disease,wildlife,UG,https://www.who.int/emergencies/disease-outbreak-news/item/2000DON219
2024-03-14,Ebola and Sudan virus disease,wildlife,UG,https://www.who.int/emergencies/disease-outbreak-news/item/2000DON218
2024-03-14,Yellow fever,vector,BR,https://www.who.int/emergencies/disease-outbreak-news/item/2000DON213
2024-03-14,Ebola and Sudan virus disease,wildlife,GA,https://www.who.int/emergencies/disease-outbreak-news/item/2001DON210
2024-03-14,Anthrax,livestock,US,https://www.who.int/emergencies/disease-outbreak-news/item/2001DON208
2024-03-14,Anthrax,livestock,US,https://www.who.int/emergencies/disease-outbreak-news/item/2001DON209
2024-03-14,Yellow fever,vector,CI,https://www.who.int/emergencies/disease-outbreak-news/item/2001DON207
2024-03-13,Yellow fever,vector,BR,https://www.who.int/emergencies/disease-outbreak-news/item/2001DON200
2024-03-13,Yellow fever,vector,SN,https://www.who.int/emergencies/disease-outbreak-news/item/2002DON197
2024-03-13,West Nile fever,birds,US,https://www.who.int/emergencies/disease-outbreak-news/item/2002DON196
2024-03-13,West Nile fever,birds,US,https://www.who.int/emergencies/disease-outbreak-news/item/2002DON195
2024-03-13,West Nile fever,birds,US,https://www.who.int/emergencies/disease-outbreak-news/item/2002DON194
2024-03-13,West Nile fever,birds,US,https://www.who.int/emergencies/disease-outbreak-news/item/2002DON193
2024-03-13,West Nile fever,birds,US,https://www.who.int/emergencies/disease-outbreak-news/item/2002DON190
2024-03-13,SARS,wildlife,CN,https://www.who.int/emergencies/disease-outbreak-news/item/2003DON181
2024-03-13,Avian influenza,birds,CN,https://www.who.int/emergencies/disease-outbreak-news/item/2003DON180
2024-03-13,Ebola and Sudan virus disease,wildlife,CD,https://www.who.int/emergencies/disease-outbreak-news/item/2003DON177
2024-03-13,SARS,wildlife,CN,https://www.who.int/emergencies/disease-outbreak-news/item/2003DON171
2024-03-13,SARS,wildlife,,https://www.who.int/emergencies/disease-outbreak-news/item/2003DON170
2024-03-13,Yellow fever,vector,SD,https://www.who.int/emergencies/disease-outbreak-news/item/2003DON169
2024-03-13,Yellow fever,vector,SD,https://www.who.int/emergencies/disease-outbreak-news/item/2003DON168
2024-03-13,SARS,wildlife,CN,https://www.who.int/emergencies/disease-outbreak-news/item/2003DON167
2024-03-13,SARS,wildlife,,https://www.who.int/emergencies/disease-outbreak-news/item/2003DON162
2024-03-13,Ebola and Sudan virus disease,wildlife,CD,https://www.who.int/emergencies/disease-outbreak-news/item/2003DON161
2024-03-13,Avian influenza,birds,NL,https://www.who.int/emergencies/disease-outbreak-news/item/2003DON159
2024-03-13,Ebola and Sudan virus disease,wildlife,CD,https://www.who.int/emergencies/disease-outbreak-news/item/2003DON158
2024-03-13,SARS,wildlife,,https://www.who.int/emergencies/disease-outbreak-news/item/2003DON157
2024-03-13,SARS,wildlife,,https://www.who.int/emergencies/disease-outbreak-news/item/2003DON156
2024-03-13,Crimean-Congo haemorrhagic fever,livestock,CG MR,https://www.who.int/emergencies/disease-outbreak-news/item/2003DON155
2024-03-13,Ebola and Sudan virus disease,wildlife,CD,https://www.who.int/emergencies/disease-outbreak-news/item/2003DON154
2024-03-13,Ebola and Sudan virus disease,wildlife,SS,https://www.who.int/emergencies/disease-outbreak-news/item/2004DON143
2024-03-13,Yellow fever,vector,BF,https://www.who.int/emergencies/disease-outbreak-news/item/2004DON141
2024-03-13,Yellow fever,vector,BF,https://www.who.int/emergencies/disease-outbreak-news/item/2004DON139
2024-03-13,Nipah virus,wildlife,BD,https://www.who.int/emergencies/disease-outbreak-news/item/2004DON138
2024-03-13,Nipah virus,wildlife,BD,https://www.who.int/emergencies/disease-outbreak-news/item/2004DON135
2024-03-13,Avian influenza,birds,TH VN,https://www.who.int/emergencies/disease-outbreak-news/item/2004DON133
2024-03-13,SARS,wildlife,CN,https://www.who.int/emergencies/disease-outbreak-news/item/severe-acute-respiratory-syndrome-coronavirus---china
2024-03-13,Avian influenza,birds,VN,https://www.who.int/emergencies/disease-outbreak-news/item/2004DON132
2024-03-13,Yellow fever,vector,CI,https://www.who.int/emergencies/disease-outbreak-news/item/2005DON131
2024-03-13,Yellow fever,vector,SD,https://www.who.int/emergencies/disease-outbreak-news/item/2005DON130
2024-03-13,Yellow fever,vector,SN,https://www.who.int/emergencies/disease-outbreak-news/item/2005DON129
2024-03-13,Yellow fever,vector,BF CI,https://www.who.int/emergencies/disease-outbreak-news/item/2005DON128
2024-03-13,Marburg virus disease,wildlife,AO,https://www.who.int/emergencies/disease-outbreak-news/item/2005DON121
2024-03-13,Ebola and Sudan virus disease,wildlife,CD,https://www.who.int/emergencies/disease-outbreak-news/item/2005DON120
2024-03-12,Ebola and Sudan virus disease,wildlife,CD,https://www.who.int/emergencies/disease-outbreak-news/item/2005DON115
2024-03-12,Avian influenza,birds,VN,https://www.who.int/emergencies/disease-outbreak-news/item/2005DON113
2024-03-12,Avian influenza,birds,VN,https://www.who.int/emergencies/disease-outbreak-news/item/2005DON111
2024-03-12,Marburg virus disease,wildlife,AO,https://www.who.int/emergencies/disease-outbreak-news/item/2005DON109
2024-03-12,Plague,wildlife,CD,https://www.who.int/emergencies/disease-outbreak-news/item/2005DON107
2024-03-12,Yellow fever,vector,ML,https://www.who.int/emergencies/disease-outbreak-news/item/2005DON105
2024-03-12,Rift Valley fever,livestock,KE,https://www.who.int/emergencies/disease-outbreak-news/item/2006DON104
2024-03-12,Avian influenza,birds,TH,https://www.who.int/emergencies/disease-outbreak-news/item/2006DON102
2024-03-12,Avian influenza,birds,ID,https://www.who.int/emergencies/disease-outbreak-news/item/2006DON099
2024-03-12,Avian influenza,birds,CN,https://www.who.int/emergencies/disease-outbreak-news/item/2006DON097
2024-03-12,Avian influenza,birds,KH,https://www.who.int/emergencies/disease-outbreak-news/item/2006DON096
2024-03-12,Avian influenza,birds,KH,https://www.who.int/emergencies/disease-outbreak-news/item/2006DON095
2024-03-12,Avian influenza,birds,ID,https://www.who.int/emergencies/disease-outbreak-news/item/2006DON093
2024-03-12,Avian influenza,birds,NG,https://www.who.int/emergencies/disease-outbreak-news/item/2006DON092
2024-03-12,Avian influenza,birds,NE,https://www.who.int/emergencies/disease-outbreak-news/item/2006DON088
2024-03-12,Avian influenza,birds,ID,https://www.who.int/emergencies/disease-outbreak-news/item/2006DON087
2024-03-07,Avian influenza,birds,ID,https://www.who.int/emergencies/disease-outbreak-news/item/2007DON086
2024-03-07,Avian influenza,birds,CN,https://www.who.int/emergencies/disease-outbreak-news/item/2006DON084
2024-03-07,Avian influenza,birds,VN,https://www.who.int/emergencies/disease-outbreak-news/item/2007DON083
2024-03-07,Rift Valley fever,livestock,SD,https://www.who.int/emergencies/disease-outbreak-news/item/2007DON081
2024-03-07,Avian influenza,birds,ID,https://www.who.int/emergencies/disease-outbreak-news/item/2007DON080
2024-03-07,Avian influenza,birds,VN,https://www.who.int/emergencies/disease-outbreak-news/item/2007DON079
2024-03-07,Avian influenza,birds,EG,https://www.who.int/emergencies/disease-outbreak-news/item/2007DON077
2024-03-07,Avian influenza,birds,CN,https://www.who.int/emergencies/disease-outbreak-news/item/2007DON075
2024-03-07,Avian influenza,birds,EG,https://www.who.int/emergencies/disease-outbreak-news/item/2007DON074
2024-03-07,Avian influenza,birds,EG,https://www.who.int/emergencies/disease-outbreak-news/item/2007DON073
2024-03-07,Avian influenza,birds,EG,https://www.who.int/emergencies/disease-outbreak-news/item/2007DON072
2024-03-07,Rift Valley fever,livestock,KE SO,https://www.who.int/emergencies/disease-outbreak-news/item/2007DON070
2024-03-07,Avian influenza,birds,ID,https://www.who.int/emergencies/disease-outbreak-news/item/2007DON069
2024-03-06,Avian influenza,birds,ID,https://www.who.int/emergencies/disease-outbreak-news/item/2008DON67
2024-03-06,Yellow fever,vector,LR,https://www.who.int/emergencies/disease-outbreak-news/item/2008DON066
2024-03-06,Avian influenza,birds,CN,https://www.who.int/emergencies/disease-outbreak-news/item/2008DON065
2024-03-06,Avian influenza,birds,CN,https://www.who.int/emergencies/disease-outbreak-news/item/2008DON064
2024-03-06,Avian influenza,birds,VN,https://www.who.int/emergencies/disease-outbreak-news/item/2008DON063
2024-03-06,Avian influenza,birds,VN,https://www.who.int/emergencies/disease-outbreak-news/item/2008DON062
2024-03-05,Swine-origin influenza,livestock,,https://www.who.int/emergencies/disease-outbreak-news/item/2009DON062
2024-03-05,Plague,wildlife,CN,https://www.who.int/emergencies/disease-outbreak-news/item/2009DON061
2024-03-05,Swine-origin influenza,livestock,,https://www.who.int/emergencies/disease-outbreak-news/item/2009DON058
2024-03-05,Swine-origin influenza,livestock,,https://www.who.int/emergencies/disease-outbreak-news/item/2009DON059
2024-03-05,Swine-origin influenza,livestock,,https://www.who.int/emergencies/disease-outbreak-news/item/2009DON056
2024-03-05,Swine-origin influenza,livestock,,https://www.who.int/emergencies/disease-outbreak-news/item/2009DON055
2024-03-05,Swine-origin influenza,livestock,,https://www.who.int/emergencies/disease-outbreak-news/item/2009DON054
2024-03-05,Swine-origin influenza,livestock,,https://www.who.int/emergencies/disease-outbreak-news/item/2009DON053
2024-03-05,Swine-origin influenza,livestock,,https://www.who.int/emergencies/disease-outbreak-news/item/2009DON052
2024-03-05,Swine-origin influenza,livestock,,https://www.who.int/emergencies/disease-outbreak-news/item/influenza-a-(h1n1)-virus---european-region-and-region-of-the-americas
2024-03-05,Swine-origin influenza,livestock,,https://www.who.int/emergencies/disease-outbreak-news/item/2009DON050
2024-03-05,Yellow fever,vector,CD,https://www.who.int/emergencies/disease-outbreak-news/item/2009DON049
2024-03-05,Avian influenza,birds,VN,https://www.who.int/emergencies/disease-outbreak-news/item/2009DON048
2024-03-05,Yellow fever,vector,GN,https://www.who.int/emergencies/disease-outbreak-news/item/2009DON046
2024-03-05,Avian influenza,birds,VN,https://www.who.int/emergencies/disease-outbreak-news/item/2009DON045
2024-03-05,Swine-origin influenza,livestock,,https://www.who.int/emergencies/disease-outbreak-news/item/influenza-a-(h1n1)-virus---global
2024-03-05,Avian influenza,birds,KH,https://www.who.int/emergencies/disease-outbreak-news/item/2010DON041
2024-03-05,Swine-origin influenza,livestock,,https://www.who.int/emergencies/disease-outbreak-news/item/2010DON040
2024-03-05,Avian influenza,birds,EG,https://www.who.int/emergencies/disease-outbreak-news/item/2010DON039
2024-03-05,Swine-origin influenza,livestock,,https://www.who.int/emergencies/disease-outbreak-news/item/2010DON038
2024-03-05,Swine-origin influenza,livestock,,https://www.who.int/emergencies/disease-outbreak-news/item/2010DON037
2024-03-05,Avian influenza,birds,KH,https://www.who.int/emergencies/disease-outbreak-news/item/2011DON036
2024-03-05,Avian influenza,birds,EG,https://www.who.int/emergencies/disease-outbreak-news/item/2011DON034
2024-03-05,Psittacosis,birds,,https://www.who.int/emergencies/disease-outbreak-news/item/2024-DON509
2024-03-05,Ebola and Sudan virus disease,wildlife,CD,https://www.who.int/emergencies/disease-outbreak-news/item/2012DON033
2024-03-05,Avian influenza,birds,VN,https://www.who.int/emergencies/disease-outbreak-news/item/2012DON031
2024-03-05,Ebola and Sudan virus disease,wildlife,UG,https://www.who.int/emergencies/disease-outbreak-news/item/ebola---uganda
2024-03-05,COVID-19,wildlife,QA SA,https://www.who.int/emergencies/disease-outbreak-news/item/novel-coronavirus-infection---saudi-arabia-and-qatar
2024-03-05,COVID-19,wildlife,JO SA,https://www.who.int/emergencies/disease-outbreak-news/item/2012DON028
2024-03-05,Avian influenza,birds,CN,https://www.who.int/emergencies/disease-outbreak-news/item/2013DON027
2024-03-05,MERS,livestock,SA,https://www.who.int/emergencies/disease-outbreak-news/item/2013DON026
2024-03-05,MERS,livestock,SA,https://www.who.int/emergencies/disease-outbreak-news/item/2013DON024
2024-03-05,Yellow fever,vector,ET,https://www.who.int/emergencies/disease-outbreak-news/item/2013DON023
2024-02-29,Avian influenza,birds,CN,https://www.who.int/emergencies/disease-outbreak-news/item/2013DON022
2024-02-29,Avian influenza,birds,CN,https://www.who.int/emergencies/disease-outbreak-news/item/2013DON020
2024-02-29,Avian influenza,birds,CN,https://www.who.int/emergencies/disease-outbreak-news/item/2013DON019
2024-02-29,MERS,livestock,SA,https://www.who.int/emergencies/disease-outbreak-news/item/2014DON017
2024-02-29,Ebola and Sudan virus disease,wildlife,GN,https://www.who.int/emergencies/disease-outbreak-news/item/2014DON015
2024-02-29,Avian influenza,birds,CN,https://www.who.int/emergencies/disease-outbreak-news/item/2014DON014
2024-02-29,Avian influenza,birds,CN,https://www.who.int/emergencies/disease-outbreak-news/item/2014DON013
2024-02-29,MERS,livestock,SA,https://www.who.int/emergencies/disease-outbreak-news/item/2014DON012
2024-02-29,MERS,livestock,SA,https://www.who.int/emergencies/disease-outbreak-news/item/2014DON011
2024-02-29,Avian influenza,birds,CN,https://www.who.int/emergencies/disease-outbreak-news/item/2014DON010
2024-02-29,Avian influenza,birds,CN,https://www.who.int/emergencies/disease-outbreak-news/item/2014DON009
2024-02-29,Avian influenza,birds,CN,https://www.who.int/emergencies/disease-outbreak-news/item/2014DON008
2024-02-28,Avian influenza,birds,CN,https://www.who.int/emergencies/disease-outbreak-news/item/2014DON006
2024-02-28,Avian influenza,birds,CN,https://www.who.int/emergencies/disease-outbreak-news/item/2014DON003
2024-02-28,Avian influenza,birds,CN,https://www.who.int/emergencies/disease-outbreak-news/item/2014DON002
2024-02-28,MERS,livestock,OM,https://www.who.int/emergencies/disease-outbreak-news/item/2014DON001
2024-02-27,Nipah virus,wildlife,BD,https://www.who.int/emergencies/disease-outbreak-news/item/2024-DON508
2024-02-23,MERS,livestock,SA,https://www.who.int/emergencies/disease-outbreak-news/item/middle-east-respiratory-syndrome-coronavirus---saudi-arabia
2024-02-16,MERS,livestock,SA,https://www.who.int/emergencies/disease-outbreak-news/item/2024-DON506
2024-02-13,Avian influenza,birds,,https://www.who.int/emergencies/disease-outbreak-news/item/2024-DON504
2024-02-09,Swine-origin influenza,livestock,ES,https://www.who.int/emergencies/disease-outbreak-news/item/2024-DON503
2024-02-08,Avian influenza,birds,KH,https://www.who.int/emergencies/disease-outbreak-news/item/2024-DON501
2024-02-07,Swine-origin influenza,livestock,,https://www.who.int/emergencies/disease-outbreak-news/item/2024-DON502
2023-12-08,Anthrax,livestock,ZM,https://www.who.int/emergencies/disease-outbreak-news/item/2023-DON497
2023-12-01,Swine-origin influenza,livestock,GB IE,https://www.who.int/emergencies/disease-outbreak-news/item/2023-DON496
2023-11-29,Avian influenza,birds,KH,https://www.who.int/emergencies/disease-outbreak-news/item/2023-DON495
2023-11-23,Mpox,wildlife,CD,https://www.who.int/emergencies/disease-outbreak-news/item/2023-DON493
2023-10-03,Nipah virus,wildlife,IN,https://www.who.int/emergencies/disease-outbreak-news/item/2023-DON490
2023-09-13,Swine-origin influenza,livestock,NL,https://www.who.int/emergencies/disease-outbreak-news/item/2023-DON486
2023-08-29,MERS,livestock,SA,https://www.who.int/emergencies/disease-outbreak-news/item/2023-DON484
2023-08-11,Swine-origin influenza,livestock,US,https://www.who.int/emergencies/disease-outbreak-news/item/2023-DON482
2023-07-24,MERS,livestock,AE,https://www.who.int/emergencies/disease-outbreak-news/item/2023-DON478
2023-07-16,Avian influenza,birds,PL,https://www.who.int/emergencies/disease-outbreak-news/item/2023-DON476
2023-06-16,Swine-origin influenza,livestock,BR,https://www.who.int/emergencies/disease-outbreak-news/item/2023-DON473
2023-06-09,Marburg virus disease,wildlife,GQ,https://www.who.int/emergencies/disease-outbreak-news/item/2023-DON472
2023-06-02,Marburg virus disease,wildlife,TZ,https://www.who.int/emergencies/disease-outbreak-news/item/2023-DON471
2023-05-30,Avian influenza,birds,GB IE,https://www.who.int/emergencies/disease-outbreak-news/item/2023-DON468
2023-05-08,Marburg virus disease,wildlife,GQ TZ,https://www.who.int/emergencies/disease-outbreak-news/item/2023-DON467
2023-05-01,Lassa fever,wildlife,NG,https://www.who.int/emergencies/disease-outbreak-news/item/2023-DON463
2023-04-21,Avian influenza,birds,CL,https://www.who.int/emergencies/disease-outbreak-news/item/2023-DON461
2023-04-15,Marburg virus disease,wildlife,GQ,https://www.who.int/emergencies/disease-outbreak-news/item/2023-DON459
2023-04-11,Avian influenza,birds,,https://www.who.int/emergencies/disease-outbreak-news/item/2023-DON456
2023-04-06,Avian influenza,birds,CL,https://www.who.int/emergencies/disease-outbreak-news/item/2023-DON453
2023-03-24,Marburg virus disease,wildlife,TZ,https://www.who.int/emergencies/disease-outbreak-news/item/2023-DON451
2023-03-22,Marburg virus disease,wildlife,GQ,https://www.who.int/emergencies/disease-outbreak-news/item/2023-DON449
2023-02-26,Avian influenza,birds,KH,https://www.who.int/emergencies/disease-outbreak-news/item/2023-DON445
2023-02-25,Marburg virus disease,wildlife,GQ,https://www.who.int/emergencies/disease-outbreak-news/item/2023-DON444
2023-02-17,Nipah virus,wildlife,BD,https://www.who.int/emergencies/disease-outbreak-news/item/2023-DON442
2023-02-08,MERS,livestock,OM,https://www.who.int/emergencies/disease-outbreak-news/item/2023-DON436
2023-01-18,Avian influenza,birds,EC,https://www.who.int/emergencies/disease-outbreak-news/item/2023-DON434
2023-01-14,Ebola and Sudan virus disease,wildlife,SD UG,https://www.who.int/emergencies/disease-outbreak-news/item/2023-DON433
2023-01-03,Yellow fever,vector,,https://www.who.int/emergencies/disease-outbreak-news/item/2022-DON431
2022-12-08,Ebola and Sudan virus disease,wildlife,SD UG,https://www.who.int/emergencies/disease-outbreak-news/item/2022-DON428
2022-11-24,Ebola and Sudan virus disease,wildlife,SD UG,https://www.who.int/emergencies/disease-outbreak-news/item/2022-DON425
2022-11-16,MERS,livestock,SA,https://www.who.int/emergencies/disease-outbreak-news/item/2022-DON422
2022-11-10,Ebola and Sudan virus disease,wildlife,SD UG,https://www.who.int/emergencies/disease-outbreak-news/item/2022-DON423
2022-11-03,Avian influenza,birds,ES,https://www.who.int/emergencies/disease-outbreak-news/item/2022-DON420
2022-10-28,Ebola and Sudan virus disease,wildlife,SD UG,https://www.who.int/emergencies/disease-outbreak-news/item/2022-DON421
2022-10-20,Rift Valley fever,livestock,MR,https://www.who.int/emergencies/disease-outbreak-news/item/2022-DON417
2022-09-29,Ebola and Sudan virus disease,wildlife,CD,https://www.who.int/emergencies/disease-outbreak-news/item/2022-DON411
2022-09-28,Marburg virus disease,wildlife,GH,https://www.who.int/emergencies/disease-outbreak-news/item/2022-DON409
2022-09-26,Ebola and Sudan virus disease,wildlife,SD UG,https://www.who.int/emergencies/disease-outbreak-news/item/2022-DON410
2022-09-02,Yellow fever,vector,,https://www.who.int/emergencies/disease-outbreak-news/item/2022-DON405
2022-08-25,Ebola and Sudan virus disease,wildlife,CD,https://www.who.int/emergencies/disease-outbreak-news/item/2022-DON404
2022-07-29,Yellow fever,vector,NG,https://www.who.int/emergencies/disease-outbreak-news/item/2019-DON403
2022-07-28,Ebola and Sudan virus disease,wildlife,CD,https://www.who.int/emergencies/disease-outbreak-news/item/2019-DON166
2022-07-28,Ebola and Sudan virus disease,wildlife,CD,https://www.who.int/emergencies/disease-outbreak-news/item/2019-DON319
2022-07-28,Ebola and Sudan virus disease,wildlife,CD,https://www.who.int/emergencies/disease-outbreak-news/item/2019-DON172
2022-07-28,Ebola and Sudan virus disease,wildlife,CD,https://www.who.int/emergencies/disease-outbreak-news/item/2019-DON176
2022-07-28,MERS,livestock,SA,https://www.who.int/emergencies/disease-outbreak-news/item/2019-DON173
2022-07-28,Ebola and Sudan virus disease,wildlife,CD,https://www.who.int/emergencies/disease-outbreak-news/item/2019-DON178
2022-07-28,MERS,livestock,SA,https://www.who.int/emergencies/disease-outbreak-news/item/2019-DON177
2022-07-28,Ebola and Sudan virus disease,wildlife,CD,https://www.who.int/emergencies/disease-outbreak-news/item/2019-DON179
2022-07-28,Ebola and Sudan virus disease,wildlife,CD,https://www.who.int/emergencies/disease-outbreak-news/item/2019-DON320
2022-07-28,Ebola and Sudan virus disease,wildlife,CD,https://www.who.int/emergencies/disease-outbreak-news/item/2019-DON181
2022-07-28,Ebola and Sudan virus disease,wildlife,CD,https://www.who.int/emergencies/disease-outbreak-news/item/2019-DON182
2022-07-28,Ebola and Sudan virus disease,wildlife,CD,https://www.who.int/emergencies/disease-outbreak-news/item/2019-DON185
2022-07-28,MERS,livestock,SA,https://www.who.int/emergencies/disease-outbreak-news/item/2019-DON184
2022-07-28,Ebola and Sudan virus disease,wildlife,CD,https://www.who.int/emergencies/disease-outbreak-news/item/2019-DON187
2022-07-28,Ebola and Sudan virus disease,wildlife,CD,https://www.who.int/emergencies/disease-outbreak-news/item/2019-DON321
2022-07-28,Ebola and Sudan virus disease,wildlife,CD,https://www.who.int/emergencies/disease-outbreak-news/item/2019-DON323
2022-07-28,Ebola and Sudan virus disease,wildlife,CD,https://www.who.int/emergencies/disease-outbreak-news/item/2019-DON324
2022-07-28,Yellow fever,vector,NG,https://www.who.int/emergencies/disease-outbreak-news/item/2019-DON189
2022-07-28,MERS,livestock,SA,https://www.who.int/emergencies/disease-outbreak-news/item/2019-DON191
2022-07-28,Ebola and Sudan virus disease,wildlife,CD,https://www.who.int/emergencies/disease-outbreak-news/item/2019-DON193
2022-07-28,Ebola and Sudan virus disease,wildlife,CD,https://www.who.int/emergencies/disease-outbreak-news/item/2019-DON194
2022-07-28,Ebola and Sudan virus disease,wildlife,CD,https://www.who.int/emergencies/disease-outbreak-news/item/2019-DON197
2022-07-28,Ebola and Sudan virus disease,wildlife,CD,https://www.who.int/emergencies/disease-outbreak-news/item/2019-DON198
2022-07-28,MERS,livestock,SA,https://www.who.int/emergencies/disease-outbreak-news/item/2019-DON196
2022-07-28,MERS,livestock,AE,https://www.who.int/emergencies/disease-outbreak-news/item/2019-DON200
2022-07-28,Ebola and Sudan virus disease,wildlife,CD,https://www.who.int/emergencies/disease-outbreak-news/item/2019-DON202
2022-07-28,Ebola and Sudan virus disease,wildlife,CD,https://www.who.int/emergencies/disease-outbreak-news/item/2019-DON203
2022-07-28,Ebola and Sudan virus disease,wildlife,CD,https://www.who.int/emergencies/disease-outbreak-news/item/2019-DON204
2022-07-28,Rift Valley fever,livestock,SD,https://www.who.int/emergencies/disease-outbreak-news/item/2019-DON205
2022-07-28,Ebola and Sudan virus disease,wildlife,CD,https://www.who.int/emergencies/disease-outbreak-news/item/2019-DON257
2022-07-28,Yellow fever,vector,VE,https://www.who.int/emergencies/disease-outbreak-news/item/2019-DON208
2022-07-28,Ebola and Sudan virus disease,wildlife,CD,https://www.who.int/emergencies/disease-outbreak-news/item/2019-DON209
2022-07-28,Ebola and Sudan virus disease,wildlife,CD,https://www.who.int/emergencies/disease-outbreak-news/item/2019-DON215
2022-07-28,Lassa fever,wildlife,NL SL,https://www.who.int/emergencies/disease-outbreak-news/item/2019-DON213
2022-07-28,Ebola and Sudan virus disease,wildlife,CD,https://www.who.int/emergencies/disease-outbreak-news/item/2019-DON224
2022-07-28,Ebola and Sudan virus disease,wildlife,CD,https://www.who.int/emergencies/disease-outbreak-news/item/2019-DON225
2022-07-28,MERS,livestock,SA,https://www.who.int/emergencies/disease-outbreak-news/item/2019-DON216
2022-07-28,MERS,livestock,SA,https://www.who.int/emergencies/disease-outbreak-news/item/2019-DON222
2022-07-28,MERS,livestock,QA,https://www.who.int/emergencies/disease-outbreak-news/item/2019-DON227
2022-07-28,Yellow fever,vector,ML,https://www.who.int/emergencies/disease-outbreak-news/item/2019-DON223
2022-07-28,Yellow fever,vector,NG,https://www.who.int/emergencies/disease-outbreak-news/item/2019-DON219
2022-07-28,Ebola and Sudan virus disease,wildlife,CD,https://www.who.int/emergencies/disease-outbreak-news/item/2019-DON226
2022-07-22,Marburg virus disease,wildlife,GH,https://www.who.int/emergencies/disease-outbreak-news/item/2022-DON402
2022-07-04,Ebola and Sudan virus disease,wildlife,CD,https://www.who.int/emergencies/disease-outbreak-news/item/2022-DON398
2022-06-27,Mpox,wildlife,,https://www.who.int/emergencies/disease-outbreak-news/item/2022-DON396
2022-06-17,Mpox,wildlife,,https://www.who.int/emergencies/disease-outbreak-news/item/2022-DON393
2022-06-10,Mpox,wildlife,,https://www.who.int/emergencies/disease-outbreak-news/item/2022-DON392
2022-06-04,Mpox,wildlife,,https://www.who.int/emergencies/disease-outbreak-news/item/2022-DON390
2022-06-01,Crimean-Congo haemorrhagic fever,livestock,CG IQ,https://www.who.int/emergencies/disease-outbreak-news/item/2022-DON386
2022-05-29,Mpox,wildlife,,https://www.who.int/emergencies/disease-outbreak-news/item/2022-DON388
2022-05-21,Mpox,wildlife,,https://www.who.int/emergencies/disease-outbreak-news/item/2022-DON385
2022-05-19,Swine-origin influenza,livestock,DE,https://www.who.int/emergencies/disease-outbreak-news/item/2022-DON384
2022-05-18,Mpox,wildlife,GB IE,https://www.who.int/emergencies/disease-outbreak-news/item/2022-DON383
2022-05-17,MERS,livestock,OM,https://www.who.int/emergencies/disease-outbreak-news/item/2022-DON380
2022-05-16,Mpox,wildlife,GB IE,https://www.who.int/emergencies/disease-outbreak-news/item/2022-DON381
2022-05-13,Lassa fever,wildlife,GN,https://www.who.int/emergencies/disease-outbreak-news/item/2022-DON382
2022-05-12,MERS,livestock,QA,https://www.who.int/emergencies/disease-outbreak-news/item/2022-DON370
2022-05-09,Avian influenza,birds,CN,https://www.who.int/emergencies/disease-outbreak-news/item/2022-DON378
2022-05-06,Avian influenza,birds,US,https://www.who.int/emergencies/disease-outbreak-news/item/2022-DON379
2022-04-28,Ebola and Sudan virus disease,wildlife,CD,https://www.who.int/emergencies/disease-outbreak-news/item/2022-DON377
2022-04-28,Japanese encephalitis,vector,AU,https://www.who.int/emergencies/disease-outbreak-news/item/2022-DON365
2022-04-25,Yellow fever,vector,UG,https://www.who.int/emergencies/disease-outbreak-news/item/2022-DON367
2022-04-07,MERS,livestock,SA,https://www.who.int/emergencies/disease-outbreak-news/item/2022-DON363
2022-03-25,Yellow fever,vector,KE,https://www.who.int/emergencies/disease-outbreak-news/item/2022-DON361
2022-03-24,Lassa fever,wildlife,TG,https://www.who.int/emergencies/disease-outbreak-news/item/2022-DON362
2022-02-21,Lassa fever,wildlife,GB IE,https://www.who.int/emergencies/disease-outbreak-news/item/lassa-fever-united-kingdom-of-great-britain-and-northern-ireland
2022-02-14,Lassa fever,wildlife,NG,https://www.who.int/emergencies/disease-outbreak-news/item/lassa-fever---nigeria
2022-01-05,SARS,wildlife,,https://www.who.int/emergencies/disease-outbreak-news/item/2020-DON297
2022-01-05,Swine-origin influenza,livestock,BR,https://www.who.int/emergencies/disease-outbreak-news/item/2020-DON286
2022-01-05,COVID-19,wildlife,,https://www.who.int/emergencies/disease-outbreak-news/item/2020-DON238
2022-01-05,Ebola and Sudan virus disease,wildlife,,https://www.who.int/emergencies/disease-outbreak-news/item/2020-DON235
2022-01-05,Avian influenza,birds,RU,https://www.who.int/emergencies/disease-outbreak-news/item/2021-DON313
2021-12-23,Yellow fever,vector,,https://www.who.int/emergencies/disease-outbreak-news/item/yellow-fever---west-and-central-africa
2021-12-16,Ebola and Sudan virus disease,wildlife,CD,https://www.who.int/emergencies/disease-outbreak-news/item/2021-DON351
2021-12-13,MERS,livestock,AE,https://www.who.int/emergencies/disease-outbreak-news/item/middle-east-respiratory-syndrome-coronavirus-(mers-cov)-united-arab-emirates
2021-12-01,Yellow fever,vector,GH,https://www.who.int/emergencies/disease-outbreak-news/item/yellow-fever---ghana
2021-11-25,Mpox,wildlife,US,https://www.who.int/emergencies/disease-outbreak-news/item/2021-DON344
2021-10-13,Yellow fever,vector,VE,https://www.who.int/emergencies/disease-outbreak-news/item/yellow-fever---bolivarian-republic-of-venezuela
2021-10-10,Ebola and Sudan virus disease,wildlife,CD,https://www.who.int/emergencies/disease-outbreak-news/item/ebola-virus-disease-democratic-republic-of-the-congo_1
2021-10-01,Yellow fever,vector,NG,https://www.who.int/emergencies/disease-outbreak-news/item/2021-DON336
2021-10-01,Plague,wildlife,MG,https://www.who.int/emergencies/disease-outbreak-news/item/plague---madagascar
2021-09-24,Nipah virus,wildlife,IN,https://www.who.int/emergencies/disease-outbreak-news/item/nipah-virus-disease---india
2021-09-17,Marburg virus disease,wildlife,GN,https://www.who.int/emergencies/disease-outbreak-news/item/marburg-virus-disease---guinea
2021-08-17,MERS,livestock,SA,https://www.who.int/emergencies/disease-outbreak-news/item/2021-DON333
2021-08-16,Avian influenza,birds,IN,https://www.who.int/emergencies/disease-outbreak-news/item/human-infection-with-avian-influenza-a(h5n1)-ｰ-india
2021-08-09,Marburg virus disease,wildlife,GN,https://www.who.int/emergencies/disease-outbreak-news/item/2021-DON331
2021-07-27,Mpox,wildlife,US,https://www.who.int/emergencies/disease-outbreak-news/item/monkeypox---the-united-states-of-america
2021-07-08,Mpox,wildlife,GB IE,https://www.who.int/emergencies/disease-outbreak-news/item/monkeypox---united-kingdom-of-great-britain-and-northern-ireland
2021-07-03,Mpox,wildlife,SG,https://www.who.int/emergencies/disease-outbreak-news/item/16-may-2019-monkeypox-singapore-en
2021-06-19,Ebola and Sudan virus disease,wildlife,GN,https://www.who.int/emergencies/disease-outbreak-news/item/2021-DON328
2021-06-11,Mpox,wildlife,GB IE NG,https://www.who.int/emergencies/disease-outbreak-news/item/monkeypox---united-kingdom-of-great-britain-and-northern-ireland-ex-nigeria
2021-06-10,Avian influenza,birds,CN,https://www.who.int/emergencies/disease-outbreak-news/item/human-infection-with-avian-influenza-a(h10n3)-china
2021-06-08,Ebola and Sudan virus disease,wildlife,CI LR,https://www.who.int/emergencies/disease-outbreak-news/item/1996_01_22c-en
2021-06-08,Yellow fever,vector,LR,https://www.who.int/emergencies/disease-outbreak-news/item/1996_02_02-en
2021-06-08,Ebola and Sudan virus disease,wildlife,GA,https://www.who.int/emergencies/disease-outbreak-news/item/1996_02_19b-en
2021-06-08,Ebola and Sudan virus disease,wildlife,GA,https://www.who.int/emergencies/disease-outbreak-news/item/1996_02_29b-en
2021-06-08,Ebola and Sudan virus disease,wildlife,GA,https://www.who.int/emergencies/disease-outbreak-news/item/1996_03_01c-en
2021-06-08,Ebola and Sudan virus disease,wildlife,,https://www.who.int/emergencies/disease-outbreak-news/item/1996_04_17-en
2021-06-08,Ebola and Sudan virus disease,wildlife,GA,https://www.who.int/emergencies/disease-outbreak-news/item/1996_04_26b-en
2021-06-08,Ebola and Sudan virus disease,wildlife,PH,https://www.who.int/emergencies/disease-outbreak-news/item/1996_04_30-en
2021-06-08,Lassa fever,wildlife,SL,https://www.who.int/emergencies/disease-outbreak-news/item/1996_05_15-en
2021-06-08,Lassa fever,wildlife,SL,https://www.who.int/emergencies/disease-outbreak-news/item/1996_05_28-en
2021-06-08,Lassa fever,wildlife,SL,https://www.who.int/emergencies/disease-outbreak-news/item/1996_06_14a-en
2021-06-08,Lassa fever,wildlife,SL,https://www.who.int/emergencies/disease-outbreak-news/item/1996_07_30a-en
2021-06-08,Yellow fever,vector,BJ,https://www.who.int/emergencies/disease-outbreak-news/item/1996_10_02-en
2021-06-08,Japanese encephalitis,vector,NP,https://www.who.int/emergencies/disease-outbreak-news/item/1996_10_04-en
2021-06-08,Ebola and Sudan virus disease,wildlife,GA,https://www.who.int/emergencies/disease-outbreak-news/item/1996_10_14-en
2021-06-08,Ebola and Sudan virus disease,wildlife,GA,https://www.who.int/emergencies/disease-outbreak-news/item/1996_10_15b-en
2021-06-08,Ebola and Sudan virus disease,wildlife,GA,https://www.who.int/emergencies/disease-outbreak-news/item/1996_10_18-en
2021-06-08,Ebola and Sudan virus disease,wildlife,GA,https://www.who.int/emergencies/disease-outbreak-news/item/1996_10_21-en
2021-06-08,Yellow fever,vector,,https://www.who.int/emergencies/disease-outbreak-news/item/1996_10_31b-en
2021-06-08,Yellow fever,vector,BJ,https://www.who.int/emergencies/disease-outbreak-news/item/1996_11_01-en
2021-06-08,Crimean-Congo haemorrhagic fever,livestock,CG ZA,https://www.who.int/emergencies/disease-outbreak-news/item/1996_11_05-en
2021-06-08,Ebola and Sudan virus disease,wildlife,GA,https://www.who.int/emergencies/disease-outbreak-news/item/1996_11_12a-en
2021-06-08,Ebola and Sudan virus disease,wildlife,ZA,https://www.who.int/emergencies/disease-outbreak-news/item/1996_11_18-en
2021-06-08,Ebola and Sudan virus disease,wildlife,GA,https://www.who.int/emergencies/disease-outbreak-news/item/1996_11_19-en
2021-06-08,Ebola and Sudan virus disease,wildlife,ZA,https://www.who.int/emergencies/disease-outbreak-news/item/1996_11_22-en
2021-06-08,Ebola and Sudan virus disease,wildlife,GA,https://www.who.int/emergencies/disease-outbreak-news/item/1996_11_25-en
2021-06-08,Ebola and Sudan virus disease,wildlife,ZA,https://www.who.int/emergencies/disease-outbreak-news/item/1996_11_28b-en
2021-06-08,Yellow fever,vector,GH,https://www.who.int/emergencies/disease-outbreak-news/item/1996_12_05-en
2021-06-08,Yellow fever,vector,GH,https://www.who.int/emergencies/disease-outbreak-news/item/1996_12_06b-en
2021-06-08,Ebola and Sudan virus disease,wildlife,GA,https://www.who.int/emergencies/disease-outbreak-news/item/1996_12_06a-en
2021-06-08,Ebola and Sudan virus disease,wildlife,GA,https://www.who.int/emergencies/disease-outbreak-news/item/1996_12_20-en
2021-06-08,Ebola and Sudan virus disease,wildlife,GA,https://www.who.int/emergencies/disease-outbreak-news/item/1996_12_24-en
2021-06-08,Ebola and Sudan virus disease,wildlife,GA,https://www.who.int/emergencies/disease-outbreak-news/item/1997_01_02-en
2021-06-08,Ebola and Sudan virus disease,wildlife,GA,https://www.who.int/emergencies/disease-outbreak-news/item/1997_01_09b-en
2021-06-08,Ebola and Sudan virus disease,wildlife,GA,https://www.who.int/emergencies/disease-outbreak-news/item/1997_01_08-en
2021-06-08,Ebola and Sudan virus disease,wildlife,GA,https://www.who.int/emergencies/disease-outbreak-news/item/1997_01_16-en
2021-06-08,Ebola and Sudan virus disease,wildlife,GA,https://www.who.int/emergencies/disease-outbreak-news/item/1997_01_21-en
2021-06-08,Plague,wildlife,ZM,https://www.who.int/emergencies/disease-outbreak-news/item/1997_01_31b-en
2021-06-08,Plague,wildlife,ZM,https://www.who.int/emergencies/disease-outbreak-news/item/1997_02_07b-en
2021-06-08,Ebola and Sudan virus disease,wildlife,GA,https://www.who.int/emergencies/disease-outbreak-news/item/1997_02_07a-en
2021-06-08,Ebola and Sudan virus disease,wildlife,GA,https://www.who.int/emergencies/disease-outbreak-news/item/1997_03_02-en
2021-06-08,Yellow fever,vector,BO,https://www.who.int/emergencies/disease-outbreak-news/item/1997_03_11-en
2021-06-08,Mpox,wildlife,CD,https://www.who.int/emergencies/disease-outbreak-news/item/1997_03_21c-en
2021-06-08,Lassa fever,wildlife,SL,https://www.who.int/emergencies/disease-outbreak-news/item/1997_03_21b-en
2021-06-08,Mpox,wildlife,,https://www.who.int/emergencies/disease-outbreak-news/item/1997_04_14-en
2021-06-08,Mpox,wildlife,,https://www.who.int/emergencies/disease-outbreak-news/item/1997_04_24b-en
2021-06-08,Lassa fever,wildlife,SL,https://www.who.int/emergencies/disease-outbreak-news/item/1997_05_01-en
2021-06-08,Rabies,wildlife,,https://www.who.int/emergencies/disease-outbreak-news/item/1997_05_06a-en
2021-06-08,Lassa fever,wildlife,SL,https://www.who.int/emergencies/disease-outbreak-news/item/1997_05_22-en
2021-06-08,Anthrax,livestock,GH,https://www.who.int/emergencies/disease-outbreak-news/item/1997_06_05-en
2021-06-08,Mpox,wildlife,CD,https://www.who.int/emergencies/disease-outbreak-news/item/1997_07_31b-en
2021-06-08,Plague,wildlife,MZ,https://www.who.int/emergencies/disease-outbreak-news/item/1997_08_08-en
2021-06-08,Yellow fever,vector,LR,https://www.who.int/emergencies/disease-outbreak-news/item/1997_08_11-en
2021-06-08,Hantavirus,wildlife,,https://www.who.int/emergencies/disease-outbreak-news/item/1997_10_02b-en
2021-06-08,Plague,wildlife,MW,https://www.who.int/emergencies/disease-outbreak-news/item/1997_10_30-en
2021-06-08,Lassa fever,wildlife,GH,https://www.who.int/emergencies/disease-outbreak-news/item/1997_10_31-en
2021-06-08,Mpox,wildlife,CD,https://www.who.int/emergencies/disease-outbreak-news/item/1997_11_14b-en
2021-06-08,Plague,wildlife,MZ,https://www.who.int/emergencies/disease-outbreak-news/item/1997_11_21a-en
2021-06-08,Avian influenza,birds,HK,https://www.who.int/emergencies/disease-outbreak-news/item/1998_01_05-en
2021-06-08,Rift Valley fever,livestock,KE,https://www.who.int/emergencies/disease-outbreak-news/item/1998_01_06b-en
2021-06-08,Avian influenza,birds,HK,https://www.who.int/emergencies/disease-outbreak-news/item/1998_01_07b-en
2021-06-08,Avian influenza,birds,HK,https://www.who.int/emergencies/disease-outbreak-news/item/1998_01_09b-en
2021-06-08,Avian influenza,birds,HK,https://www.who.int/emergencies/disease-outbreak-news/item/1998_01_12b-en
2021-06-08,Avian influenza,birds,HK,https://www.who.int/emergencies/disease-outbreak-news/item/1998_01_13-en
2021-06-08,Rift Valley fever,livestock,KE,https://www.who.int/emergencies/disease-outbreak-news/item/1998_01_14b-en
2021-06-08,Avian influenza,birds,HK,https://www.who.int/emergencies/disease-outbreak-news/item/1998_01_14a-en
2021-06-08,Avian influenza,birds,HK,https://www.who.int/emergencies/disease-outbreak-news/item/1998_01_15-en
2021-06-08,Rift Valley fever,livestock,KE SO,https://www.who.int/emergencies/disease-outbreak-news/item/1998_01_16-en
2021-06-08,Avian influenza,birds,HK,https://www.who.int/emergencies/disease-outbreak-news/item/1998_01_19-en
2021-06-08,Avian influenza,birds,HK,https://www.who.int/emergencies/disease-outbreak-news/item/1998_01_20-en
2021-06-08,Avian influenza,birds,HK,https://www.who.int/emergencies/disease-outbreak-news/item/1998_03_12-en
2021-06-08,Crimean-Congo haemorrhagic fever,livestock,CG PK,https://www.who.int/emergencies/disease-outbreak-news/item/1998_05_08b-en
2021-06-08,Crimean-Congo haemorrhagic fever,livestock,AF CG,https://www.who.int/emergencies/disease-outbreak-news/item/1998_05_08a-en
2021-06-08,Anthrax,livestock,RU,https://www.who.int/emergencies/disease-outbreak-news/item/1998_08_11-en
2021-06-08,Yellow fever,vector,BR,https://www.who.int/emergencies/disease-outbreak-news/item/1998_08_26-en
2021-06-08,Yellow fever,vector,BR,https://www.who.int/emergencies/disease-outbreak-news/item/1998_10_22a-en
2021-06-08,Yellow fever,vector,VE,https://www.who.int/emergencies/disease-outbreak-news/item/1998_11_04-en
2021-06-08,Plague,wildlife,UG,https://www.who.int/emergencies/disease-outbreak-news/item/1998_11_06a-en
2021-06-08,Yellow fever,vector,BF,https://www.who.int/emergencies/disease-outbreak-news/item/1998_12_22a-en
2021-06-07,Rift Valley fever,livestock,ZA,https://www.who.int/emergencies/disease-outbreak-news/item/1999_02_10-en
2021-06-07,Yellow fever,vector,BO,https://www.who.int/emergencies/disease-outbreak-news/item/1999_02_11-en
2021-06-07,Yellow fever,vector,BR,https://www.who.int/emergencies/disease-outbreak-news/item/1999_03_17b-en
2021-06-07,Yellow fever,vector,BO,https://www.who.int/emergencies/disease-outbreak-news/item/1999_03_17a-en
2021-06-07,Yellow fever,vector,BR,https://www.who.int/emergencies/disease-outbreak-news/item/1999_03_19a-en
2021-06-07,Hendra virus,wildlife,MY,https://www.who.int/emergencies/disease-outbreak-news/item/1999_03_22a-en
2021-06-07,Avian influenza,birds,CN HK,https://www.who.int/emergencies/disease-outbreak-news/item/1999_03_29-en
2021-06-07,Avian influenza,birds,CN HK,https://www.who.int/emergencies/disease-outbreak-news/item/1999_04_06-en
2021-06-07,Avian influenza,birds,CN HK,https://www.who.int/emergencies/disease-outbreak-news/item/1999_04_07c-en
2021-06-07,Avian influenza,birds,CN HK,https://www.who.int/emergencies/disease-outbreak-news/item/1999_04_13-en
2021-06-07,Nipah virus,wildlife,MY,https://www.who.int/emergencies/disease-outbreak-news/item/1999_04_15-en
2021-06-07,Marburg virus disease,wildlife,CG,https://www.who.int/emergencies/disease-outbreak-news/item/1999_05_06-en
2021-06-07,Hendra virus,wildlife,MY SG,https://www.who.int/emergencies/disease-outbreak-news/item/1999_04_07a-en
2021-06-07,Plague,wildlife,NA,https://www.who.int/emergencies/disease-outbreak-news/item/1999_05_11-en
2021-06-07,Yellow fever,vector,,https://www.who.int/emergencies/disease-outbreak-news/item/1999_05_18a-en
2021-06-07,Marburg virus disease,wildlife,CD,https://www.who.int/emergencies/disease-outbreak-news/item/1999_05_20-en
2021-06-07,Marburg virus disease,wildlife,CD,https://www.who.int/emergencies/disease-outbreak-news/item/1999_05_28-en
2021-06-07,Crimean-Congo haemorrhagic fever,livestock,CG RU,https://www.who.int/emergencies/disease-outbreak-news/item/1999_07_26-en
2021-06-07,Plague,wildlife,MW,https://www.who.int/emergencies/disease-outbreak-news/item/1999_07_27-en
2021-06-07,West Nile fever,birds,US,https://www.who.int/emergencies/disease-outbreak-news/item/1999_10_06-en
2021-06-07,Yellow fever,vector,US,https://www.who.int/emergencies/disease-outbreak-news/item/1999_11_23-en
2021-06-07,Lassa fever,wildlife,DE,https://www.who.int/emergencies/disease-outbreak-news/item/2000_01_13-en
2021-06-07,Yellow fever,vector,BR,https://www.who.int/emergencies/disease-outbreak-news/item/2000_01_14-en
2021-06-07,Lassa fever,wildlife,DE,https://www.who.int/emergencies/disease-outbreak-news/item/2000_01_18a-en
2021-06-07,Yellow fever,vector,BR,https://www.who.int/emergencies/disease-outbreak-news/item/2000_01_20-en
2021-06-07,Marburg virus disease,wildlife,CG,https://www.who.int/emergencies/disease-outbreak-news/item/2000_02_11-en
2021-06-07,Yellow fever,vector,NL,https://www.who.int/emergencies/disease-outbreak-news/item/2000_02_25-en
2021-06-07,Hantavirus,wildlife,PA,https://www.who.int/emergencies/disease-outbreak-news/item/2000_03_02a-en
2021-06-07,Marburg virus disease,wildlife,CG,https://www.who.int/emergencies/disease-outbreak-news/item/2000_03_02-en
2021-06-07,Lassa fever,wildlife,,https://www.who.int/emergencies/disease-outbreak-news/item/2000_03_13-en
2021-06-07,Lassa fever,wildlife,,https://www.who.int/emergencies/disease-outbreak-news/item/2000_03_14-en
2021-06-07,Marburg virus disease,wildlife,CG,https://www.who.int/emergencies/disease-outbreak-news/item/2000_03_21-en
2021-06-07,Marburg virus disease,wildlife,CG,https://www.who.int/emergencies/disease-outbreak-news/item/2000_03_31-en
2021-06-07,Lassa fever,wildlife,DE,https://www.who.int/emergencies/disease-outbreak-news/item/2000_04_04-en
2021-06-07,Tularaemia,wildlife,KV,https://www.who.int/emergencies/disease-outbreak-news/item/2000_04_21a-en
2021-06-07,Tularaemia,wildlife,KV,https://www.who.int/emergencies/disease-outbreak-news/item/2000_04_27a-en
2021-06-07,Yellow fever,vector,NG,https://www.who.int/emergencies/disease-outbreak-news/item/2000_05_19-en
2021-06-07,Anthrax,livestock,ET,https://www.who.int/emergencies/disease-outbreak-news/item/2000_07_20-en
2021-06-07,Lassa fever,wildlife,NL,https://www.who.int/emergencies/disease-outbreak-news/item/2000_07_25-en
2021-06-07,Lassa fever,wildlife,NL,https://www.who.int/emergencies/disease-outbreak-news/item/2000_07_26-en
2021-06-07,Yellow fever,vector,LR,https://www.who.int/emergencies/disease-outbreak-news/item/2000_08_24b-en
2021-06-07,Yellow fever,vector,LR,https://www.who.int/emergencies/disease-outbreak-news/item/2000_09_11-en
2021-06-07,Rift Valley fever,livestock,SA,https://www.who.int/emergencies/disease-outbreak-news/item/2000_09_18-en
2021-06-07,West Nile fever,birds,IL,https://www.who.int/emergencies/disease-outbreak-news/item/2000_09_22-en
2021-06-07,Rift Valley fever,livestock,SA YE,https://www.who.int/emergencies/disease-outbreak-news/item/2000_09_29-en
2021-06-07,Rift Valley fever,livestock,YE,https://www.who.int/emergencies/disease-outbreak-news/item/2000_10_03-en
2021-06-07,Rift Valley fever,livestock,YE,https://www.who.int/emergencies/disease-outbreak-news/item/2000_10_09-en
2021-06-07,Rift Valley fever,livestock,SA,https://www.who.int/emergencies/disease-outbreak-news/item/2000_10_10-en
2021-06-07,Ebola and Sudan virus disease,wildlife,UG,https://www.who.int/emergencies/disease-outbreak-news/item/2000_10_16-en
2021-06-07,Ebola and Sudan virus disease,wildlife,UG,https://www.who.int/emergencies/disease-outbreak-news/item/2000_10_17-en
2021-06-07,Rift Valley fever,livestock,SA,https://www.who.int/emergencies/disease-outbreak-news/item/2000_10_19a-en
2021-06-07,Ebola and Sudan virus disease,wildlife,UG,https://www.who.int/emergencies/disease-outbreak-news/item/2000_10_20b-en
2021-06-07,Ebola and Sudan virus disease,wildlife,UG,https://www.who.int/emergencies/disease-outbreak-news/item/2000_10_21-en
2021-06-07,Ebola and Sudan virus disease,wildlife,,https://www.who.int/emergencies/disease-outbreak-news/item/2000_10_22-en
2021-06-07,Ebola and Sudan virus disease,wildlife,,https://www.who.int/emergencies/disease-outbreak-news/item/2000_10_23-en
2021-06-07,Ebola and Sudan virus disease,wildlife,,https://www.who.int/emergencies/disease-outbreak-news/item/2000_10_24-en
2021-06-07,Ebola and Sudan virus disease,wildlife,UG,https://www.who.int/emergencies/disease-outbreak-news/item/2000_10_25a-en
2021-06-07,Ebola and Sudan virus disease,wildlife,UG,https://www.who.int/emergencies/disease-outbreak-news/item/2000_10_26a-en
2021-06-07,Ebola and Sudan virus disease,wildlife,UG,https://www.who.int/emergencies/disease-outbreak-news/item/2000_10_28-en
2021-06-07,Ebola and Sudan virus disease,wildlife,UG,https://www.who.int/emergencies/disease-outbreak-news/item/2000_10_29-en
2021-06-07,Ebola and Sudan virus disease,wildlife,UG,https://www.who.int/emergencies/disease-outbreak-news/item/2000_10_30-en
2021-06-07,Ebola and Sudan virus disease,wildlife,UG,https://www.who.int/emergencies/disease-outbreak-news/item/2000_10_31-en
2021-06-07,Ebola and Sudan virus disease,wildlife,UG,https://www.who.int/emergencies/disease-outbreak-news/item/2000_11_01-en
2021-06-07,Ebola and Sudan virus disease,wildlife,,https://www.who.int/emergencies/disease-outbreak-news/item/2000_11_02-en
2021-06-07,Ebola and Sudan virus disease,wildlife,UG,https://www.who.int/emergencies/disease-outbreak-news/item/2000_11_03b-en
2021-06-07,Ebola and Sudan virus disease,wildlife,UG,https://www.who.int/emergencies/disease-outbreak-news/item/2000_11_05-en
2021-06-07,Ebola and Sudan virus disease,wildlife,UG,https://www.who.int/emergencies/disease-outbreak-news/item/2000_11_06-en
2021-06-07,Ebola and Sudan virus disease,wildlife,UG,https://www.who.int/emergencies/disease-outbreak-news/item/2000_11_07-en
2021-06-07,Ebola and Sudan virus disease,wildlife,UG,https://www.who.int/emergencies/disease-outbreak-news/item/2000_11_09-en
2021-06-07,Ebola and Sudan virus disease,wildlife,UG,https://www.who.int/emergencies/disease-outbreak-news/item/2000_11_10a-en
2021-06-07,Ebola and Sudan virus disease,wildlife,UG,https://www.who.int/emergencies/disease-outbreak-news/item/2000_11_11-en
2021-06-07,Ebola and Sudan virus disease,wildlife,UG,https://www.who.int/emergencies/disease-outbreak-news/item/2000_11_12-en
2021-06-07,Ebola and Sudan virus disease,wildlife,UG,https://www.who.int/emergencies/disease-outbreak-news/item/2000_11_14-en
2021-06-07,Ebola and Sudan virus disease,wildlife,UG,https://www.who.int/emergencies/disease-outbreak-news/item/2000_11_15-en
2021-06-07,Ebola and Sudan virus disease,wildlife,UG,https://www.who.int/emergencies/disease-outbreak-news/item/2000_11_17-en
2021-06-07,Ebola and Sudan virus disease,wildlife,,https://www.who.int/emergencies/disease-outbreak-news/item/2000_11_24-en
2021-06-07,Ebola and Sudan virus disease,wildlife,UG,https://www.who.int/emergencies/disease-outbreak-news/item/2000_11_30-en
2021-06-07,Ebola and Sudan virus disease,wildlife,UG,https://www.who.int/emergencies/disease-outbreak-news/item/2000_12_05-en
2021-06-07,Ebola and Sudan virus disease,wildlife,UG,https://www.who.int/emergencies/disease-outbreak-news/item/2000_12_08-en
2021-06-07,Ebola and Sudan virus disease,wildlife,UG,https://www.who.int/emergencies/disease-outbreak-news/item/2000_12_19a-en
2021-06-07,Ebola and Sudan virus disease,wildlife,UG,https://www.who.int/emergencies/disease-outbreak-news/item/2000_12_29b-en
2021-06-07,Ebola and Sudan virus disease,wildlife,UG,https://www.who.int/emergencies/disease-outbreak-news/item/2001_01_03-en
2021-06-07,Ebola and Sudan virus disease,wildlife,UG,https://www.who.int/emergencies/disease-outbreak-news/item/2001_01_09a-en
2021-06-07,Ebola and Sudan virus disease,wildlife,UG,https://www.who.int/emergencies/disease-outbreak-news/item/2001_01_17-en
2021-06-07,Ebola and Sudan virus disease,wildlife,UG,https://www.who.int/emergencies/disease-outbreak-news/item/2001_01_24-en
2021-06-07,Ebola and Sudan virus disease,wildlife,UG,https://www.who.int/emergencies/disease-outbreak-news/item/2001_02_09a-en
2021-06-07,Ebola and Sudan virus disease,wildlife,UG,https://www.who.int/emergencies/disease-outbreak-news/item/2001_02_28b-en
2021-06-07,Yellow fever,vector,BR,https://www.who.int/emergencies/disease-outbreak-news/item/2001_02_28a-en
2021-06-07,Yellow fever,vector,BR,https://www.who.int/emergencies/disease-outbreak-news/item/2001_03_07-en
2021-06-07,Plague,wildlife,ZM,https://www.who.int/emergencies/disease-outbreak-news/item/2001_03_20a-en
2021-06-07,Plague,wildlife,ZM,https://www.who.int/emergencies/disease-outbreak-news/item/2001_03_26-en
2021-06-07,Avian influenza,birds,CN HK,https://www.who.int/emergencies/disease-outbreak-news/item/2001_05_17-en
2021-06-07,Avian influenza,birds,CN HK,https://www.who.int/emergencies/disease-outbreak-news/item/2001_05_18-en
2021-06-07,Yellow fever,vector,CI,https://www.who.int/emergencies/disease-outbreak-news/item/2001_05_31-en
2021-06-07,Yellow fever,vector,PE,https://www.who.int/emergencies/disease-outbreak-news/item/2001_06_07e-en
2021-06-07,Crimean-Congo haemorrhagic fever,livestock,CG KV,https://www.who.int/emergencies/disease-outbreak-news/item/2001_06_11e-en
2021-06-07,Crimean-Congo haemorrhagic fever,livestock,CG KV,https://www.who.int/emergencies/disease-outbreak-news/item/2001_06_14a-en
2021-06-07,Crimean-Congo haemorrhagic fever,livestock,CG KV,https://www.who.int/emergencies/disease-outbreak-news/item/2001_06_15e-en
2021-06-07,Crimean-Congo haemorrhagic fever,livestock,CG KV,https://www.who.int/emergencies/disease-outbreak-news/item/2001_06_20e-en
2021-06-07,Crimean-Congo haemorrhagic fever,livestock,CG KV,https://www.who.int/emergencies/disease-outbreak-news/item/2001_06_29e-en
2021-06-07,Yellow fever,vector,LR,https://www.who.int/emergencies/disease-outbreak-news/item/2001_08_23-en
2021-06-07,Yellow fever,vector,CI,https://www.who.int/emergencies/disease-outbreak-news/item/2001_09_04-en
2021-06-07,Yellow fever,vector,CI,https://www.who.int/emergencies/disease-outbreak-news/item/2001_09_05b-en
2021-06-07,Yellow fever,vector,,https://www.who.int/emergencies/disease-outbreak-news/item/2001_09_12-en
2021-06-07,Yellow fever,vector,,https://www.who.int/emergencies/disease-outbreak-news/item/2001_09_13-en
2021-06-07,Yellow fever,vector,CI,https://www.who.int/emergencies/disease-outbreak-news/item/2001_09_18-en
2021-06-07,Yellow fever,vector,GN,https://www.who.int/emergencies/disease-outbreak-news/item/2001_09_25a-en
2021-06-07,Yellow fever,vector,,https://www.who.int/emergencies/disease-outbreak-news/item/2001_10_02-en
2021-06-07,Yellow fever,vector,CI,https://www.who.int/emergencies/disease-outbreak-news/item/2001_10_10a-en
2021-06-07,Anthrax,livestock,US,https://www.who.int/emergencies/disease-outbreak-news/item/2001_10_11-en
2021-06-07,Anthrax,livestock,US,https://www.who.int/emergencies/disease-outbreak-news/item/2001_10_15-en
2021-06-07,Anthrax,livestock,US,https://www.who.int/emergencies/disease-outbreak-news/item/2001_10_17-en
2021-06-07,Anthrax,livestock,US,https://www.who.int/emergencies/disease-outbreak-news/item/2001_10_18-en
2021-06-07,Anthrax,livestock,US,https://www.who.int/emergencies/disease-outbreak-news/item/2001_10_19-en
2021-06-07,Anthrax,livestock,US,https://www.who.int/emergencies/disease-outbreak-news/item/2001_10_23-en
2021-06-07,Anthrax,livestock,US,https://www.who.int/emergencies/disease-outbreak-news/item/2001_10_24-en
2021-06-07,Anthrax,livestock,US,https://www.who.int/emergencies/disease-outbreak-news/item/2001_10_26-en
2021-06-07,Anthrax,livestock,US,https://www.who.int/emergencies/disease-outbreak-news/item/2001_10_29-en
2021-06-07,Anthrax,livestock,US,https://www.who.int/emergencies/disease-outbreak-news/item/2001_10_30-en
2021-06-07,Anthrax,livestock,US,https://www.who.int/emergencies/disease-outbreak-news/item/2001_10_31-en
2021-06-07,Anthrax,livestock,US,https://www.who.int/emergencies/disease-outbreak-news/item/2001_11_02-en
2021-06-07,Anthrax,livestock,US,https://www.who.int/emergencies/disease-outbreak-news/item/2001_11_05-en
2021-06-07,Yellow fever,vector,BE,https://www.who.int/emergencies/disease-outbreak-news/item/2001_11_12-en
2021-06-07,Yellow fever,vector,BE,https://www.who.int/emergencies/disease-outbreak-news/item/2001_11_15-en
2021-06-07,Anthrax,livestock,US,https://www.who.int/emergencies/disease-outbreak-news/item/2001_11_23-en
2021-06-07,Ebola and Sudan virus disease,wildlife,GA,https://www.who.int/emergencies/disease-outbreak-news/item/2001_12_11-en
2021-06-07,Ebola and Sudan virus disease,wildlife,GA,https://www.who.int/emergencies/disease-outbreak-news/item/2001_12_13-en
2021-06-07,Ebola and Sudan virus disease,wildlife,GA,https://www.who.int/emergencies/disease-outbreak-news/item/2001_12_16-en
2021-06-07,Ebola and Sudan virus disease,wildlife,GA,https://www.who.int/emergencies/disease-outbreak-news/item/2001_12_17-en
2021-06-07,Ebola and Sudan virus disease,wildlife,GA,https://www.who.int/emergencies/disease-outbreak-news/item/2001_12_18a-en
2021-06-07,Ebola and Sudan virus disease,wildlife,GA,https://www.who.int/emergencies/disease-outbreak-news/item/2001_12_20-en
2021-06-07,Ebola and Sudan virus disease,wildlife,GA,https://www.who.int/emergencies/disease-outbreak-news/item/2001_12_24-en
2021-06-07,Ebola and Sudan virus disease,wildlife,CG GA,https://www.who.int/emergencies/disease-outbreak-news/item/2001_12_28-en
2021-06-07,Ebola and Sudan virus disease,wildlife,CG GA,https://www.who.int/emergencies/disease-outbreak-news/item/2001_12_31-en
2021-06-07,Ebola and Sudan virus disease,wildlife,GA,https://www.who.int/emergencies/disease-outbreak-news/item/2002_01_02-en
2021-06-07,Ebola and Sudan virus disease,wildlife,CG GA,https://www.who.int/emergencies/disease-outbreak-news/item/2002_01_04-en
2021-06-07,Ebola and Sudan virus disease,wildlife,CG GA,https://www.who.int/emergencies/disease-outbreak-news/item/2002_01_07-en
2021-06-07,Ebola and Sudan virus disease,wildlife,CG GA,https://www.who.int/emergencies/disease-outbreak-news/item/2002_01_09-en
2021-06-07,Tularaemia,wildlife,KV,https://www.who.int/emergencies/disease-outbreak-news/item/2002_01_17-en
2021-06-07,Yellow fever,vector,SN,https://www.who.int/emergencies/disease-outbreak-news/item/2002_01_21-en
2021-06-07,Ebola and Sudan virus disease,wildlife,CG GA,https://www.who.int/emergencies/disease-outbreak-news/item/2002_01_24-en
2021-06-07,Tularaemia,wildlife,KV,https://www.who.int/emergencies/disease-outbreak-news/item/2002_01_25-en
2021-06-07,Tularaemia,wildlife,KV,https://www.who.int/emergencies/disease-outbreak-news/item/2002_02_06-en
2021-06-07,Ebola and Sudan virus disease,wildlife,CG GA,https://www.who.int/emergencies/disease-outbreak-news/item/2002_02_07-en
2021-06-07,Plague,wildlife,IN,https://www.who.int/emergencies/disease-outbreak-news/item/2002_02_20-en
2021-06-07,Ebola and Sudan virus disease,wildlife,CG GA,https://www.who.int/emergencies/disease-outbreak-news/item/2002_02_21a-en
2021-06-07,Ebola and Sudan virus disease,wildlife,GA,https://www.who.int/emergencies/disease-outbreak-news/item/2002_02_25-en
2021-06-07,Ebola and Sudan virus disease,wildlife,GA,https://www.who.int/emergencies/disease-outbreak-news/item/2002_03_06-en
2021-06-07,Ebola and Sudan virus disease,wildlife,CG GA,https://www.who.int/emergencies/disease-outbreak-news/item/2002_03_14-en
2021-06-07,Ebola and Sudan virus disease,wildlife,CG GA,https://www.who.int/emergencies/disease-outbreak-news/item/2002_03_22-en
2021-06-07,Ebola and Sudan virus disease,wildlife,GA,https://www.who.int/emergencies/disease-outbreak-news/item/2002_05_09-en
2021-06-07,Plague,wildlife,MW,https://www.who.int/emergencies/disease-outbreak-news/item/2002_06_05e-en
2021-06-07,West Nile fever,birds,US,https://www.who.int/emergencies/disease-outbreak-news/item/2002_08_27-en
2021-06-07,West Nile fever,birds,US,https://www.who.int/emergencies/disease-outbreak-news/item/2002_09_03a-en
2021-06-07,West Nile fever,birds,CA,https://www.who.int/emergencies/disease-outbreak-news/item/2002_09_12b-en
2021-06-07,West Nile fever,birds,US,https://www.who.int/emergencies/disease-outbreak-news/item/2002_09_17-en
2021-06-07,West Nile fever,birds,CA,https://www.who.int/emergencies/disease-outbreak-news/item/2002_09_18-en
2021-06-07,West Nile fever,birds,CA,https://www.who.int/emergencies/disease-outbreak-news/item/2002_09_20-en
2021-06-07,West Nile fever,birds,US,https://www.who.int/emergencies/disease-outbreak-news/item/2002_09_24-en
2021-06-07,West Nile fever,birds,CA,https://www.who.int/emergencies/disease-outbreak-news/item/2002_10_01a-en
2021-06-07,Yellow fever,vector,SN,https://www.who.int/emergencies/disease-outbreak-news/item/2002_10_04-en
2021-06-07,Yellow fever,vector,SN,https://www.who.int/emergencies/disease-outbreak-news/item/2002_10_11-en
2021-06-07,West Nile fever,birds,CA,https://www.who.int/emergencies/disease-outbreak-news/item/2002_10_15a-en
2021-06-07,Yellow fever,vector,SN,https://www.who.int/emergencies/disease-outbreak-news/item/2002_10_18-en
2021-06-07,West Nile fever,birds,CA,https://www.who.int/emergencies/disease-outbreak-news/item/2002_10_22a-en
2021-06-07,West Nile fever,birds,CA,https://www.who.int/emergencies/disease-outbreak-news/item/2002_10_24a-en
2021-06-07,Yellow fever,vector,SN,https://www.who.int/emergencies/disease-outbreak-news/item/2002_10_25-en
2021-06-07,West Nile fever,birds,CA,https://www.who.int/emergencies/disease-outbreak-news/item/2002_10_30a-en
2021-06-07,Yellow fever,vector,SN,https://www.who.int/emergencies/disease-outbreak-news/item/2002_11_01-en
2021-06-07,West Nile fever,birds,CA,https://www.who.int/emergencies/disease-outbreak-news/item/2002_11_06-en
2021-06-07,West Nile fever,birds,CA,https://www.who.int/emergencies/disease-outbreak-news/item/2002_11_13-en
2021-06-07,West Nile fever,birds,US,https://www.who.int/emergencies/disease-outbreak-news/item/2002_11_14-en
2021-06-07,Yellow fever,vector,SN,https://www.who.int/emergencies/disease-outbreak-news/item/2002_11_20-en
2021-06-07,Yellow fever,vector,BR,https://www.who.int/emergencies/disease-outbreak-news/item/2003_01_17-en
2021-06-07,Yellow fever,vector,GN,https://www.who.int/emergencies/disease-outbreak-news/item/2003_02_03-en
2021-06-07,Lassa fever,wildlife,GB,https://www.who.int/emergencies/disease-outbreak-news/item/2003_02_10a-en
2021-06-07,Ebola and Sudan virus disease,wildlife,CG,https://www.who.int/emergencies/disease-outbreak-news/item/2003_02_18-en
2021-06-07,Avian influenza,birds,CN HK,https://www.who.int/emergencies/disease-outbreak-news/item/2003_2_19-en
2021-06-07,Avian influenza,birds,CN HK,https://www.who.int/emergencies/disease-outbreak-news/item/2003_02_20-en
2021-06-07,Ebola and Sudan virus disease,wildlife,CG,https://www.who.int/emergencies/disease-outbreak-news/item/2003_02_26-en
2021-06-07,Avian influenza,birds,CN HK,https://www.who.int/emergencies/disease-outbreak-news/item/2003_02_27a-en
2021-06-07,Ebola and Sudan virus disease,wildlife,CG,https://www.who.int/emergencies/disease-outbreak-news/item/2003_02_28-en
2021-06-07,Crimean-Congo haemorrhagic fever,livestock,CG MR,https://www.who.int/emergencies/disease-outbreak-news/item/2003_03_11-en
2021-06-07,Ebola and Sudan virus disease,wildlife,CG,https://www.who.int/emergencies/disease-outbreak-news/item/2003_03_14-en
2021-06-07,SARS,wildlife,,https://www.who.int/emergencies/disease-outbreak-news/item/2003_03_16-en
2021-06-07,SARS,wildlife,,https://www.who.int/emergencies/disease-outbreak-news/item/2003_03_17-en
2021-06-07,SARS,wildlife,,https://www.who.int/emergencies/disease-outbreak-news/item/2003_03_18-en
2021-06-07,SARS,wildlife,,https://www.who.int/emergencies/disease-outbreak-news/item/2003_03_19-en
2021-06-07,SARS,wildlife,,https://www.who.int/emergencies/disease-outbreak-news/item/2003_03_20-en
2021-06-07,SARS,wildlife,,https://www.who.int/emergencies/disease-outbreak-news/item/2003_03_21-en
2021-06-07,SARS,wildlife,,https://www.who.int/emergencies/disease-outbreak-news/item/2003_03_22-en
2021-06-07,Ebola and Sudan virus disease,wildlife,CG,https://www.who.int/emergencies/disease-outbreak-news/item/2003_03_24a-en
2021-06-07,SARS,wildlife,,https://www.who.int/emergencies/disease-outbreak-news/item/2003_03_24B-en
2021-06-07,SARS,wildlife,,https://www.who.int/emergencies/disease-outbreak-news/item/2003_03_25-en
2021-06-07,SARS,wildlife,,https://www.who.int/emergencies/disease-outbreak-news/item/2003_03_26-en
2021-06-07,SARS,wildlife,,https://www.who.int/emergencies/disease-outbreak-news/item/2003_03_27b-en
2021-06-07,SARS,wildlife,,https://www.who.int/emergencies/disease-outbreak-news/item/2003_03_28-en
2021-06-07,SARS,wildlife,,https://www.who.int/emergencies/disease-outbreak-news/item/2003_03_29-en
2021-06-07,SARS,wildlife,,https://www.who.int/emergencies/disease-outbreak-news/item/2003_03_31-en
2021-06-07,SARS,wildlife,,https://www.who.int/emergencies/disease-outbreak-news/item/2003_04_01-en
2021-06-07,SARS,wildlife,,https://www.who.int/emergencies/disease-outbreak-news/item/2003_02_02a-en
2021-06-07,SARS,wildlife,,https://www.who.int/emergencies/disease-outbreak-news/item/2003_04_02b-en
2021-06-07,Ebola and Sudan virus disease,wildlife,CG,https://www.who.int/emergencies/disease-outbreak-news/item/2003_04_02c-en
2021-06-07,SARS,wildlife,,https://www.who.int/emergencies/disease-outbreak-news/item/2003_04_03a-en
2021-06-07,SARS,wildlife,,https://www.who.int/emergencies/disease-outbreak-news/item/2003_04_04-en
2021-06-07,SARS,wildlife,,https://www.who.int/emergencies/disease-outbreak-news/item/2003_04_05-en
2021-06-07,SARS,wildlife,,https://www.who.int/emergencies/disease-outbreak-news/item/2003_04_07-en
2021-06-07,SARS,wildlife,,https://www.who.int/emergencies/disease-outbreak-news/item/2003_04_08-en
2021-06-07,SARS,wildlife,,https://www.who.int/emergencies/disease-outbreak-news/item/2003_04_09-en
2021-06-07,SARS,wildlife,,https://www.who.int/emergencies/disease-outbreak-news/item/2003_04_10-en
2021-06-07,SARS,wildlife,,https://www.who.int/emergencies/disease-outbreak-news/item/2003_04_11-en
2021-06-07,SARS,wildlife,,https://www.who.int/emergencies/disease-outbreak-news/item/2003_04_12-en
2021-06-07,SARS,wildlife,,https://www.who.int/emergencies/disease-outbreak-news/item/2003_04_14a-en
2021-06-07,SARS,wildlife,,https://www.who.int/emergencies/disease-outbreak-news/item/2003_04_15-en
2021-06-07,SARS,wildlife,,https://www.who.int/emergencies/disease-outbreak-news/item/2003_04_16-en
2021-06-07,SARS,wildlife,,https://www.who.int/emergencies/disease-outbreak-news/item/2003_04_17-en
2021-06-07,SARS,wildlife,,https://www.who.int/emergencies/disease-outbreak-news/item/2003_04_18-en
2021-06-07,SARS,wildlife,,https://www.who.int/emergencies/disease-outbreak-news/item/2003_04_19-en
2021-06-07,SARS,wildlife,,https://www.who.int/emergencies/disease-outbreak-news/item/2003_04_21-en
2021-06-07,SARS,wildlife,,https://www.who.int/emergencies/disease-outbreak-news/item/2003_04_22-en
2021-06-07,SARS,wildlife,,https://www.who.int/emergencies/disease-outbreak-news/item/2003_04_23-en
2021-06-07,SARS,wildlife,,https://www.who.int/emergencies/disease-outbreak-news/item/2003_04_24a-en
2021-06-07,SARS,wildlife,,https://www.who.int/emergencies/disease-outbreak-news/item/2003_04_25-en
2021-06-07,SARS,wildlife,,https://www.who.int/emergencies/disease-outbreak-news/item/2003_04_26-en
2021-06-07,SARS,wildlife,,https://www.who.int/emergencies/disease-outbreak-news/item/2003_04_28-en
2021-06-07,SARS,wildlife,,https://www.who.int/emergencies/disease-outbreak-news/item/2003_04_29-en
2021-06-07,SARS,wildlife,,https://www.who.int/emergencies/disease-outbreak-news/item/2003_04_30-en
2021-06-07,SARS,wildlife,,https://www.who.int/emergencies/disease-outbreak-news/item/2003_05_01-en
2021-06-07,SARS,wildlife,,https://www.who.int/emergencies/disease-outbreak-news/item/2003_05_02a-en
2021-06-07,SARS,wildlife,,https://www.who.int/emergencies/disease-outbreak-news/item/2003_05_03-en
2021-06-07,SARS,wildlife,,https://www.who.int/emergencies/disease-outbreak-news/item/2003_05_05-en
2021-06-07,SARS,wildlife,,https://www.who.int/emergencies/disease-outbreak-news/item/2003_05_06-en
2021-06-07,SARS,wildlife,,https://www.who.int/emergencies/disease-outbreak-news/item/2003_05_07a-en
2021-06-07,SARS,wildlife,,https://www.who.int/emergencies/disease-outbreak-news/item/2003_05_09b-en
2021-06-07,SARS,wildlife,,https://www.who.int/emergencies/disease-outbreak-news/item/2003_05_10-en
2021-06-07,SARS,wildlife,,https://www.who.int/emergencies/disease-outbreak-news/item/2003_05_12-en
2021-06-07,SARS,wildlife,,https://www.who.int/emergencies/disease-outbreak-news/item/2003_05_13b-en
2021-06-07,SARS,wildlife,,https://www.who.int/emergencies/disease-outbreak-news/item/2003_05_14a-en
2021-06-07,SARS,wildlife,,https://www.who.int/emergencies/disease-outbreak-news/item/2003_05_15-en
2021-06-07,SARS,wildlife,,https://www.who.int/emergencies/disease-outbreak-news/item/2003_05_16-en
2021-06-07,SARS,wildlife,,https://www.who.int/emergencies/disease-outbreak-news/item/2003_05_17-en
2021-06-07,SARS,wildlife,,https://www.who.int/emergencies/disease-outbreak-news/item/2003_05_19a-en
2021-06-07,SARS,wildlife,,https://www.who.int/emergencies/disease-outbreak-news/item/2003_05_20-en
2021-06-07,SARS,wildlife,CN TW,https://www.who.int/emergencies/disease-outbreak-news/item/2003_05_21a-en
2021-06-07,SARS,wildlife,,https://www.who.int/emergencies/disease-outbreak-news/item/2003_05_23b-en
2021-06-07,SARS,wildlife,TW,https://www.who.int/emergencies/disease-outbreak-news/item/2003_05_27a-en
2021-06-07,SARS,wildlife,TW,https://www.who.int/emergencies/disease-outbreak-news/item/2003_05_28-en
2021-06-07,SARS,wildlife,SG,https://www.who.int/emergencies/disease-outbreak-news/item/2003_05_30a-en
2021-06-07,SARS,wildlife,,https://www.who.int/emergencies/disease-outbreak-news/item/2003_06_19-en
2021-06-07,Plague,wildlife,DZ,https://www.who.int/emergencies/disease-outbreak-news/item/2003_06_24a-en
2021-06-07,SARS,wildlife,,https://www.who.int/emergencies/disease-outbreak-news/item/2003_06_26-en
2021-06-07,SARS,wildlife,,https://www.who.int/emergencies/disease-outbreak-news/item/2003_06_30-en
2021-06-07,Plague,wildlife,DZ,https://www.who.int/emergencies/disease-outbreak-news/item/2003_07_03b-en
2021-06-07,SARS,wildlife,,https://www.who.int/emergencies/disease-outbreak-news/item/2003_07_03-en
2021-06-07,SARS,wildlife,,https://www.who.int/emergencies/disease-outbreak-news/item/2003_07_04-en
2021-06-07,SARS,wildlife,CN TW,https://www.who.int/emergencies/disease-outbreak-news/item/2003_07_05-en
2021-06-07,Plague,wildlife,DZ,https://www.who.int/emergencies/disease-outbreak-news/item/2003_07_10-en
2021-06-07,Yellow fever,vector,SL,https://www.who.int/emergencies/disease-outbreak-news/item/2003_08_19-en
2021-06-07,SARS,wildlife,CA,https://www.who.int/emergencies/disease-outbreak-news/item/2003_08_25a-en
2021-06-07,SARS,wildlife,SG,https://www.who.int/emergencies/disease-outbreak-news/item/2003_09_10-en
2021-06-07,SARS,wildlife,SG,https://www.who.int/emergencies/disease-outbreak-news/item/2003_09_16-en
2021-06-07,SARS,wildlife,SG,https://www.who.int/emergencies/disease-outbreak-news/item/2003_09_24-en
2021-06-07,Yellow fever,vector,SL,https://www.who.int/emergencies/disease-outbreak-news/item/2003_09_30a-en
2021-06-07,Yellow fever,vector,BF,https://www.who.int/emergencies/disease-outbreak-news/item/2003_10_10-en
2021-06-07,Ebola and Sudan virus disease,wildlife,CG,https://www.who.int/emergencies/disease-outbreak-news/item/2003_11_17-en
2021-06-07,Ebola and Sudan virus disease,wildlife,CG,https://www.who.int/emergencies/disease-outbreak-news/item/2003_11_25a-en
2021-06-07,Ebola and Sudan virus disease,wildlife,CG,https://www.who.int/emergencies/disease-outbreak-news/item/2003_12_03-en
2021-06-07,Ebola and Sudan virus disease,wildlife,CG,https://www.who.int/emergencies/disease-outbreak-news/item/2003_12_12-en
2021-06-07,SARS,wildlife,CN,https://www.who.int/emergencies/disease-outbreak-news/item/2003_12_28-en
2021-06-07,SARS,wildlife,CN,https://www.who.int/emergencies/disease-outbreak-news/item/2003_12_30-en
2021-06-07,Marburg virus disease,wildlife,AO,https://www.who.int/emergencies/disease-outbreak-news/item/2005_11_07a-en
2021-06-04,Avian influenza,birds,ID,https://www.who.int/emergencies/disease-outbreak-news/item/2006_05_22-en
2021-06-04,Avian influenza,birds,EG,https://www.who.int/emergencies/disease-outbreak-news/item/2007_03_15-en
2021-06-04,Marburg virus disease,wildlife,UG,https://www.who.int/emergencies/disease-outbreak-news/item/2007DON078
2021-06-04,Rift Valley fever,livestock,,https://www.who.int/emergencies/disease-outbreak-news/item/testpicturenov07-en
2021-06-04,Avian influenza,birds,VN,https://www.who.int/emergencies/disease-outbreak-news/item/2009_01_11-en
2021-06-04,Avian influenza,birds,EG,https://www.who.int/emergencies/disease-outbreak-news/item/2009_04_23a-en
2021-06-04,Swine-origin influenza,livestock,,https://www.who.int/emergencies/disease-outbreak-news/item/2009_05_18-en
2021-06-04,Swine-origin influenza,livestock,,https://www.who.int/emergencies/disease-outbreak-news/item/2009_05_19-en
2021-06-04,Swine-origin influenza,livestock,,https://www.who.int/emergencies/disease-outbreak-news/item/2009_05_20-en
2021-06-04,Swine-origin influenza,livestock,,https://www.who.int/emergencies/disease-outbreak-news/item/2009_05_21-en
2021-06-04,Swine-origin influenza,livestock,,https://www.who.int/emergencies/disease-outbreak-news/item/2009_05_23-en
2021-06-04,Swine-origin influenza,livestock,,https://www.who.int/emergencies/disease-outbreak-news/item/2009_05_25-en
2021-06-04,Swine-origin influenza,livestock,,https://www.who.int/emergencies/disease-outbreak-news/item/2009_05_26-en
2021-06-04,Swine-origin influenza,livestock,,https://www.who.int/emergencies/disease-outbreak-news/item/2009_05_27a-en
2021-06-04,Swine-origin influenza,livestock,,https://www.who.int/emergencies/disease-outbreak-news/item/2009_05_29-en
2021-06-04,Swine-origin influenza,livestock,,https://www.who.int/emergencies/disease-outbreak-news/item/2009_06_01a-en
2021-06-04,Swine-origin influenza,livestock,,https://www.who.int/emergencies/disease-outbreak-news/item/2009_06_03-en
2021-06-04,Swine-origin influenza,livestock,,https://www.who.int/emergencies/disease-outbreak-news/item/2009_06_05-en
2021-06-04,Swine-origin influenza,livestock,,https://www.who.int/emergencies/disease-outbreak-news/item/2009_06_08-en
2021-06-04,Swine-origin influenza,livestock,,https://www.who.int/emergencies/disease-outbreak-news/item/2009_06_10a-en
2021-06-04,Swine-origin influenza,livestock,,https://www.who.int/emergencies/disease-outbreak-news/item/2009_06_11-en
2021-06-04,Swine-origin influenza,livestock,,https://www.who.int/emergencies/disease-outbreak-news/item/2009_06_12-en
2021-06-04,Swine-origin influenza,livestock,,https://www.who.int/emergencies/disease-outbreak-news/item/2009_06_15-en
2021-06-04,Swine-origin influenza,livestock,,https://www.who.int/emergencies/disease-outbreak-news/item/2009_06_17-en
2021-06-04,Swine-origin influenza,livestock,,https://www.who.int/emergencies/disease-outbreak-news/item/2009_06_19-en
2021-06-04,Swine-origin influenza,livestock,,https://www.who.int/emergencies/disease-outbreak-news/item/2009_06_22-en
2021-06-04,Swine-origin influenza,livestock,,https://www.who.int/emergencies/disease-outbreak-news/item/2009_06_24-en
2021-06-04,Swine-origin influenza,livestock,,https://www.who.int/emergencies/disease-outbreak-news/item/2009_06_26-en
2021-06-04,Swine-origin influenza,livestock,,https://www.who.int/emergencies/disease-outbreak-news/item/2009_06_29-en
2021-06-04,Swine-origin influenza,livestock,,https://www.who.int/emergencies/disease-outbreak-news/item/2009_07_01a-en
2021-06-04,Swine-origin influenza,livestock,,https://www.who.int/emergencies/disease-outbreak-news/item/2009_07_03-en
2021-06-04,Swine-origin influenza,livestock,,https://www.who.int/emergencies/disease-outbreak-news/item/2009_07_06-en
2021-06-04,Swine-origin influenza,livestock,,https://www.who.int/emergencies/disease-outbreak-news/item/2009_07_27-en
2021-06-04,Swine-origin influenza,livestock,,https://www.who.int/emergencies/disease-outbreak-news/item/2009_08_04-en
2021-06-04,Swine-origin influenza,livestock,,https://www.who.int/emergencies/disease-outbreak-news/item/2009_08_12-en
2021-06-04,Swine-origin influenza,livestock,,https://www.who.int/emergencies/disease-outbreak-news/item/2009_08_21-en
2021-06-04,Swine-origin influenza,livestock,,https://www.who.int/emergencies/disease-outbreak-news/item/2009_08_28-en
2021-06-04,Swine-origin influenza,livestock,,https://www.who.int/emergencies/disease-outbreak-news/item/2009_09_04-en
2021-06-04,Swine-origin influenza,livestock,,https://www.who.int/emergencies/disease-outbreak-news/item/2009_09_11-en
2021-06-04,Swine-origin influenza,livestock,,https://www.who.int/emergencies/disease-outbreak-news/item/2009_09_18-en
2021-06-04,Swine-origin influenza,livestock,,https://www.who.int/emergencies/disease-outbreak-news/item/2009_09_25-en
2021-06-04,Swine-origin influenza,livestock,,https://www.who.int/emergencies/disease-outbreak-news/item/2009_10_02-en
2021-06-04,Swine-origin influenza,livestock,,https://www.who.int/emergencies/disease-outbreak-news/item/2009_10_09-en
2021-06-04,Swine-origin influenza,livestock,,https://www.who.int/emergencies/disease-outbreak-news/item/2009_10_16-en
2021-06-04,Swine-origin influenza,livestock,,https://www.who.int/emergencies/disease-outbreak-news/item/2009_10_23-en
2021-06-04,Swine-origin influenza,livestock,,https://www.who.int/emergencies/disease-outbreak-news/item/2009_11_06-en
2021-06-04,Swine-origin influenza,livestock,,https://www.who.int/emergencies/disease-outbreak-news/item/2009_11_13-en
2021-06-04,Swine-origin influenza,livestock,,https://www.who.int/emergencies/disease-outbreak-news/item/2009_11_20a-en
2021-06-04,Swine-origin influenza,livestock,,https://www.who.int/emergencies/disease-outbreak-news/item/2009_11_27a-en
2021-06-04,Swine-origin influenza,livestock,,https://www.who.int/emergencies/disease-outbreak-news/item/2009_12_04-en
2021-06-04,Swine-origin influenza,livestock,,https://www.who.int/emergencies/disease-outbreak-news/item/2009_12_11a-en
2021-06-04,Swine-origin influenza,livestock,,https://www.who.int/emergencies/disease-outbreak-news/item/2009_12_18a-en
2021-06-04,Swine-origin influenza,livestock,,https://www.who.int/emergencies/disease-outbreak-news/item/2009_12_23-en
2021-06-04,Swine-origin influenza,livestock,,https://www.who.int/emergencies/disease-outbreak-news/item/2009_12_30-en
2021-06-04,Swine-origin influenza,livestock,,https://www.who.int/emergencies/disease-outbreak-news/item/2010_01_15-en
2021-06-04,Swine-origin influenza,livestock,,https://www.who.int/emergencies/disease-outbreak-news/item/2010_01_22-en
2021-06-04,Swine-origin influenza,livestock,,https://www.who.int/emergencies/disease-outbreak-news/item/2010_01_29-en
2021-06-04,Swine-origin influenza,livestock,,https://www.who.int/emergencies/disease-outbreak-news/item/2010_02_5-en
2021-06-04,Swine-origin influenza,livestock,,https://www.who.int/emergencies/disease-outbreak-news/item/2010_02_19-en
2021-06-04,Swine-origin influenza,livestock,,https://www.who.int/emergencies/disease-outbreak-news/item/2010_02_26-en
2021-06-04,Swine-origin influenza,livestock,,https://www.who.int/emergencies/disease-outbreak-news/item/2010_03_05-en
2021-06-04,Swine-origin influenza,livestock,,https://www.who.int/emergencies/disease-outbreak-news/item/2010_03_12-en
2021-06-04,Swine-origin influenza,livestock,,https://www.who.int/emergencies/disease-outbreak-news/item/2010_03_19-en
2021-06-04,Swine-origin influenza,livestock,,https://www.who.int/emergencies/disease-outbreak-news/item/2010_03_26-en
2021-06-04,Swine-origin influenza,livestock,,https://www.who.int/emergencies/disease-outbreak-news/item/2010_04_09-en
2021-06-04,Swine-origin influenza,livestock,,https://www.who.int/emergencies/disease-outbreak-news/item/2010_04_16-en
2021-06-04,Swine-origin influenza,livestock,,https://www.who.int/emergencies/disease-outbreak-news/item/2010_04_23a-en
2021-06-04,Swine-origin influenza,livestock,,https://www.who.int/emergencies/disease-outbreak-news/item/2010_04_30a-en
2021-06-04,Swine-origin influenza,livestock,,https://www.who.int/emergencies/disease-outbreak-news/item/2010_05_07-en
2021-06-04,Swine-origin influenza,livestock,,https://www.who.int/emergencies/disease-outbreak-news/item/2010_05_14-en
2021-06-04,Swine-origin influenza,livestock,,https://www.who.int/emergencies/disease-outbreak-news/item/2010_05_21-en
2021-06-04,Swine-origin influenza,livestock,,https://www.who.int/emergencies/disease-outbreak-news/item/2010_05_28-en
2021-06-04,Swine-origin influenza,livestock,,https://www.who.int/emergencies/disease-outbreak-news/item/2010_06_04-en
2021-06-04,Swine-origin influenza,livestock,,https://www.who.int/emergencies/disease-outbreak-news/item/2010_06_11-en
2021-06-04,Swine-origin influenza,livestock,,https://www.who.int/emergencies/disease-outbreak-news/item/2010_06_18-en
2021-06-04,Swine-origin influenza,livestock,,https://www.who.int/emergencies/disease-outbreak-news/item/2010_06_25-en
2021-06-04,Swine-origin influenza,livestock,,https://www.who.int/emergencies/disease-outbreak-news/item/2010_07_09-en
2021-06-04,Swine-origin influenza,livestock,,https://www.who.int/emergencies/disease-outbreak-news/item/2010_07_16-en
2021-06-04,Swine-origin influenza,livestock,,https://www.who.int/emergencies/disease-outbreak-news/item/2010_07_23a-en
2021-06-04,Swine-origin influenza,livestock,,https://www.who.int/emergencies/disease-outbreak-news/item/2010_07_30-en
2021-06-04,Swine-origin influenza,livestock,,https://www.who.int/emergencies/disease-outbreak-news/item/2010_08_06-en
2021-06-04,Avian influenza,birds,EG,https://www.who.int/emergencies/disease-outbreak-news/item/2011_11_29-en
2021-06-04,Avian influenza,birds,EG,https://www.who.int/emergencies/disease-outbreak-news/item/2011_12_15-en
2021-06-04,Avian influenza,birds,EG,https://www.who.int/emergencies/disease-outbreak-news/item/2011_12_21-en
2021-06-03,Ebola and Sudan virus disease,wildlife,UG,https://www.who.int/emergencies/disease-outbreak-news/item/2012_08_17-en
2021-06-03,MERS,livestock,,https://www.who.int/emergencies/disease-outbreak-news/item/2013_07_19-en
2021-06-03,MERS,livestock,,https://www.who.int/emergencies/disease-outbreak-news/item/2013_11_07-en
2021-06-03,MERS,livestock,,https://www.who.int/emergencies/disease-outbreak-news/item/2013_11_18-en
2021-06-03,Avian influenza,birds,,https://www.who.int/emergencies/disease-outbreak-news/item/2014_01_10_h7n9-en
2021-06-03,MERS,livestock,,https://www.who.int/emergencies/disease-outbreak-news/item/2014_01_27mers-en
2021-06-03,Ebola and Sudan virus disease,wildlife,GN,https://www.who.int/emergencies/disease-outbreak-news/item/2014_03_23_ebola-en
2021-06-03,Ebola and Sudan virus disease,wildlife,GN,https://www.who.int/emergencies/disease-outbreak-news/item/2014_03_24_ebola-en
2021-06-03,Ebola and Sudan virus disease,wildlife,GN,https://www.who.int/emergencies/disease-outbreak-news/item/2014_03_25_ebola-en
2021-06-03,MERS,livestock,,https://www.who.int/emergencies/disease-outbreak-news/item/2014_05_14_mers-en
2021-06-03,MERS,livestock,SA,https://www.who.int/emergencies/disease-outbreak-news/item/19-december-2017-mers-saudi-arabia-en
2021-06-03,Mpox,wildlife,NG,https://www.who.int/emergencies/disease-outbreak-news/item/21-december-2017-monkeypox-nigeria-en
2021-06-03,Yellow fever,vector,NG,https://www.who.int/emergencies/disease-outbreak-news/item/22-december-2017-yellow-fever-nigeria-en
2021-06-03,MERS,livestock,AE,https://www.who.int/emergencies/disease-outbreak-news/item/22-december-2017-mers-cov-united-arab-emirates-en
2021-06-03,MERS,livestock,MY,https://www.who.int/emergencies/disease-outbreak-news/item/08-january-2018-mers-cov-malaysia-en
2021-06-03,Yellow fever,vector,BR,https://www.who.int/emergencies/disease-outbreak-news/item/22-january-2018-yellow-fever-brazil-en
2021-06-03,MERS,livestock,SA,https://www.who.int/emergencies/disease-outbreak-news/item/26-january-2018-mers-saudi-arabia-en
2021-06-03,Lassa fever,wildlife,LR,https://www.who.int/emergencies/disease-outbreak-news/item/22-february-2018-lassa-fever-liberia-en
2021-06-03,Rift Valley fever,livestock,GM,https://www.who.int/emergencies/disease-outbreak-news/item/26-february-2018-rift-valley-fever-gambia-en
2021-06-03,Yellow fever,vector,BR,https://www.who.int/emergencies/disease-outbreak-news/item/27-february-2018-yellow-fever-brazil-en
2021-06-03,Lassa fever,wildlife,NG,https://www.who.int/emergencies/disease-outbreak-news/item/01-march-2018-lassa-fever-nigeria-en
2021-06-03,Yellow fever,vector,BR,https://www.who.int/emergencies/disease-outbreak-news/item/09-march-2018-yellow-fever-brazil-en
2021-06-03,MERS,livestock,OM,https://www.who.int/emergencies/disease-outbreak-news/item/15-march-2018-mers-oman-en
2021-06-03,Lassa fever,wildlife,NG,https://www.who.int/emergencies/disease-outbreak-news/item/23-march-2018-lassa-fever-nigeria-en
2021-06-03,Lassa fever,wildlife,NG,https://www.who.int/emergencies/disease-outbreak-news/item/20-april-2018-lassa-fever-nigeria-en
2021-06-03,MERS,livestock,AE,https://www.who.int/emergencies/disease-outbreak-news/item/28-may-2018-mers-uae-en
2021-06-03,Nipah virus,wildlife,IN,https://www.who.int/emergencies/disease-outbreak-news/item/31-may-2018-nipah-virus-india-en
2021-06-03,Mpox,wildlife,CM,https://www.who.int/emergencies/disease-outbreak-news/item/05-june-2018-monkeypox-cameroon-en
2021-06-03,MERS,livestock,SA,https://www.who.int/emergencies/disease-outbreak-news/item/18-june-2018-mers-saudi-arabia-en
2021-06-03,Rift Valley fever,livestock,KE,https://www.who.int/emergencies/disease-outbreak-news/item/18-june-2018-rift-valley-fever-kenya-en
2021-06-03,Nipah virus,wildlife,IN,https://www.who.int/emergencies/disease-outbreak-news/item/07-august-2018-nipah-virus-india-en
2021-06-03,Yellow fever,vector,FR GF,https://www.who.int/emergencies/disease-outbreak-news/item/24-august-2018-yellow-fever-french-guiana-en
2021-06-03,MERS,livestock,GB IE,https://www.who.int/emergencies/disease-outbreak-news/item/31-august-2018-mers-united-kingdom-en
2021-06-03,Avian influenza,birds,CN,https://www.who.int/emergencies/disease-outbreak-news/item/05-september-2018-ah7n9-china-en
2021-06-03,Yellow fever,vector,CG,https://www.who.int/emergencies/disease-outbreak-news/item/7-september-2018-yellow-fever-congo-en
2021-06-03,MERS,livestock,KR,https://www.who.int/emergencies/disease-outbreak-news/item/12-september-2018-mers-republic-of-korea-en
2021-06-03,MERS,livestock,SA,https://www.who.int/emergencies/disease-outbreak-news/item/03-october-2018-mers-saudi-arabia-en
2021-06-03,Mpox,wildlife,NG,https://www.who.int/emergencies/disease-outbreak-news/item/05-october-2018-monkeypox-nigeria-en
2021-06-03,MERS,livestock,SA,https://www.who.int/emergencies/disease-outbreak-news/item/01-november-2018-mers-saudi-arabia-en
2021-06-03,MERS,livestock,SA,https://www.who.int/emergencies/disease-outbreak-news/item/20-november-2018-mers-saudi-arabia-en
2021-06-03,Yellow fever,vector,NL,https://www.who.int/emergencies/disease-outbreak-news/item/18-December-2018-yellowfever-netherlands-en
2021-06-03,MERS,livestock,SA,https://www.who.int/emergencies/disease-outbreak-news/item/28-december-2018-mers-saudi-arabia-en
2021-05-04,Ebola and Sudan virus disease,wildlife,CD,https://www.who.int/emergencies/disease-outbreak-news/item/2021-DON325
2021-04-30,Rift Valley fever,livestock,FR YT,https://www.who.int/emergencies/disease-outbreak-news/item/13-may-2019-rift-valley-fever-mayotte-france-en
2021-04-30,Ebola and Sudan virus disease,wildlife,CD,https://www.who.int/emergencies/disease-outbreak-news/item/16-may-2019-ebola-drc-en
2021-04-14,MERS,livestock,SA,https://www.who.int/emergencies/disease-outbreak-news/item/2021-DON317
2021-04-13,Swine-origin influenza,livestock,BR,https://www.who.int/emergencies/disease-outbreak-news/item/influenza-a(h1n2)-variant-virus-brazil
2021-03-17,MERS,livestock,AE,https://www.who.int/emergencies/disease-outbreak-news/item/2021-DON314
2021-03-08,Ebola and Sudan virus disease,wildlife,CD,https://www.who.int/emergencies/disease-outbreak-news/item/2020-DON277
2021-03-06,Ebola and Sudan virus disease,wildlife,CD,https://www.who.int/emergencies/disease-outbreak-news/item/2020-DON278
2021-03-06,Ebola and Sudan virus disease,wildlife,CD,https://www.who.int/emergencies/disease-outbreak-news/item/2020-DON281
2021-03-05,Ebola and Sudan virus disease,wildlife,CD,https://www.who.int/emergencies/disease-outbreak-news/item/2020-DON274
2021-03-05,Ebola and Sudan virus disease,wildlife,CD,https://www.who.int/emergencies/disease-outbreak-news/item/2020-DON275
2021-03-05,Yellow fever,vector,TG,https://www.who.int/emergencies/disease-outbreak-news/item/2020-DON279
2021-03-05,Yellow fever,vector,GA,https://www.who.int/emergencies/disease-outbreak-news/item/2020-DON282
2021-03-05,Ebola and Sudan virus disease,wildlife,CD,https://www.who.int/emergencies/disease-outbreak-news/item/2020-DON276
2021-03-05,Ebola and Sudan virus disease,wildlife,CD,https://www.who.int/emergencies/disease-outbreak-news/item/2020-DON283
2021-03-05,Ebola and Sudan virus disease,wildlife,CD,https://www.who.int/emergencies/disease-outbreak-news/item/2020-DON284
2021-03-05,Yellow fever,vector,NG,https://www.who.int/emergencies/disease-outbreak-news/item/2020-DON299
2021-03-05,MERS,livestock,SA,https://www.who.int/emergencies/disease-outbreak-news/item/2020-DON285
2021-03-04,Mpox,wildlife,CD,https://www.who.int/emergencies/disease-outbreak-news/item/monkeypox-democratic-republic-of-the-congo
2021-03-04,Oropouche fever,vector,FR GF,https://www.who.int/emergencies/disease-outbreak-news/item/oropouche-virus-disease---french-guiana-france
2021-03-04,Rift Valley fever,livestock,MR,https://www.who.int/emergencies/disease-outbreak-news/item/rift-valley-fever-mauritania
2021-03-04,Avian influenza,birds,LA,https://www.who.int/emergencies/disease-outbreak-news/item/avian-influenza-a(h5n1)--lao-people-s-democratic-republic
2021-03-04,Ebola and Sudan virus disease,wildlife,CD,https://www.who.int/emergencies/disease-outbreak-news/item/ebola-virus-disease-democratic-republic-of-the-congo-draft
2021-03-04,Swine-origin influenza,livestock,US,https://www.who.int/emergencies/disease-outbreak-news/item/2021-DON309
2021-03-04,Yellow fever,vector,GN,https://www.who.int/emergencies/disease-outbreak-news/item/2020-DON302
2021-03-04,Ebola and Sudan virus disease,wildlife,CD,https://www.who.int/emergencies/disease-outbreak-news/item/2020-DON260
2021-03-04,Yellow fever,vector,SN,https://www.who.int/emergencies/disease-outbreak-news/item/2020-DON303
2021-03-04,Swine-origin influenza,livestock,BR,https://www.who.int/emergencies/disease-outbreak-news/item/2021-DON306
2021-03-04,MERS,livestock,SA,https://www.who.int/emergencies/disease-outbreak-news/item/2021-DON308
2021-03-04,MERS,livestock,SA,https://www.who.int/emergencies/disease-outbreak-news/item/2020-DON261
2021-03-04,Ebola and Sudan virus disease,wildlife,CD,https://www.who.int/emergencies/disease-outbreak-news/item/2020-DON266
2021-03-04,Ebola and Sudan virus disease,wildlife,CD,https://www.who.int/emergencies/disease-outbreak-news/item/2021-DON310
2021-03-04,Rift Valley fever,livestock,KE,https://www.who.int/emergencies/disease-outbreak-news/item/2021-DON311
2021-03-04,Ebola and Sudan virus disease,wildlife,CD,https://www.who.int/emergencies/disease-outbreak-news/item/2020-DON243
2021-03-04,MERS,livestock,AE,https://www.who.int/emergencies/disease-outbreak-news/item/2020-DON239
2021-03-04,MERS,livestock,AE,https://www.who.int/emergencies/disease-outbreak-news/item/2020-DON231
2021-03-04,Ebola and Sudan virus disease,wildlife,CD,https://www.who.int/emergencies/disease-outbreak-news/item/2020-DON259
2021-03-04,Ebola and Sudan virus disease,wildlife,CD,https://www.who.int/emergencies/disease-outbreak-news/item/2020-DON242
2021-03-04,Ebola and Sudan virus disease,wildlife,CD,https://www.who.int/emergencies/disease-outbreak-news/item/2020-DON258
2021-03-04,MERS,livestock,QA,https://www.who.int/emergencies/disease-outbreak-news/item/2020-DON254
2021-03-04,Ebola and Sudan virus disease,wildlife,CD,https://www.who.int/emergencies/disease-outbreak-news/item/2020-DON255
2021-03-04,Ebola and Sudan virus disease,wildlife,CD,https://www.who.int/emergencies/disease-outbreak-news/item/2020-DON253
2021-03-04,Ebola and Sudan virus disease,wildlife,CD,https://www.who.int/emergencies/disease-outbreak-news/item/2020-DON268
2021-03-04,Ebola and Sudan virus disease,wildlife,GN,https://www.who.int/emergencies/disease-outbreak-news/item/2021-DON312
2021-03-04,Ebola and Sudan virus disease,wildlife,CD,https://www.who.int/emergencies/disease-outbreak-news/item/2020-DON252
2021-03-04,MERS,livestock,SA,https://www.who.int/emergencies/disease-outbreak-news/item/2020-DON247
2021-03-04,Yellow fever,vector,SS,https://www.who.int/emergencies/disease-outbreak-news/item/2020-DON262
2021-03-04,Yellow fever,vector,ET,https://www.who.int/emergencies/disease-outbreak-news/item/2020-DON263
2021-03-04,Ebola and Sudan virus disease,wildlife,CD,https://www.who.int/emergencies/disease-outbreak-news/item/2020-DON248
2021-03-04,Lassa fever,wildlife,NG,https://www.who.int/emergencies/disease-outbreak-news/item/2020-DON245
2021-03-04,Ebola and Sudan virus disease,wildlife,CD,https://www.who.int/emergencies/disease-outbreak-news/item/2020-DON244
2021-03-04,COVID-19,wildlife,CN TH,https://www.who.int/emergencies/disease-outbreak-news/item/2020-DON234
2021-03-04,SARS,wildlife,GB IE,https://www.who.int/emergencies/disease-outbreak-news/item/2020-DON304
2021-03-04,COVID-19,wildlife,JP,https://www.who.int/emergencies/disease-outbreak-news/item/2020-DON236
2021-03-04,COVID-19,wildlife,CN JP,https://www.who.int/emergencies/disease-outbreak-news/item/2020-DON237
2021-03-03,Ebola and Sudan virus disease,wildlife,CD,https://www.who.int/emergencies/disease-outbreak-news/item/2020-DON230
2021-03-03,Ebola and Sudan virus disease,wildlife,CD,https://www.who.int/emergencies/disease-outbreak-news/item/2020-DON269
2021-03-03,Ebola and Sudan virus disease,wildlife,CD,https://www.who.int/emergencies/disease-outbreak-news/item/2020-DON271
2021-03-03,MERS,livestock,SA,https://www.who.int/emergencies/disease-outbreak-news/item/2020-DON270
2021-03-03,Ebola and Sudan virus disease,wildlife,CD,https://www.who.int/emergencies/disease-outbreak-news/item/2020-DON272
2021-03-03,Ebola and Sudan virus disease,wildlife,CD,https://www.who.int/emergencies/disease-outbreak-news/item/2020-DON228
2021-03-03,COVID-19,wildlife,CN,https://www.who.int/emergencies/disease-outbreak-news/item/2020-DON233
2021-03-03,Ebola and Sudan virus disease,wildlife,CD,https://www.who.int/emergencies/disease-outbreak-news/item/2020-DON241
2021-03-01,Ebola and Sudan virus disease,wildlife,CD,https://www.who.int/emergencies/disease-outbreak-news/item/ebola-virus-disease-democratic-republic-of-the-congo
2021-03-01,Plague,wildlife,CD,https://www.who.int/emergencies/disease-outbreak-news/item/plague-democratic-republic-of-the-congo
2021-03-01,Yellow fever,vector,FR GF,https://www.who.int/emergencies/disease-outbreak-news/item/2020-DON288
2021-02-17,Yellow fever,vector,UG,https://www.who.int/emergencies/disease-outbreak-news/item/2020-DON249
2021-01-27,SARS,wildlife,,https://www.who.int/emergencies/disease-outbreak-news/item/2020-DON305
2021-01-27,SARS,wildlife,DK,https://www.who.int/emergencies/disease-outbreak-news/item/2020-DON301
2019-06-13,Ebola and Sudan virus disease,wildlife,UG,https://www.who.int/emergencies/disease-outbreak-news/item/13-june-2019-ebola-uganda-en
2019-06-13,Ebola and Sudan virus disease,wildlife,CD,https://www.who.int/emergencies/disease-outbreak-news/item/13-june-2019-ebola-drc-en
2019-06-06,Ebola and Sudan virus disease,wildlife,CD,https://www.who.int/emergencies/disease-outbreak-news/item/06-june-2019-ebola-drc-en
2019-05-30,Ebola and Sudan virus disease,wildlife,CD,https://www.who.int/emergencies/disease-outbreak-news/item/30-may-2019-ebola-drc-en
2019-05-23,Ebola and Sudan virus disease,wildlife,CD,https://www.who.int/emergencies/disease-outbreak-news/item/23-may-2019-ebola-drc-en
2019-05-17,MERS,livestock,SA,https://www.who.int/emergencies/disease-outbreak-news/item/17-may-2019-mers-saudi-arabia-en
2019-05-09,MERS,livestock,SA,https://www.who.int/emergencies/disease-outbreak-news/item/2019-DON152
2019-05-09,Ebola and Sudan virus disease,wildlife,CD,https://www.who.int/emergencies/disease-outbreak-news/item/2019-DON169
2019-05-02,Ebola and Sudan virus disease,wildlife,CD,https://www.who.int/emergencies/disease-outbreak-news/item/2019-DON151
2019-04-25,Ebola and Sudan virus disease,wildlife,CD,https://www.who.int/emergencies/disease-outbreak-news/item/2019-DON149
2019-04-24,MERS,livestock,SA,https://www.who.int/emergencies/disease-outbreak-news/item/2019-DON145
2019-04-18,Yellow fever,vector,BR,https://www.who.int/emergencies/disease-outbreak-news/item/18-april-2019-yellow-fever-brazil-en
2019-04-18,Ebola and Sudan virus disease,wildlife,CD,https://www.who.int/emergencies/disease-outbreak-news/item/2019-DON147
2019-04-11,Ebola and Sudan virus disease,wildlife,CD,https://www.who.int/emergencies/disease-outbreak-news/item/11-april-2019-ebola-drc-en
2019-04-04,Ebola and Sudan virus disease,wildlife,CD,https://www.who.int/emergencies/disease-outbreak-news/item/2019-DON142
2019-03-29,MERS,livestock,SA,https://www.who.int/emergencies/disease-outbreak-news/item/2019-DON139
2019-03-28,Ebola and Sudan virus disease,wildlife,CD,https://www.who.int/emergencies/disease-outbreak-news/item/2019-DON141
2019-03-21,Ebola and Sudan virus disease,wildlife,CD,https://www.who.int/emergencies/disease-outbreak-news/item/2019-DON138
2019-03-14,Ebola and Sudan virus disease,wildlife,CD,https://www.who.int/emergencies/disease-outbreak-news/item/2019-DON137
2019-03-07,Ebola and Sudan virus disease,wildlife,CD,https://www.who.int/emergencies/disease-outbreak-news/item/2019-DON136
2019-03-04,MERS,livestock,OM,https://www.who.int/emergencies/disease-outbreak-news/item/04-march-2019-mers-oman-en
2019-02-28,Ebola and Sudan virus disease,wildlife,CD,https://www.who.int/emergencies/disease-outbreak-news/item/2019-DON134
2019-02-26,MERS,livestock,SA,https://www.who.int/emergencies/disease-outbreak-news/item/2019-DON132
2019-02-21,Ebola and Sudan virus disease,wildlife,CD,https://www.who.int/emergencies/disease-outbreak-news/item/2019-DON131
2019-02-15,MERS,livestock,SA,https://www.who.int/emergencies/disease-outbreak-news/item/2019-DON170
2019-02-14,Lassa fever,wildlife,NG,https://www.who.int/emergencies/disease-outbreak-news/item/14-february-2019-lassa-fever-nigeria-en
2019-02-14,Ebola and Sudan virus disease,wildlife,CD,https://www.who.int/emergencies/disease-outbreak-news/item/2019-DON168
2019-02-11,MERS,livestock,OM,https://www.who.int/emergencies/disease-outbreak-news/item/11-february-2019-mers-oman-en
2019-02-11,Yellow fever,vector,BR,https://www.who.int/emergencies/disease-outbreak-news/item/11-february-2019-yellow-fever-brazil-en
2019-02-07,Ebola and Sudan virus disease,wildlife,CD,https://www.who.int/emergencies/disease-outbreak-news/item/2019-DON128
2019-01-31,Ebola and Sudan virus disease,wildlife,CD,https://www.who.int/emergencies/disease-outbreak-news/item/2019-DON125
2019-01-24,Ebola and Sudan virus disease,wildlife,CD,https://www.who.int/emergencies/disease-outbreak-news/item/2019-DON121
2019-01-23,Hantavirus,wildlife,AR,https://www.who.int/emergencies/disease-outbreak-news/item/23-January-2019-hantavirus-argentina-en
2019-01-17,Ebola and Sudan virus disease,wildlife,CD,https://www.who.int/emergencies/disease-outbreak-news/item/2019-DON119
2019-01-16,MERS,livestock,SA,https://www.who.int/emergencies/disease-outbreak-news/item/2019-DON999
2019-01-10,Ebola and Sudan virus disease,wildlife,CD,https://www.who.int/emergencies/disease-outbreak-news/item/2019-DON114
2019-01-09,Yellow fever,vector,NG,https://www.who.int/emergencies/disease-outbreak-news/item/09-january-2019-yellow-fever-nigeria-en
2019-01-04,Ebola and Sudan virus disease,wildlife,CD,https://www.who.int/emergencies/disease-outbreak-news/item/2019-DON113
2019-01-04,Hantavirus,wildlife,PA,https://www.who.int/emergencies/disease-outbreak-news/item/04-January-2019-hantavirus-panama-en
2018-12-28,Ebola and Sudan virus disease,wildlife,CD,https://www.who.int/emergencies/disease-outbreak-news/item/28-december-2018-ebola-drc-en
2018-12-20,Ebola and Sudan virus disease,wildlife,CD,https://www.who.int/emergencies/disease-outbreak-news/item/20-december-2018-ebola-drc-en
2018-12-13,Ebola and Sudan virus disease,wildlife,CD,https://www.who.int/emergencies/disease-outbreak-news/item/13-December-2018-ebola-drc-en
2018-12-06,Ebola and Sudan virus disease,wildlife,CD,https://www.who.int/emergencies/disease-outbreak-news/item/06-December-2018-ebola-drc-en
2018-11-29,Ebola and Sudan virus disease,wildlife,CD,https://www.who.int/emergencies/disease-outbreak-news/item/29-november-2018-ebola-drc-en
2018-11-22,Ebola and Sudan virus disease,wildlife,CD,https://www.who.int/emergencies/disease-outbreak-news/item/22-november-2018-ebola-drc-en
2018-11-15,Ebola and Sudan virus disease,wildlife,CD,https://www.who.int/emergencies/disease-outbreak-news/item/15-november-2018-ebola-drc-en
2018-11-08,Ebola and Sudan virus disease,wildlife,CD,https://www.who.int/emergencies/disease-outbreak-news/item/08-november-2018-ebola-drc-en
2018-11-01,Ebola and Sudan virus disease,wildlife,CD,https://www.who.int/emergencies/disease-outbreak-news/item/01-november-2018-ebola-drc-en
2018-10-25,Ebola and Sudan virus disease,wildlife,CD,https://www.who.int/emergencies/disease-outbreak-news/item/25-october-2018-ebola-drc-en
2018-10-18,Ebola and Sudan virus disease,wildlife,CD,https://www.who.int/emergencies/disease-outbreak-news/item/18-october-2018-ebola-drc-en
2018-10-11,Ebola and Sudan virus disease,wildlife,CD,https://www.who.int/emergencies/disease-outbreak-news/item/11-october-2018-ebola-drc-en
2018-10-04,Ebola and Sudan virus disease,wildlife,CD,https://www.who.int/emergencies/disease-outbreak-news/item/04-october-2018-ebola-drc-en
2018-09-27,Ebola and Sudan virus disease,wildlife,CD,https://www.who.int/emergencies/disease-outbreak-news/item/27-september-2018-ebola-drc-en
2018-09-20,Ebola and Sudan virus disease,wildlife,CD,https://www.who.int/emergencies/disease-outbreak-news/item/20-september-2018-ebola-drc-en
2018-09-14,Ebola and Sudan virus disease,wildlife,CD,https://www.who.int/emergencies/disease-outbreak-news/item/14-september-2018-ebola-drc-en
2018-09-07,Ebola and Sudan virus disease,wildlife,CD,https://www.who.int/emergencies/disease-outbreak-news/item/7-september-2018-ebola-drc-en
2018-08-31,Ebola and Sudan virus disease,wildlife,CD,https://www.who.int/emergencies/disease-outbreak-news/item/31-august-2018-ebola-drc-en
2018-08-24,Ebola and Sudan virus disease,wildlife,CD,https://www.who.int/emergencies/disease-outbreak-news/item/24-august-2018-ebola-drc-en
2018-08-17,Ebola and Sudan virus disease,wildlife,CD,https://www.who.int/emergencies/disease-outbreak-news/item/17-august-2018-ebola-drc-en
2018-08-14,Ebola and Sudan virus disease,wildlife,CD,https://www.who.int/emergencies/disease-outbreak-news/item/14-august-2018-ebola-drc-en
2018-08-09,Ebola and Sudan virus disease,wildlife,CD,https://www.who.int/emergencies/disease-outbreak-news/item/9-august-2018-ebola-drc-en
2018-08-04,Ebola and Sudan virus disease,wildlife,CD,https://www.who.int/emergencies/disease-outbreak-news/item/4-august-2018-ebola-drc-en
2018-07-25,Ebola and Sudan virus disease,wildlife,CD,https://www.who.int/emergencies/disease-outbreak-news/item/25-july-2018-ebola-drc-en
2018-07-06,Ebola and Sudan virus disease,wildlife,CD,https://www.who.int/emergencies/disease-outbreak-news/item/06-july-2018-ebola-drc-en
2018-06-20,Ebola and Sudan virus disease,wildlife,CD,https://www.who.int/emergencies/disease-outbreak-news/item/20-june-2018-ebola-drc-en
2018-06-13,Ebola and Sudan virus disease,wildlife,CD,https://www.who.int/emergencies/disease-outbreak-news/item/13-june-2018-ebola-drc-en
2018-06-11,Ebola and Sudan virus disease,wildlife,CD,https://www.who.int/emergencies/disease-outbreak-news/item/11-june-2018-ebola-en
2018-06-06,Ebola and Sudan virus disease,wildlife,CD,https://www.who.int/emergencies/disease-outbreak-news/item/06-june-2018-ebola-drc-en
2018-06-05,Ebola and Sudan virus disease,wildlife,CD,https://www.who.int/emergencies/disease-outbreak-news/item/05-june-2018-ebola-drc-en
2018-05-30,Ebola and Sudan virus disease,wildlife,CD,https://www.who.int/emergencies/disease-outbreak-news/item/30-may-2018-ebola-drc-en
2018-05-23,Ebola and Sudan virus disease,wildlife,CD,https://www.who.int/emergencies/disease-outbreak-news/item/23-may-2018-ebola-drc-en
2018-05-21,Ebola and Sudan virus disease,wildlife,CD,https://www.who.int/emergencies/disease-outbreak-news/item/21-may-2018-ebola-drc-en
2018-05-17,Ebola and Sudan virus disease,wildlife,CD,https://www.who.int/emergencies/disease-outbreak-news/item/17-may-2018-ebola-drc-en
2018-05-14,Ebola and Sudan virus disease,wildlife,CD,https://www.who.int/emergencies/disease-outbreak-news/item/14-may-2018-ebola-drc-en
2018-05-10,Ebola and Sudan virus disease,wildlife,CD,https://www.who.int/emergencies/disease-outbreak-news/item/10-may-2018-ebola-drc-en
2017-11-27,Plague,wildlife,MG,https://www.who.int/emergencies/disease-outbreak-news/item/27-november-2017-plague-madagascar-en
2017-11-24,Yellow fever,vector,BR,https://www.who.int/emergencies/disease-outbreak-news/item/24-november-2017-yellow-fever-brazil-en
2017-11-15,Plague,wildlife,MG,https://www.who.int/emergencies/disease-outbreak-news/item/15-november-2017-plague-madagascar-en
2017-11-15,Marburg virus disease,wildlife,KE UG,https://www.who.int/emergencies/disease-outbreak-news/item/15-november-2017-marburg-uganda-kenya-en
2017-11-10,MERS,livestock,OM,https://www.who.int/emergencies/disease-outbreak-news/item/10-november-2017-mers-oman-en
2017-11-07,Marburg virus disease,wildlife,KE UG,https://www.who.int/emergencies/disease-outbreak-news/item/7-november-2017-marburg-en
2017-11-07,MERS,livestock,SA,https://www.who.int/emergencies/disease-outbreak-news/item/7-november-2017-mers-saudi-arabia-en
2017-11-02,Plague,wildlife,MG,https://www.who.int/emergencies/disease-outbreak-news/item/02-november-2017-plague-madagascar-en
2017-10-26,Plague,wildlife,SC,https://www.who.int/emergencies/disease-outbreak-news/item/26-october-2017-plague-seychelles-en
2017-10-26,Avian influenza,birds,CN,https://www.who.int/emergencies/disease-outbreak-news/item/26-october-2017-ah7n9-china-en
2017-10-25,Marburg virus disease,wildlife,UG,https://www.who.int/emergencies/disease-outbreak-news/item/25-october-2017-marburg-uganda-en
2017-10-15,Plague,wildlife,SC,https://www.who.int/emergencies/disease-outbreak-news/item/15-october-2017-plague-seychelles-en
2017-10-09,MERS,livestock,SA,https://www.who.int/emergencies/disease-outbreak-news/item/09-october-2017-mers-saudi-arabia-en
2017-10-02,Plague,wildlife,MG,https://www.who.int/emergencies/disease-outbreak-news/item/02-october-2017-plague-madagascar-en
2017-09-29,Plague,wildlife,MG,https://www.who.int/emergencies/disease-outbreak-news/item/29-september-2017-plague-madagascar-en
2017-09-21,MERS,livestock,AE,https://www.who.int/emergencies/disease-outbreak-news/item/21-september-2017-mers-uae-en
2017-09-13,Avian influenza,birds,CN,https://www.who.int/emergencies/disease-outbreak-news/item/13-september-2017-ah7n9-china-en
2017-09-12,MERS,livestock,OM,https://www.who.int/emergencies/disease-outbreak-news/item/12-september-2017-mers-oman-en
2017-09-06,MERS,livestock,SA,https://www.who.int/emergencies/disease-outbreak-news/item/6-september-2017-mers-saudi-arabia-en
2017-09-05,Avian influenza,birds,CN,https://www.who.int/emergencies/disease-outbreak-news/item/5-september-2017-ah7n9-china-en
2017-08-30,Yellow fever,vector,FR GF,https://www.who.int/emergencies/disease-outbreak-news/item/30-august-2017-yellow-fever-french-guiana-en
2017-08-28,MERS,livestock,AE,https://www.who.int/emergencies/disease-outbreak-news/item/28-august-2017-mers-uae-en
2017-08-17,MERS,livestock,SA,https://www.who.int/emergencies/disease-outbreak-news/item/17-august-2017-mers-saudi-arabia-en
2017-08-07,Avian influenza,birds,CN,https://www.who.int/emergencies/disease-outbreak-news/item/07-august-2017-ah7n9-china-en
2017-07-19,Avian influenza,birds,CN,https://www.who.int/emergencies/disease-outbreak-news/item/19-july-2017-ah7n9-china-en
2017-07-06,MERS,livestock,SA,https://www.who.int/emergencies/disease-outbreak-news/item/06-july-2017-mers-saudi-arabia-en
2017-07-04,MERS,livestock,LB,https://www.who.int/emergencies/disease-outbreak-news/item/04-july-2017-mers-lebanon-en
2017-06-28,Lassa fever,wildlife,NG,https://www.who.int/emergencies/disease-outbreak-news/item/28-june-2017-lassa-fever-nigeria-en
2017-06-28,MERS,livestock,SA,https://www.who.int/emergencies/disease-outbreak-news/item/28-june-2017-mers-saudi-arabia-en
2017-06-28,Avian influenza,birds,CN,https://www.who.int/emergencies/disease-outbreak-news/item/28-june-2017-ah7n9-china-en
2017-06-19,MERS,livestock,SA,https://www.who.int/emergencies/disease-outbreak-news/item/19-june-2017-mers-saudi-arabia-en
2017-06-13,MERS,livestock,SA,https://www.who.int/emergencies/disease-outbreak-news/item/13-june-2017-mers-saudi-arabia-en
2017-06-08,Avian influenza,birds,CN,https://www.who.int/emergencies/disease-outbreak-news/item/08-june-2017-ah7n9-china-en
2017-06-06,MERS,livestock,AE QA SA,https://www.who.int/emergencies/disease-outbreak-news/item/06-june-2017-mers-en
2017-05-23,Avian influenza,birds,CN,https://www.who.int/emergencies/disease-outbreak-news/item/23-may-2017-ah7n9-china-en
2017-05-18,Avian influenza,birds,CN,https://www.who.int/emergencies/disease-outbreak-news/item/18-may-2017-ah7n9-china-en
2017-05-13,Ebola and Sudan virus disease,wildlife,CD,https://www.who.int/emergencies/disease-outbreak-news/item/13-may-2017-ebola-drc-en
2017-05-09,Avian influenza,birds,CN,https://www.who.int/emergencies/disease-outbreak-news/item/09-may-2017-ah7n9-china-en
2017-05-01,Avian influenza,birds,CN,https://www.who.int/emergencies/disease-outbreak-news/item/01-may-2017-ah7n9-china-en
2017-04-27,MERS,livestock,QA SA,https://www.who.int/emergencies/disease-outbreak-news/item/27-april-2017-mers-saudi-arabia-and-qatar-en
2017-04-24,MERS,livestock,AE,https://www.who.int/emergencies/disease-outbreak-news/item/24-april-2017-mers-uae-en
2017-04-20,Avian influenza,birds,CN,https://www.who.int/emergencies/disease-outbreak-news/item/20-april-2017-ah7n9-china-en
2017-04-18,Avian influenza,birds,CN,https://www.who.int/emergencies/disease-outbreak-news/item/18-april-2017-ah7n9-china-en
2017-04-05,Avian influenza,birds,CN,https://www.who.int/emergencies/disease-outbreak-news/item/05-april-2017-ah7n9-china-en
2017-04-04,MERS,livestock,QA,https://www.who.int/emergencies/disease-outbreak-news/item/04-april-2017-mers-qatar-en
2017-04-04,Yellow fever,vector,BR,https://www.who.int/emergencies/disease-outbreak-news/item/04-april-2017-yellow-fever-brazil-en
2017-04-03,MERS,livestock,SA,https://www.who.int/emergencies/disease-outbreak-news/item/03-april-2017-mers-saudi-arabia-en
2017-04-03,Avian influenza,birds,CN,https://www.who.int/emergencies/disease-outbreak-news/item/03-april-2017-ah7n9-china-en
2017-03-28,Yellow fever,vector,SR,https://www.who.int/emergencies/disease-outbreak-news/item/28-march-2017-yellow-fever-suriname-en
2017-03-23,Avian influenza,birds,CN,https://www.who.int/emergencies/disease-outbreak-news/item/23-march-2017-ah7n9-china-en
2017-03-20,Yellow fever,vector,BR,https://www.who.int/emergencies/disease-outbreak-news/item/20-march-2017-yellow-fever-brazil-en
2017-03-16,Avian influenza,birds,CN,https://www.who.int/emergencies/disease-outbreak-news/item/16-march-2017-ah7n9-china-en
2017-03-15,Avian influenza,birds,CN,https://www.who.int/emergencies/disease-outbreak-news/item/15-march-2017-ah7n9-china-en
2017-03-10,MERS,livestock,SA,https://www.who.int/emergencies/disease-outbreak-news/item/10-march-2017-mers-saudi-arabia-en
2017-03-10,Lassa fever,wildlife,BF BJ TG,https://www.who.int/emergencies/disease-outbreak-news/item/10-march-2017-lassa-fever-benin-togo-burkina-faso-en
2017-03-06,Yellow fever,vector,BR,https://www.who.int/emergencies/disease-outbreak-news/item/06-march-2017-yellow-fever-brazil-en
2017-02-27,Avian influenza,birds,CN,https://www.who.int/emergencies/disease-outbreak-news/item/27-february-2017-ah7n9-china-en
2017-02-24,Yellow fever,vector,BR,https://www.who.int/emergencies/disease-outbreak-news/item/24-february-2017-yellow-fever-brazil-en
2017-02-22,Avian influenza,birds,CN,https://www.who.int/emergencies/disease-outbreak-news/item/22-february-2017-ah7n9-china-en
2017-02-20,Avian influenza,birds,CN,https://www.who.int/emergencies/disease-outbreak-news/item/20-february-2017-ah7n9-china-en
2017-02-10,MERS,livestock,SA,https://www.who.int/emergencies/disease-outbreak-news/item/10-february-2017-mers-saudi-arabia-en
2017-01-27,Yellow fever,vector,BR,https://www.who.int/emergencies/disease-outbreak-news/item/27-january-2017-yellow-fever-brazil-en
2017-01-26,MERS,livestock,SA,https://www.who.int/emergencies/disease-outbreak-news/item/26-january-2017-mers-saudi-arabia-en
2017-01-18,Avian influenza,birds,CN,https://www.who.int/emergencies/disease-outbreak-news/item/18-january-2017-ah7n9-china-en
2017-01-17,MERS,livestock,SA,https://www.who.int/emergencies/disease-outbreak-news/item/17-january-2017-mers-saudi-arabia-en
2017-01-17,Avian influenza,birds,CN,https://www.who.int/emergencies/disease-outbreak-news/item/17-january-2017-ah7n9-china-en
2017-01-13,Yellow fever,vector,BR,https://www.who.int/emergencies/disease-outbreak-news/item/13-january-2017-yellow-fever-brazil-en
2017-01-09,Plague,wildlife,MG,https://www.who.int/emergencies/disease-outbreak-news/item/09-january-2017-plague-mdg-en
2017-01-03,Avian influenza,birds,CN,https://www.who.int/emergencies/disease-outbreak-news/item/03-january-2017-ah7n9-china-en
2016-12-23,Avian influenza,birds,CN,https://www.who.int/emergencies/disease-outbreak-news/item/23-december-2016-ah7n9-china-en
2016-12-19,MERS,livestock,SA,https://www.who.int/emergencies/disease-outbreak-news/item/19-december-2016-2-mers-saudi-arabia-en
2016-12-19,MERS,livestock,SA,https://www.who.int/emergencies/disease-outbreak-news/item/19-december-2016-1-mers-saudi-arabia-en
2016-12-19,Avian influenza,birds,CN,https://www.who.int/emergencies/disease-outbreak-news/item/19-december-2016-2-ah7n9-china-en
2016-12-19,Avian influenza,birds,CN,https://www.who.int/emergencies/disease-outbreak-news/item/19-december-2016-1-ah7n9-china-en
2016-12-08,MERS,livestock,OM,https://www.who.int/emergencies/disease-outbreak-news/item/8-december-2016-mers-oman-en
2016-12-07,Avian influenza,birds,CN,https://www.who.int/emergencies/disease-outbreak-news/item/07-december-2016-ah5n6-china-en
2016-12-05,MERS,livestock,SA,https://www.who.int/emergencies/disease-outbreak-news/item/5-december-2016-mers-saudi-arabia-en
2016-11-28,MERS,livestock,SA,https://www.who.int/emergencies/disease-outbreak-news/item/28-november-2016-mers-saudi-arabia-en
2016-11-24,Rift Valley fever,livestock,NE,https://www.who.int/emergencies/disease-outbreak-news/item/24-november-2016-rift-valley-fever-niger-en
2016-11-17,Avian influenza,birds,CN,https://www.who.int/emergencies/disease-outbreak-news/item/17-november-2016-ah7n9-china-en
2016-11-11,MERS,livestock,SA,https://www.who.int/emergencies/disease-outbreak-news/item/11-november-2016-mers-saudi-arabia-en
2016-10-31,MERS,livestock,SA,https://www.who.int/emergencies/disease-outbreak-news/item/31-october-2016-mers-saudi-arabia-en
2016-10-13,Mpox,wildlife,CF,https://www.who.int/emergencies/disease-outbreak-news/item/13-october-2016-monkeypox-caf-en
2016-09-29,Rift Valley fever,livestock,NE,https://www.who.int/emergencies/disease-outbreak-news/item/29-september-2016-rift-valley-fever-niger-en
2016-09-21,MERS,livestock,SA,https://www.who.int/emergencies/disease-outbreak-news/item/21-september-2016-mers-saudi-arabia-en
2016-09-20,MERS,livestock,AT,https://www.who.int/emergencies/disease-outbreak-news/item/20-september-2016-mers-austria-en
2016-09-16,MERS,livestock,SA,https://www.who.int/emergencies/disease-outbreak-news/item/16-september-2016-mers-saudi-arabia-en
2016-08-26,MERS,livestock,TH,https://www.who.int/emergencies/disease-outbreak-news/item/26-august-2016-mers-thailand-en
2016-08-17,Avian influenza,birds,CN,https://www.who.int/emergencies/disease-outbreak-news/item/17-august-2016-ah7n9-china-en
2016-08-02,Rift Valley fever,livestock,CN,https://www.who.int/emergencies/disease-outbreak-news/item/02-august-2016-rift-valley-fever-china-en
2016-07-25,MERS,livestock,SA,https://www.who.int/emergencies/disease-outbreak-news/item/25-july-2016-mers-saudi-arabia-en
2016-07-22,Avian influenza,birds,CN,https://www.who.int/emergencies/disease-outbreak-news/item/22-july-2016-ah7n9-china-en
2016-07-06,MERS,livestock,SA,https://www.who.int/emergencies/disease-outbreak-news/item/06-july-2016-mers-saudi-arabia-en
2016-07-01,Avian influenza,birds,CN,https://www.who.int/emergencies/disease-outbreak-news/item/01-july-2016-ah7n9-china-en
2016-06-29,MERS,livestock,QA,https://www.who.int/emergencies/disease-outbreak-news/item/29-june-2016-mers-qatar-en
2016-06-22,MERS,livestock,SA,https://www.who.int/emergencies/disease-outbreak-news/item/22-june-2016-mers-saudi-arabia-en
2016-06-21,MERS,livestock,AE,https://www.who.int/emergencies/disease-outbreak-news/item/21-june-2016-mers-uae-en
2016-06-21,MERS,livestock,SA,https://www.who.int/emergencies/disease-outbreak-news/item/21-june-2016-mers-saudi-arabia-en
2016-06-19,MERS,livestock,SA,https://www.who.int/emergencies/disease-outbreak-news/item/19-june-2016-mers-saudi-arabia-en
2016-06-14,Yellow fever,vector,AO,https://www.who.int/emergencies/disease-outbreak-news/item/14-june-2016-yellow-fever-angola-en
2016-06-13,Lassa fever,wildlife,BJ,https://www.who.int/emergencies/disease-outbreak-news/item/13-june-2016-lassa-fever-benin-en
2016-06-08,Avian influenza,birds,CN,https://www.who.int/emergencies/disease-outbreak-news/item/08-june-2016-ah5n6-china-en
2016-06-03,Oropouche fever,vector,PE,https://www.who.int/emergencies/disease-outbreak-news/item/03-june-2016-oropouche-peru-en
2016-06-02,Yellow fever,vector,CD,https://www.who.int/emergencies/disease-outbreak-news/item/02-june-2016-yellow-fever-drc-en
2016-05-27,Lassa fever,wildlife,NG,https://www.who.int/emergencies/disease-outbreak-news/item/27-may-2016-lassa-fever-nigeria-en
2016-05-18,Lassa fever,wildlife,LR,https://www.who.int/emergencies/disease-outbreak-news/item/18-may-2016-lassa-fever-liberia-en
2016-05-17,Avian influenza,birds,CN,https://www.who.int/emergencies/disease-outbreak-news/item/17-may-2016-ah7n9-china-en
2016-05-16,MERS,livestock,QA,https://www.who.int/emergencies/disease-outbreak-news/item/16-may-2016-mers-qatar-en
2016-05-16,MERS,livestock,SA,https://www.who.int/emergencies/disease-outbreak-news/item/16-may-2016-mers-saudi-arabia-en
2016-05-10,Avian influenza,birds,CN,https://www.who.int/emergencies/disease-outbreak-news/item/10-may-2016-ah5n6-china-en
2016-05-06,Avian influenza,birds,CN,https://www.who.int/emergencies/disease-outbreak-news/item/6-may-2016-ah5n6-china-en
2016-05-03,Avian influenza,birds,CN,https://www.who.int/emergencies/disease-outbreak-news/item/3-may-2016-ah7n9-china-en
2016-05-02,Yellow fever,vector,UG,https://www.who.int/emergencies/disease-outbreak-news/item/02-may-2016-yellow-fever-uganda-en
2016-05-02,Yellow fever,vector,CD,https://www.who.int/emergencies/disease-outbreak-news/item/02-may-2016-yellow-fever-drc-en
2016-04-27,Lassa fever,wildlife,DE,https://www.who.int/emergencies/disease-outbreak-news/item/27-april-2016-lassa-fever-germany-en
2016-04-26,MERS,livestock,SA,https://www.who.int/emergencies/disease-outbreak-news/item/26-april-2016-mers-saudi-arabia-en
2016-04-26,Avian influenza,birds,CN,https://www.who.int/emergencies/disease-outbreak-news/item/26-april-2016-avian-ah7n9-china-en
2016-04-25,MERS,livestock,BH,https://www.who.int/emergencies/disease-outbreak-news/item/25-april-2016-mers-bahrain-en
2016-04-22,Yellow fever,vector,CN,https://www.who.int/emergencies/disease-outbreak-news/item/22-april-2016-yellow-fever-china-en
2016-04-22,MERS,livestock,SA,https://www.who.int/emergencies/disease-outbreak-news/item/22-april-2016-mers-saudi-arabia-en
2016-04-14,MERS,livestock,SA,https://www.who.int/emergencies/disease-outbreak-news/item/14-april-2016-mers-saudi-arabia-en
2016-04-13,Yellow fever,vector,AO,https://www.who.int/emergencies/disease-outbreak-news/item/13-april-2016-yellow-fever-angola-en
2016-04-11,Yellow fever,vector,CD,https://www.who.int/emergencies/disease-outbreak-news/item/11-april-2016-yellow-fever-drc-en
2016-04-08,Lassa fever,wildlife,SE,https://www.who.int/emergencies/disease-outbreak-news/item/8-april-2016-lassa-fever-sweden-en
2016-04-06,Yellow fever,vector,KE,https://www.who.int/emergencies/disease-outbreak-news/item/6-april-2016-yellow-fever-kenya-en
2016-04-06,Yellow fever,vector,CN,https://www.who.int/emergencies/disease-outbreak-news/item/6-april-2016-yellow-fever-china-en
2016-03-29,Yellow fever,vector,CN,https://www.who.int/emergencies/disease-outbreak-news/item/29-march-2016-yellow-fever-china-en
2016-03-29,Avian influenza,birds,CN,https://www.who.int/emergencies/disease-outbreak-news/item/29-march-2016-avian-ah7n9-china-en
2016-03-23,Lassa fever,wildlife,DE,https://www.who.int/emergencies/disease-outbreak-news/item/23-march-2016-lassa-fever-germany-en
2016-03-23,Lassa fever,wildlife,TG,https://www.who.int/emergencies/disease-outbreak-news/item/23-march-2016-lassa-fever-togo-en
2016-03-23,Avian influenza,birds,CN,https://www.who.int/emergencies/disease-outbreak-news/item/23-march-2016-ah5n6-china-en
2016-03-23,Avian influenza,birds,CN,https://www.who.int/emergencies/disease-outbreak-news/item/23-march-2016-avian-ah7n9-china-en
2016-03-23,MERS,livestock,SA,https://www.who.int/emergencies/disease-outbreak-news/item/23-march-2016-mers-saudi-arabia-en
2016-03-22,Yellow fever,vector,AO,https://www.who.int/emergencies/disease-outbreak-news/item/22-march-2016-yellow-fever-angola-en
2016-03-21,MERS,livestock,SA,https://www.who.int/emergencies/disease-outbreak-news/item/21-march-2016-mers-saudi-arabia-en
2016-03-18,MERS,livestock,SA,https://www.who.int/emergencies/disease-outbreak-news/item/18-march-2016-mers-saudi-arabia-en
2016-03-16,MERS,livestock,SA,https://www.who.int/emergencies/disease-outbreak-news/item/16-march-2016-mers-saudi-arabia-en
2016-03-14,MERS,livestock,SA,https://www.who.int/emergencies/disease-outbreak-news/item/14-march-2016-mers-saudi-arabia-en
2016-03-10,MERS,livestock,SA,https://www.who.int/emergencies/disease-outbreak-news/item/10-march-2016-mers-saudi-arabia-en
2016-03-10,MERS,livestock,QA,https://www.who.int/emergencies/disease-outbreak-news/item/10-march-2016-mers-qatar-en
2016-02-29,MERS,livestock,SA,https://www.who.int/emergencies/disease-outbreak-news/item/29-february-2016-mers-saudi-arabia-en
2016-02-25,Avian influenza,birds,CN,https://www.who.int/emergencies/disease-outbreak-news/item/25-february-2016-avian-influenza-china-en
2016-02-19,Lassa fever,wildlife,BJ,https://www.who.int/emergencies/disease-outbreak-news/item/19-february-2016-lassa-fever-benin-en
2016-02-12,Yellow fever,vector,AO,https://www.who.int/emergencies/disease-outbreak-news/item/12-february-2016-yellow-fever-angola-en
2016-02-10,Avian influenza,birds,CN,https://www.who.int/emergencies/disease-outbreak-news/item/10-february-2016-avian-influenza-china-en
2016-02-02,MERS,livestock,SA,https://www.who.int/emergencies/disease-outbreak-news/item/2-february-2016-mers-saudi-arabia-en
2016-01-29,MERS,livestock,TH,https://www.who.int/emergencies/disease-outbreak-news/item/29-january-2016-mers-thailand-en
2016-01-27,Lassa fever,wildlife,NG,https://www.who.int/emergencies/disease-outbreak-news/item/27-january-2016-lassa-fever-nigeria-en
2016-01-26,MERS,livestock,AE,https://www.who.int/emergencies/disease-outbreak-news/item/26-january-2016-mers-are-en
2016-01-26,MERS,livestock,SA,https://www.who.int/emergencies/disease-outbreak-news/item/26-january-2016-mers-saudi-arabia-en
2016-01-26,Avian influenza,birds,CN,https://www.who.int/emergencies/disease-outbreak-news/item/26-january-2016-avian-influenza-china-en
2016-01-19,Avian influenza,birds,CN,https://www.who.int/emergencies/disease-outbreak-news/item/19-january-2016-avian-influenza-china-en
2016-01-11,Avian influenza,birds,CN,https://www.who.int/emergencies/disease-outbreak-news/item/11-january-2016-avian-influenza-china-en
2016-01-07,MERS,livestock,OM,https://www.who.int/emergencies/disease-outbreak-news/item/7-january-2016-mers-oman-en
2016-01-04,MERS,livestock,SA,https://www.who.int/emergencies/disease-outbreak-news/item/4-january-2016-mers-saudi-arabia-en
2016-01-04,Avian influenza,birds,CN,https://www.who.int/emergencies/disease-outbreak-news/item/4-january-2016-avian-influenza-china-en
2015-12-17,Avian influenza,birds,CN,https://www.who.int/emergencies/disease-outbreak-news/item/17-december-2015-avian-influenza-china-en
2015-12-04,MERS,livestock,SA,https://www.who.int/emergencies/disease-outbreak-news/item/4-december-2015-mers-saudi-arabia-en
2015-11-13,Avian influenza,birds,CN,https://www.who.int/emergencies/disease-outbreak-news/item/13-november-2015-avian-influenza-china-en
2015-11-13,MERS,livestock,SA,https://www.who.int/emergencies/disease-outbreak-news/item/13-november-2015-mers-saudi-arabia-en
2015-10-29,MERS,livestock,SA,https://www.who.int/emergencies/disease-outbreak-news/item/29-october-2015-mers-saudi-arabia-en
2015-10-25,MERS,livestock,KR,https://www.who.int/emergencies/disease-outbreak-news/item/25-october-2015-mers-korea-en
2015-10-22,MERS,livestock,SA,https://www.who.int/emergencies/disease-outbreak-news/item/22-october-2015-mers-saudi-arabia-en
2015-10-19,Avian influenza,birds,CN,https://www.who.int/emergencies/disease-outbreak-news/item/19-october-2015-avian-influenza-china-en
2015-10-12,MERS,livestock,SA,https://www.who.int/emergencies/disease-outbreak-news/item/12-october-2015-mers-saudi-arabia-en
2015-10-12,MERS,livestock,JO,https://www.who.int/emergencies/disease-outbreak-news/item/12-october-2015-mers-jordan-en
2015-10-01,MERS,livestock,JO,https://www.who.int/emergencies/disease-outbreak-news/item/01-october-2015-mers-jordan-en
2015-09-30,MERS,livestock,SA,https://www.who.int/emergencies/disease-outbreak-news/item/30-september-2015-mers-saudi-arabia-en
2015-09-27,MERS,livestock,SA,https://www.who.int/emergencies/disease-outbreak-news/item/27-september-2015-mers-saudi-arabia-en
2015-09-23,MERS,livestock,KW,https://www.who.int/emergencies/disease-outbreak-news/item/23-september-2015-mers-kuwait-en
2015-09-18,MERS,livestock,JO,https://www.who.int/emergencies/disease-outbreak-news/item/18-september-2015-mers-jordan-en
2015-09-17,West Nile fever,birds,PT,https://www.who.int/emergencies/disease-outbreak-news/item/17-september-2015-wnv-en
2015-09-17,MERS,livestock,SA,https://www.who.int/emergencies/disease-outbreak-news/item/17-september-2015-mers-saudi-arabia-en
2015-09-09,MERS,livestock,SA,https://www.who.int/emergencies/disease-outbreak-news/item/09-september-2015-mers-saudi-arabia-en
2015-09-08,MERS,livestock,SA,https://www.who.int/emergencies/disease-outbreak-news/item/08-september-2015-mers-saudi-arabia-en
2015-09-06,MERS,livestock,JO,https://www.who.int/emergencies/disease-outbreak-news/item/06-september-2015-mers-jordan-en
2015-09-06,Plague,wildlife,MG,https://www.who.int/emergencies/disease-outbreak-news/item/06-september-2015-plague-en
2015-09-02,MERS,livestock,SA,https://www.who.int/emergencies/disease-outbreak-news/item/02-september-2015-mers-saudi-arabia-en
2015-09-01,MERS,livestock,JO,https://www.who.int/emergencies/disease-outbreak-news/item/01-september-2015-mers-jordan-en
2015-08-27,MERS,livestock,SA,https://www.who.int/emergencies/disease-outbreak-news/item/27-august-2015-mers-saudi-arabia-en
2015-08-26,MERS,livestock,SA,https://www.who.int/emergencies/disease-outbreak-news/item/26-august-2015-mers-saudi-arabia-en
2015-08-21,MERS,livestock,SA,https://www.who.int/emergencies/disease-outbreak-news/item/21-august-2015-mers-saudi-arabia-en
2015-08-18,MERS,livestock,SA,https://www.who.int/emergencies/disease-outbreak-news/item/18-august-2015-mers-saudi-arabia-en
2015-08-12,MERS,livestock,SA,https://www.who.int/emergencies/disease-outbreak-news/item/12-august-2015-mers-saudi-arabia-en
2015-08-06,MERS,livestock,SA,https://www.who.int/emergencies/disease-outbreak-news/item/06-august-2015-mers-saudi-arabia-en
2015-07-29,MERS,livestock,SA,https://www.who.int/emergencies/disease-outbreak-news/item/29-july-2015-mers-saudi-arabia-en
2015-07-24,MERS,livestock,SA,https://www.who.int/emergencies/disease-outbreak-news/item/24-july-2015-mers-saudi-arabia-en
2015-07-21,MERS,livestock,KR,https://www.who.int/emergencies/disease-outbreak-news/item/21-july-2015-mers-korea-en
2015-07-18,Avian influenza,birds,CN,https://www.who.int/emergencies/disease-outbreak-news/item/18-july-2015-avian-influenza-china-en
2015-07-17,MERS,livestock,KR,https://www.who.int/emergencies/disease-outbreak-news/item/17-july-2015-mers-korea-en
2015-07-14,MERS,livestock,KR,https://www.who.int/emergencies/disease-outbreak-news/item/14-july-2015-mers-korea-en
2015-07-14,Avian influenza,birds,CN,https://www.who.int/emergencies/disease-outbreak-news/item/14-july-2015-avian-influenza-en
2015-07-10,MERS,livestock,TH,https://www.who.int/emergencies/disease-outbreak-news/item/10-july-2015-mers-thailand-en
2015-07-10,MERS,livestock,KR,https://www.who.int/emergencies/disease-outbreak-news/item/10-july-2015-mers-korea-en
2015-07-10,MERS,livestock,PH,https://www.who.int/emergencies/disease-outbreak-news/item/10-july-2015-mers-philippines-en
2015-07-08,MERS,livestock,PH,https://www.who.int/emergencies/disease-outbreak-news/item/08-july-2015-mers-philippines-en
2015-07-07,MERS,livestock,KR,https://www.who.int/emergencies/disease-outbreak-news/item/07-july-2015-mers-korea-en
2015-07-03,MERS,livestock,KR,https://www.who.int/emergencies/disease-outbreak-news/item/03-july-2015-mers-korea-en
2015-07-03,MERS,livestock,SA,https://www.who.int/emergencies/disease-outbreak-news/item/03-july-2015-mers-saudi-arabia-en
2015-06-30,MERS,livestock,KR,https://www.who.int/emergencies/disease-outbreak-news/item/30-june-2015-mers-korea-en
2015-06-26,MERS,livestock,KR,https://www.who.int/emergencies/disease-outbreak-news/item/26-june-2015-mers-korea-en
2015-06-26,MERS,livestock,AE,https://www.who.int/emergencies/disease-outbreak-news/item/26-june-2015-mers-are-en
2015-06-23,MERS,livestock,KR,https://www.who.int/emergencies/disease-outbreak-news/item/23-june-2015-mers-korea-en
2015-06-23,MERS,livestock,SA,https://www.who.int/emergencies/disease-outbreak-news/item/23-june-2015-mers-saudi-arabia-en
2015-06-20,MERS,livestock,TH,https://www.who.int/emergencies/disease-outbreak-news/item/20-june-2015-mers-thailand-en
2015-06-19,MERS,livestock,KR,https://www.who.int/emergencies/disease-outbreak-news/item/19-june-2015-mers-korea-en
2015-06-16,MERS,livestock,SA,https://www.who.int/emergencies/disease-outbreak-news/item/16-june-2015-mers-saudi-arabia-en
2015-06-16,MERS,livestock,KR,https://www.who.int/emergencies/disease-outbreak-news/item/16-june-2015-mers-korea-en
2015-06-16,MERS,livestock,AE,https://www.who.int/emergencies/disease-outbreak-news/item/16-june-2015-mers-are-en
2015-06-15,Avian influenza,birds,CN,https://www.who.int/emergencies/disease-outbreak-news/item/15-june-2015-avian-influenza-china-en
2015-06-12,MERS,livestock,KR,https://www.who.int/emergencies/disease-outbreak-news/item/12-june-2015-mers-korea-en
2015-06-11,MERS,livestock,SA,https://www.who.int/emergencies/disease-outbreak-news/item/11-june-2015-mers-saudi-arabia-en
2015-06-09,MERS,livestock,KR,https://www.who.int/emergencies/disease-outbreak-news/item/09-june-2015-mers-korea-en
2015-06-09,MERS,livestock,AE,https://www.who.int/emergencies/disease-outbreak-news/item/09-june-2015-mers-are-en
2015-06-08,MERS,livestock,KR,https://www.who.int/emergencies/disease-outbreak-news/item/08-june-2015-mers-korea-en
2015-06-06,MERS,livestock,SA,https://www.who.int/emergencies/disease-outbreak-news/item/06-june-2015-mers-saudi-arabia-en
2015-06-06,MERS,livestock,KR,https://www.who.int/emergencies/disease-outbreak-news/item/06-june-2015-mers-korea-en
2015-06-05,MERS,livestock,KR,https://www.who.int/emergencies/disease-outbreak-news/item/05-june-2015-mers-korea-en
2015-06-04,MERS,livestock,KR,https://www.who.int/emergencies/disease-outbreak-news/item/04-june-2015-mers-korea-en
2015-06-04,MERS,livestock,SA,https://www.who.int/emergencies/disease-outbreak-news/item/04-june-2015-mers-saudi-arabia-en
2015-06-04,MERS,livestock,OM,https://www.who.int/emergencies/disease-outbreak-news/item/04-june-2015-mers-oman-en
2015-06-01,MERS,livestock,KR,https://www.who.int/emergencies/disease-outbreak-news/item/01-june-2015-mers-korea-en
2015-06-01,MERS,livestock,SA,https://www.who.int/emergencies/disease-outbreak-news/item/01-june-2015-mers-saudi-arabia-en
2015-05-31,MERS,livestock,QA,https://www.who.int/emergencies/disease-outbreak-news/item/31-may-2015-mers-qatar-en
2015-05-31,MERS,livestock,KR,https://www.who.int/emergencies/disease-outbreak-news/item/31-may-2015-mers-korea-en
2015-05-30,MERS,livestock,CN,https://www.who.int/emergencies/disease-outbreak-news/item/30-may-2015-mers-china-en
2015-05-30,MERS,livestock,KR,https://www.who.int/emergencies/disease-outbreak-news/item/30-may-2015-mers-korea-en
2015-05-28,Lassa fever,wildlife,US,https://www.who.int/emergencies/disease-outbreak-news/item/28-may-2015-lassa-fever-usa-en
2015-05-25,MERS,livestock,SA,https://www.who.int/emergencies/disease-outbreak-news/item/25-may-2015-mers-saudi-arabia-en
2015-05-24,MERS,livestock,KR,https://www.who.int/emergencies/disease-outbreak-news/item/24-may-2015-mers-korea-en
2015-05-24,MERS,livestock,QA,https://www.who.int/emergencies/disease-outbreak-news/item/24-may-2015-mers-qatar-en
2015-05-24,MERS,livestock,SA,https://www.who.int/emergencies/disease-outbreak-news/item/24-may-2015-mers-saudi-arabia-en
2015-05-24,MERS,livestock,AE,https://www.who.int/emergencies/disease-outbreak-news/item/24-may-2015-mers-are-en
2015-05-18,MERS,livestock,AE,https://www.who.int/emergencies/disease-outbreak-news/item/18-may-2015-mers-are-en
2015-05-17,MERS,livestock,SA,https://www.who.int/emergencies/disease-outbreak-news/item/17-may-2015-mers-saudi-arabia-en
2015-05-14,Avian influenza,birds,CN,https://www.who.int/emergencies/disease-outbreak-news/item/14-May-2015-avian-influenza-china-en
2015-05-13,Ebola and Sudan virus disease,wildlife,IT,https://www.who.int/emergencies/disease-outbreak-news/item/13-may-2015-ebola-en
2015-05-08,MERS,livestock,IR,https://www.who.int/emergencies/disease-outbreak-news/item/8-may-2015-mers-iran-en
2015-05-08,MERS,livestock,SA,https://www.who.int/emergencies/disease-outbreak-news/item/8-may-2015-mers-saudi-arabia-en
2015-04-29,MERS,livestock,SA,https://www.who.int/emergencies/disease-outbreak-news/item/29-april-2015-mers-saudi-arabia-en
2015-04-16,MERS,livestock,SA,https://www.who.int/emergencies/disease-outbreak-news/item/16-april-2015-mers-saudi-arabia-en
2015-04-15,Avian influenza,birds,CN,https://www.who.int/emergencies/disease-outbreak-news/item/14-April-2015-avian-influenza-china-en
2015-04-09,MERS,livestock,SA,https://www.who.int/emergencies/disease-outbreak-news/item/9-april-2015-mers-saudi-arabia-en
2015-03-26,MERS,livestock,SA,https://www.who.int/emergencies/disease-outbreak-news/item/26-march-2015-mers-saudi-arabia-en
2015-03-20,MERS,livestock,SA,https://www.who.int/emergencies/disease-outbreak-news/item/20-march-2015-mers-saudi-arabia-en
2015-03-11,MERS,livestock,QA,https://www.who.int/emergencies/disease-outbreak-news/item/11-march-2015-mers-qatar-en
2015-03-11,MERS,livestock,SA,https://www.who.int/emergencies/disease-outbreak-news/item/11-march-2015-mers-saudi-arabia-en
2015-03-11,Avian influenza,birds,CN,https://www.who.int/emergencies/disease-outbreak-news/item/11-march-2015-avian-influenza-china-en
2015-03-09,MERS,livestock,DE,https://www.who.int/emergencies/disease-outbreak-news/item/9-march-2015-mers-germany-en
2015-03-06,MERS,livestock,SA,https://www.who.int/emergencies/disease-outbreak-news/item/6-march-2015-mers-saudi-arabia-en
2015-02-26,Avian influenza,birds,CN,https://www.who.int/emergencies/disease-outbreak-news/item/26-february-2015-avian-influenza-en
2015-02-26,MERS,livestock,SA,https://www.who.int/emergencies/disease-outbreak-news/item/26-february-2015-mers-saudi-arabia-en
2015-02-23,MERS,livestock,SA,https://www.who.int/emergencies/disease-outbreak-news/item/23-february-2015-mers-saudi-arabia-en
2015-02-16,MERS,livestock,SA,https://www.who.int/emergencies/disease-outbreak-news/item/16-february-2015-mers-saudi-arabia-en
2015-02-13,MERS,livestock,PH,https://www.who.int/emergencies/disease-outbreak-news/item/13-february-2015-mers-en
2015-02-12,Avian influenza,birds,CN,https://www.who.int/emergencies/disease-outbreak-news/item/12-february-2015-avian-influenza-en
2015-02-11,MERS,livestock,SA,https://www.who.int/emergencies/disease-outbreak-news/item/11-february-2015-mers-saudi-arabia-en
2015-02-11,MERS,livestock,QA,https://www.who.int/emergencies/disease-outbreak-news/item/11-february-2015-mers-qatar-en
2015-02-11,MERS,livestock,AE,https://www.who.int/emergencies/disease-outbreak-news/item/11-february-2015-mers-are-en
2015-02-08,Avian influenza,birds,CN,https://www.who.int/emergencies/disease-outbreak-news/item/8-february-2015-avian-influenza-en
2015-02-03,MERS,livestock,SA,https://www.who.int/emergencies/disease-outbreak-news/item/03-february-2015-mers-en
2015-02-01,Avian influenza,birds,CA,https://www.who.int/emergencies/disease-outbreak-news/item/01-february-2015-avian-influenza-en
2015-01-27,Avian influenza,birds,CN,https://www.who.int/emergencies/disease-outbreak-news/item/27-january-2015-avian-influenza-en
2015-01-23,MERS,livestock,OM,https://www.who.int/emergencies/disease-outbreak-news/item/23-january-2015-mers-oman-en
2015-01-20,MERS,livestock,SA,https://www.who.int/emergencies/disease-outbreak-news/item/20-january-2015-mers-en
2015-01-19,Avian influenza,birds,CN,https://www.who.int/emergencies/disease-outbreak-news/item/19-january-2015-avian-influenza-en
2015-01-16,MERS,livestock,OM,https://www.who.int/emergencies/disease-outbreak-news/item/16-january-2015-mers-oman-en
2015-01-15,MERS,livestock,SA,https://www.who.int/emergencies/disease-outbreak-news/item/15-january-2015-mers-en
2015-01-05,MERS,livestock,JO,https://www.who.int/emergencies/disease-outbreak-news/item/05-january-2015-mers-jordan-en
2014-12-30,Ebola and Sudan virus disease,wildlife,GB,https://www.who.int/emergencies/disease-outbreak-news/item/30-december-2014-ebola-en
2014-12-30,Avian influenza,birds,CN,https://www.who.int/emergencies/disease-outbreak-news/item/30-december-2014-avian-influenza-en
2014-12-28,Avian influenza,birds,CN,https://www.who.int/emergencies/disease-outbreak-news/item/28-december-2014-avian-influenza-en
2014-12-26,MERS,livestock,SA,https://www.who.int/emergencies/disease-outbreak-news/item/26-december-2014-mers-en
2014-12-24,Avian influenza,birds,CN,https://www.who.int/emergencies/disease-outbreak-news/item/24-december-2014-avian-influenza-en
2014-12-17,MERS,livestock,SA,https://www.who.int/emergencies/disease-outbreak-news/item/17-december-2014-mers-en
2014-12-15,West Nile fever,birds,BR,https://www.who.int/emergencies/disease-outbreak-news/item/15-december-2014-wnv-en
2014-12-02,MERS,livestock,SA,https://www.who.int/emergencies/disease-outbreak-news/item/2-december-2014-mers-en
2014-11-21,MERS,livestock,SA,https://www.who.int/emergencies/disease-outbreak-news/item/21-november-2014-mers-en
2014-11-21,Plague,wildlife,MG,https://www.who.int/emergencies/disease-outbreak-news/item/21-november-2014-plague-en
2014-11-18,Avian influenza,birds,CN,https://www.who.int/emergencies/disease-outbreak-news/item/18-november-2014-avian-influenza-en
2014-11-13,Marburg virus disease,wildlife,UG,https://www.who.int/emergencies/disease-outbreak-news/item/13-november-2014-marburg-en
2014-11-07,MERS,livestock,SA,https://www.who.int/emergencies/disease-outbreak-news/item/07-november-2014-mers-en
2014-11-03,MERS,livestock,SA,https://www.who.int/emergencies/disease-outbreak-news/item/03-november-2014-mers-en
2014-10-31,Ebola and Sudan virus disease,wildlife,ML,https://www.who.int/emergencies/disease-outbreak-news/item/31-october-2014-ebola-en
2014-10-31,MERS,livestock,QA,https://www.who.int/emergencies/disease-outbreak-news/item/31-october-2014-mers-en
2014-10-29,Avian influenza,birds,CN,https://www.who.int/emergencies/disease-outbreak-news/item/29-october-2014-avian-influenza-en
2014-10-24,MERS,livestock,TR,https://www.who.int/emergencies/disease-outbreak-news/item/24-october-2014-mers-en
2014-10-16,MERS,livestock,SA,https://www.who.int/emergencies/disease-outbreak-news/item/16-october-2014-mers-en
2014-10-10,Marburg virus disease,wildlife,UG,https://www.who.int/emergencies/disease-outbreak-news/item/10-october-2014-marburg-en
2014-10-09,Ebola and Sudan virus disease,wildlife,ES,https://www.who.int/emergencies/disease-outbreak-news/item/09-october-2014-ebola-en
2014-10-02,MERS,livestock,AT,https://www.who.int/emergencies/disease-outbreak-news/item/02-october-2014-mers-austria-en
2014-10-02,MERS,livestock,SA,https://www.who.int/emergencies/disease-outbreak-news/item/02-october-2014-mers-saudi-arabia-en
2014-10-01,Ebola and Sudan virus disease,wildlife,US,https://www.who.int/emergencies/disease-outbreak-news/item/01-october-2014-ebola-en
2014-09-10,Ebola and Sudan virus disease,wildlife,CG,https://www.who.int/emergencies/disease-outbreak-news/item/2014_09_10_ebola-en
2014-09-04,Avian influenza,birds,,https://www.who.int/emergencies/disease-outbreak-news/item/2014_09_04_avian_influenza-en
2014-09-04,Ebola and Sudan virus disease,wildlife,,https://www.who.int/emergencies/disease-outbreak-news/item/2014_09_04_ebola-en
2014-08-30,Ebola and Sudan virus disease,wildlife,SN,https://www.who.int/emergencies/disease-outbreak-news/item/2014_08_30_ebola-en
2014-08-28,Ebola and Sudan virus disease,wildlife,,https://www.who.int/emergencies/disease-outbreak-news/item/2014_08_28_ebola-en
2014-08-27,Ebola and Sudan virus disease,wildlife,CG,https://www.who.int/emergencies/disease-outbreak-news/item/2014_08_27_ebola-en
2014-08-22,Ebola and Sudan virus disease,wildlife,,https://www.who.int/emergencies/disease-outbreak-news/item/2014_08_22_ebola-en
2014-08-20,Ebola and Sudan virus disease,wildlife,,https://www.who.int/emergencies/disease-outbreak-news/item/2014_08_20_ebola-en
2014-08-19,Ebola and Sudan virus disease,wildlife,,https://www.who.int/emergencies/disease-outbreak-news/item/2014_08_19_ebola-en
2014-08-15,Ebola and Sudan virus disease,wildlife,,https://www.who.int/emergencies/disease-outbreak-news/item/2014_08_15_ebola-en
2014-08-13,Ebola and Sudan virus disease,wildlife,,https://www.who.int/emergencies/disease-outbreak-news/item/2014_08_13_ebola-en
2014-08-11,Ebola and Sudan virus disease,wildlife,,https://www.who.int/emergencies/disease-outbreak-news/item/2014_08_11_ebola-en
2014-08-08,Ebola and Sudan virus disease,wildlife,,https://www.who.int/emergencies/disease-outbreak-news/item/2014_08_08_ebola-en
2014-08-06,Ebola and Sudan virus disease,wildlife,,https://www.who.int/emergencies/disease-outbreak-news/item/2014_08_06_ebola-en
2014-08-04,Ebola and Sudan virus disease,wildlife,,https://www.who.int/emergencies/disease-outbreak-news/item/2014_08_04_ebola-en
2014-07-31,Ebola and Sudan virus disease,wildlife,,https://www.who.int/emergencies/disease-outbreak-news/item/2014_07_31_ebola-en
2014-07-27,Ebola and Sudan virus disease,wildlife,,https://www.who.int/emergencies/disease-outbreak-news/item/2014_07_27_ebola-en
2014-07-24,Ebola and Sudan virus disease,wildlife,,https://www.who.int/emergencies/disease-outbreak-news/item/2014_07_24_ebola-en
2014-07-23,MERS,livestock,,https://www.who.int/emergencies/disease-outbreak-news/item/2014_07_23_mers-en
2014-07-19,Ebola and Sudan virus disease,wildlife,,https://www.who.int/emergencies/disease-outbreak-news/item/2014_07_19_ebola-en
2014-07-17,Ebola and Sudan virus disease,wildlife,,https://www.who.int/emergencies/disease-outbreak-news/item/2014_07_17_ebola-en
2014-07-15,Ebola and Sudan virus disease,wildlife,,https://www.who.int/emergencies/disease-outbreak-news/item/2014_07_15_ebola-en
2014-07-14,MERS,livestock,,https://www.who.int/emergencies/disease-outbreak-news/item/2014_07_14_mers-en
2014-07-14,MERS,livestock,AE,https://www.who.int/emergencies/disease-outbreak-news/item/2014_07_14_mers2-en
2014-07-10,Ebola and Sudan virus disease,wildlife,,https://www.who.int/emergencies/disease-outbreak-news/item/2014_07_10_ebola-en
2014-07-08,Ebola and Sudan virus disease,wildlife,,https://www.who.int/emergencies/disease-outbreak-news/item/2014_07_08_ebola-en
2014-07-04,MERS,livestock,,https://www.who.int/emergencies/disease-outbreak-news/item/2014_07_04_mers-en
2014-07-03,Ebola and Sudan virus disease,wildlife,,https://www.who.int/emergencies/disease-outbreak-news/item/2014_07_03_ebola-en
2014-07-02,MERS,livestock,,https://www.who.int/emergencies/disease-outbreak-news/item/2014_07_02_mers-en
2014-07-01,Ebola and Sudan virus disease,wildlife,,https://www.who.int/emergencies/disease-outbreak-news/item/2014_07_01_ebola-en
2014-06-27,Avian influenza,birds,,https://www.who.int/emergencies/disease-outbreak-news/item/2014_06_27_avian_influenza-en
2014-06-26,MERS,livestock,,https://www.who.int/emergencies/disease-outbreak-news/item/2014_06_26_mers-en
2014-06-25,MERS,livestock,,https://www.who.int/emergencies/disease-outbreak-news/item/2014_06_25_mers-en
2014-06-24,Ebola and Sudan virus disease,wildlife,,https://www.who.int/emergencies/disease-outbreak-news/item/2014_06_24_ebola-en
2014-06-24,Avian influenza,birds,,https://www.who.int/emergencies/disease-outbreak-news/item/2014_06_24_avian_influenza-en
2014-06-22,Ebola and Sudan virus disease,wildlife,,https://www.who.int/emergencies/disease-outbreak-news/item/2014_06_22_ebola-en
2014-06-18,Ebola and Sudan virus disease,wildlife,,https://www.who.int/emergencies/disease-outbreak-news/item/2014_06_18_ebola-en
2014-06-18,Avian influenza,birds,,https://www.who.int/emergencies/disease-outbreak-news/item/2014_06_18_avian_influenza-en
2014-06-16,MERS,livestock,,https://www.who.int/emergencies/disease-outbreak-news/item/2014_06_16_mers-en
2014-06-14,MERS,livestock,,https://www.who.int/emergencies/disease-outbreak-news/item/2014_06_14_mers-en
2014-06-13,MERS,livestock,,https://www.who.int/emergencies/disease-outbreak-news/item/2014_06_13_mers-en
2014-06-11,MERS,livestock,,https://www.who.int/emergencies/disease-outbreak-news/item/2014_06_11_mers-en
2014-06-10,Avian influenza,birds,,https://www.who.int/emergencies/disease-outbreak-news/item/2014_06_10_h7n9-en
2014-06-10,Ebola and Sudan virus disease,wildlife,,https://www.who.int/emergencies/disease-outbreak-news/item/2014_06_10_ebola-en
2014-06-06,Ebola and Sudan virus disease,wildlife,,https://www.who.int/emergencies/disease-outbreak-news/item/2014_06_06_ebola-en
2014-06-04,Ebola and Sudan virus disease,wildlife,,https://www.who.int/emergencies/disease-outbreak-news/item/2014_06_04_ebola-en
2014-06-04,MERS,livestock,,https://www.who.int/emergencies/disease-outbreak-news/item/2014_06_04_mers-en
2014-05-30,Ebola and Sudan virus disease,wildlife,,https://www.who.int/emergencies/disease-outbreak-news/item/2014_05_30_ebola-en
2014-05-28,Avian influenza,birds,,https://www.who.int/emergencies/disease-outbreak-news/item/2014_05_28_h7n9-en
2014-05-28,Ebola and Sudan virus disease,wildlife,,https://www.who.int/emergencies/disease-outbreak-news/item/2014_05_28_ebola-en
2014-05-28,MERS,livestock,,https://www.who.int/emergencies/disease-outbreak-news/item/2014_05_28_mers-en
2014-05-24,Ebola and Sudan virus disease,wildlife,,https://www.who.int/emergencies/disease-outbreak-news/item/2014_05_24_ebola-en
2014-05-23,MERS,livestock,,https://www.who.int/emergencies/disease-outbreak-news/item/2014_05_23_mers-en
2014-05-22,MERS,livestock,,https://www.who.int/emergencies/disease-outbreak-news/item/2014_05_22_mers-en
2014-05-22,Avian influenza,birds,,https://www.who.int/emergencies/disease-outbreak-news/item/2014_05_22_h7n9-en
2014-05-16,MERS,livestock,,https://www.who.int/emergencies/disease-outbreak-news/item/2014_05_16_mers-en
2014-05-15,Ebola and Sudan virus disease,wildlife,,https://www.who.int/emergencies/disease-outbreak-news/item/2014_05_15_ebola-en
2014-05-15,MERS,livestock,,https://www.who.int/emergencies/disease-outbreak-news/item/2014_05_15_mers-en
2014-05-15,Avian influenza,birds,,https://www.who.int/emergencies/disease-outbreak-news/item/2014_05_15_h7n9-en
2014-05-12,Ebola and Sudan virus disease,wildlife,,https://www.who.int/emergencies/disease-outbreak-news/item/2014_05_12_ebola-en
2014-05-09,Ebola and Sudan virus disease,wildlife,,https://www.who.int/emergencies/disease-outbreak-news/item/2014_05_09_ebola-en
2014-05-08,Ebola and Sudan virus disease,wildlife,,https://www.who.int/emergencies/disease-outbreak-news/item/2014_05_08_ebola-en
2014-05-07,MERS,livestock,,https://www.who.int/emergencies/disease-outbreak-news/item/2014_05_07_mers_yemen-en
2014-05-07,MERS,livestock,,https://www.who.int/emergencies/disease-outbreak-news/item/2014_05_07_mers_jordan-en
2014-05-06,Ebola and Sudan virus disease,wildlife,,https://www.who.int/emergencies/disease-outbreak-news/item/2014_05_06_ebola-en
2014-05-05,MERS,livestock,,https://www.who.int/emergencies/disease-outbreak-news/item/2014_05_05_mers-en
2014-05-05,MERS,livestock,,https://www.who.int/emergencies/disease-outbreak-news/item/2014_05_05_mers_jordan-en
2014-05-02,Ebola and Sudan virus disease,wildlife,,https://www.who.int/emergencies/disease-outbreak-news/item/2014_05_02_ebola-en
2014-05-01,MERS,livestock,,https://www.who.int/emergencies/disease-outbreak-news/item/2014_05_01_mers-en
2014-05-01,Avian influenza,birds,,https://www.who.int/emergencies/disease-outbreak-news/item/2014_05_01_h7n9-en
2014-04-28,Ebola and Sudan virus disease,wildlife,,https://www.who.int/emergencies/disease-outbreak-news/item/2014_04_28_ebola-en
2014-04-26,MERS,livestock,,https://www.who.int/emergencies/disease-outbreak-news/item/2014_04_26_mers-en
2014-04-25,Ebola and Sudan virus disease,wildlife,,https://www.who.int/emergencies/disease-outbreak-news/item/2014_04_25_ebola-en
2014-04-24,Avian influenza,birds,,https://www.who.int/emergencies/disease-outbreak-news/item/2014_04_24_h7n9-en
2014-04-24,Yellow fever,vector,CG,https://www.who.int/emergencies/disease-outbreak-news/item/2014_04_24_yellowfever-en
2014-04-24,MERS,livestock,,https://www.who.int/emergencies/disease-outbreak-news/item/2014_04_24_mers-en
2014-04-23,MERS,livestock,,https://www.who.int/emergencies/disease-outbreak-news/item/2014_04_23_mers-en
2014-04-22,Ebola and Sudan virus disease,wildlife,,https://www.who.int/emergencies/disease-outbreak-news/item/2014_04_22_ebola-en
2014-04-20,MERS,livestock,,https://www.who.int/emergencies/disease-outbreak-news/item/2014_04_20_mers-en
2014-04-19,Ebola and Sudan virus disease,wildlife,,https://www.who.int/emergencies/disease-outbreak-news/item/2014_04_19_ebola-en
2014-04-17,MERS,livestock,,https://www.who.int/emergencies/disease-outbreak-news/item/2014_04_17_mers-en
2014-04-17,Ebola and Sudan virus disease,wildlife,,https://www.who.int/emergencies/disease-outbreak-news/item/2014_04_17_ebola-en
2014-04-16,Avian influenza,birds,,https://www.who.int/emergencies/disease-outbreak-news/item/2014_04_16_h7n9-en
2014-04-16,MERS,livestock,,https://www.who.int/emergencies/disease-outbreak-news/item/2014_04_16_mers-en
2014-04-15,Avian influenza,birds,,https://www.who.int/emergencies/disease-outbreak-news/item/2014_04_15_h7n9-en
2014-04-14,Avian influenza,birds,,https://www.who.int/emergencies/disease-outbreak-news/item/2014_04_14_h7n9-en
2014-04-14,MERS,livestock,,https://www.who.int/emergencies/disease-outbreak-news/item/2014_04_14_mers-en
2014-04-14,Ebola and Sudan virus disease,wildlife,,https://www.who.int/emergencies/disease-outbreak-news/item/2014_04_14_ebola-en
2014-04-11,Avian influenza,birds,,https://www.who.int/emergencies/disease-outbreak-news/item/2014_04_11_h7n9-en
2014-04-11,MERS,livestock,,https://www.who.int/emergencies/disease-outbreak-news/item/2014_04_11_mers-en
2014-04-10,Ebola and Sudan virus disease,wildlife,,https://www.who.int/emergencies/disease-outbreak-news/item/2014_04_10_ebola-en
2014-04-10,MERS,livestock,,https://www.who.int/emergencies/disease-outbreak-news/item/2014_04_10_mers-en
2014-04-10,Avian influenza,birds,,https://www.who.int/emergencies/disease-outbreak-news/item/2014_04_10_h7n9-en
2014-04-08,Avian influenza,birds,,https://www.who.int/emergencies/disease-outbreak-news/item/2014_04_08-en
2014-04-08,Avian influenza,birds,,https://www.who.int/emergencies/disease-outbreak-news/item/2014_04_08_HKSAR-en
2014-04-07,Ebola and Sudan virus disease,wildlife,,https://www.who.int/emergencies/disease-outbreak-news/item/2014_04_07_ebola-en
2014-04-05,Ebola and Sudan virus disease,wildlife,,https://www.who.int/emergencies/disease-outbreak-news/item/2014_04_05_ebola-en
2014-04-04,Avian influenza,birds,,https://www.who.int/emergencies/disease-outbreak-news/item/2014_04_04-en
2014-04-03,Avian influenza,birds,,https://www.who.int/emergencies/disease-outbreak-news/item/2014_04_03-en
2014-04-03,Ebola and Sudan virus disease,wildlife,,https://www.who.int/emergencies/disease-outbreak-news/item/2014_04_ebola-en
2014-04-02,Ebola and Sudan virus disease,wildlife,,https://www.who.int/emergencies/disease-outbreak-news/item/2014_04_02_ebola-en
2014-04-01,Ebola and Sudan virus disease,wildlife,,https://www.who.int/emergencies/disease-outbreak-news/item/2014_04_01_ebola-en
2014-03-30,Ebola and Sudan virus disease,wildlife,LR,https://www.who.int/emergencies/disease-outbreak-news/item/2014_03_30_ebola_lbr-en
2014-03-28,Avian influenza,birds,,https://www.who.int/emergencies/disease-outbreak-news/item/2014_03_28-en
2014-03-27,MERS,livestock,,https://www.who.int/emergencies/disease-outbreak-news/item/2014_03_27_mers-en
2014-03-27,Ebola and Sudan virus disease,wildlife,GN,https://www.who.int/emergencies/disease-outbreak-news/item/2014_03_27_ebola-en
2014-03-26,Ebola and Sudan virus disease,wildlife,GN,https://www.who.int/emergencies/disease-outbreak-news/item/2014_03_26_ebola-en
2014-03-26,MERS,livestock,,https://www.who.int/emergencies/disease-outbreak-news/item/2014_03_26-en
2014-03-25,MERS,livestock,,https://www.who.int/emergencies/disease-outbreak-news/item/2014_03_25-en
2014-03-20,MERS,livestock,,https://www.who.int/emergencies/disease-outbreak-news/item/2014_03_20_mers-en
2014-03-20,Avian influenza,birds,,https://www.who.int/emergencies/disease-outbreak-news/item/2014_03_20_h7n9bis-en
2014-03-18,MERS,livestock,,https://www.who.int/emergencies/disease-outbreak-news/item/2014_03_18-en
2014-03-17,Avian influenza,birds,,https://www.who.int/emergencies/disease-outbreak-news/item/2014_03_17_h7n9-en
2014-03-12,MERS,livestock,,https://www.who.int/emergencies/disease-outbreak-news/item/2014_03_12-en
2014-03-11,Avian influenza,birds,,https://www.who.int/emergencies/disease-outbreak-news/item/2014_03_11c-en
2014-03-11,Avian influenza,birds,,https://www.who.int/emergencies/disease-outbreak-news/item/2014_03_11b-en
2014-03-10,Avian influenza,birds,,https://www.who.int/emergencies/disease-outbreak-news/item/2014_03_10-en
2014-03-07,Avian influenza,birds,,https://www.who.int/emergencies/disease-outbreak-news/item/2014_03_07-en
2014-03-05,Avian influenza,birds,,https://www.who.int/emergencies/disease-outbreak-news/item/2014_03_05-en
2014-03-03,Avian influenza,birds,,https://www.who.int/emergencies/disease-outbreak-news/item/2014_03_03-en
2014-02-28,MERS,livestock,,https://www.who.int/emergencies/disease-outbreak-news/item/2014_02_28-en
2014-02-27,Avian influenza,birds,,https://www.who.int/emergencies/disease-outbreak-news/item/2014_02_27b-en
2014-02-24,Avian influenza,birds,,https://www.who.int/emergencies/disease-outbreak-news/item/2014_02_24-en
2014-02-18,Avian influenza,birds,,https://www.who.int/emergencies/disease-outbreak-news/item/2014_02_18-en
2014-02-17,Avian influenza,birds,,https://www.who.int/emergencies/disease-outbreak-news/item/2014_02_17_ah7n9-en
2014-02-17,Avian influenza,birds,,https://www.who.int/emergencies/disease-outbreak-news/item/2014_02_17-en
2014-02-14,Avian influenza,birds,,https://www.who.int/emergencies/disease-outbreak-news/item/2014_02_14-en
2014-02-11,Avian influenza,birds,,https://www.who.int/emergencies/disease-outbreak-news/item/2014_02_11-en
2014-02-10,Avian influenza,birds,,https://www.who.int/emergencies/disease-outbreak-news/item/2014_02_10-en
2014-02-07,MERS,livestock,,https://www.who.int/emergencies/disease-outbreak-news/item/2014_02_07mers-en
2014-02-05,Avian influenza,birds,,https://www.who.int/emergencies/disease-outbreak-news/item/2014_02_05bis-en
2014-02-04,MERS,livestock,,https://www.who.int/emergencies/disease-outbreak-news/item/2014_02_04mers-en
2014-02-03,Avian influenza,birds,,https://www.who.int/emergencies/disease-outbreak-news/item/2014_02_03-en
2014-02-01,Avian influenza,birds,,https://www.who.int/emergencies/disease-outbreak-news/item/2014_02_01-en
2014-01-31,Avian influenza,birds,,https://www.who.int/emergencies/disease-outbreak-news/item/2014_01_31-en
2014-01-30,Avian influenza,birds,,https://www.who.int/emergencies/disease-outbreak-news/item/2014_01_30-en
2014-01-29,Avian influenza,birds,,https://www.who.int/emergencies/disease-outbreak-news/item/2014_01_29-en
2014-01-25,Avian influenza,birds,,https://www.who.int/emergencies/disease-outbreak-news/item/2014_01_25-en
2014-01-23,Avian influenza,birds,,https://www.who.int/emergencies/disease-outbreak-news/item/2014_01_23-en
2014-01-22,Avian influenza,birds,,https://www.who.int/emergencies/disease-outbreak-news/item/2014_01_22-en
2014-01-20,Avian influenza,birds,,https://www.who.int/emergencies/disease-outbreak-news/item/2014_01_20bis-en
2014-01-17,Avian influenza,birds,,https://www.who.int/emergencies/disease-outbreak-news/item/2014_01_17-en
2014-01-16,Avian influenza,birds,,https://www.who.int/emergencies/disease-outbreak-news/item/2014_01_16-en
2014-01-15,Avian influenza,birds,,https://www.who.int/emergencies/disease-outbreak-news/item/2014_01_15-en
2014-01-14,Avian influenza,birds,,https://www.who.int/emergencies/disease-outbreak-news/item/2014_01_14-en
2014-01-13,Avian influenza,birds,,https://www.who.int/emergencies/disease-outbreak-news/item/2014_01_13-en
2014-01-09,Avian influenza,birds,,https://www.who.int/emergencies/disease-outbreak-news/item/2014_01_09_h5n1-en
2014-01-09,Avian influenza,birds,,https://www.who.int/emergencies/disease-outbreak-news/item/2014_01_09_h7n9-en
2014-01-07,Avian influenza,birds,,https://www.who.int/emergencies/disease-outbreak-news/item/2014_01_07-en
2014-01-06,Avian influenza,birds,,https://www.who.int/emergencies/disease-outbreak-news/item/2014_01_06-en
2014-01-03,MERS,livestock,,https://www.who.int/emergencies/disease-outbreak-news/item/2014_01_03-en
2013-12-31,MERS,livestock,,https://www.who.int/emergencies/disease-outbreak-news/item/2013_12_31-en
2013-12-27,MERS,livestock,,https://www.who.int/emergencies/disease-outbreak-news/item/2013_12_27-en
2013-12-22,MERS,livestock,,https://www.who.int/emergencies/disease-outbreak-news/item/2013_12_22-en
2013-12-17,Avian influenza,birds,,https://www.who.int/emergencies/disease-outbreak-news/item/2013_12_17influenza-en
2013-12-17,MERS,livestock,,https://www.who.int/emergencies/disease-outbreak-news/item/2013_12_17-en
2013-12-03,Yellow fever,vector,SD,https://www.who.int/emergencies/disease-outbreak-news/item/2012_12_03-en
2013-12-02,MERS,livestock,,https://www.who.int/emergencies/disease-outbreak-news/item/2013_12_02-en
2013-11-29,MERS,livestock,,https://www.who.int/emergencies/disease-outbreak-news/item/2013_11_29-en
2013-11-15,MERS,livestock,,https://www.who.int/emergencies/disease-outbreak-news/item/2013_11_15-en
2013-11-11,MERS,livestock,,https://www.who.int/emergencies/disease-outbreak-news/item/2013_11_11_coronavirus-en
2013-11-10,MERS,livestock,,https://www.who.int/emergencies/disease-outbreak-news/item/2013_11_10-en
2013-11-06,Avian influenza,birds,,https://www.who.int/emergencies/disease-outbreak-news/item/2013_11_06-en
2013-11-04,MERS,livestock,,https://www.who.int/emergencies/disease-outbreak-news/item/2013_11_04-en
2013-10-31,MERS,livestock,,https://www.who.int/emergencies/disease-outbreak-news/item/2013_10_31-en
2013-10-29,MERS,livestock,,https://www.who.int/emergencies/disease-outbreak-news/item/2013_10_29a-en
2013-10-24,Avian influenza,birds,,https://www.who.int/emergencies/disease-outbreak-news/item/2013_10_24a-en
2013-10-18,MERS,livestock,,https://www.who.int/emergencies/disease-outbreak-news/item/2013_10_18-en
2013-10-16,Avian influenza,birds,,https://www.who.int/emergencies/disease-outbreak-news/item/2013_10_16-en
2013-10-14,MERS,livestock,,https://www.who.int/emergencies/disease-outbreak-news/item/2013_10_14-en
2013-10-08,Yellow fever,vector,CM,https://www.who.int/emergencies/disease-outbreak-news/item/2013_10_08-en
2013-10-04,MERS,livestock,,https://www.who.int/emergencies/disease-outbreak-news/item/2013_10_04-en
2013-09-20,MERS,livestock,,https://www.who.int/emergencies/disease-outbreak-news/item/2013_09_20-en
2013-09-19,MERS,livestock,,https://www.who.int/emergencies/disease-outbreak-news/item/2013_09_19-en
2013-09-07,MERS,livestock,,https://www.who.int/emergencies/disease-outbreak-news/item/2013_09_07-en
2013-09-06,MERS,livestock,,https://www.who.int/emergencies/disease-outbreak-news/item/2013_09_06-en
2013-08-30,MERS,livestock,,https://www.who.int/emergencies/disease-outbreak-news/item/2013_08_30-en
2013-08-29,MERS,livestock,,https://www.who.int/emergencies/disease-outbreak-news/item/2013_08_29-en
2013-08-28,MERS,livestock,,https://www.who.int/emergencies/disease-outbreak-news/item/2013_08_28-en
2013-08-11,Avian influenza,birds,,https://www.who.int/emergencies/disease-outbreak-news/item/2013_08_11-en
2013-08-01,MERS,livestock,,https://www.who.int/emergencies/disease-outbreak-news/item/2013_08_01-en
2013-07-29,MERS,livestock,,https://www.who.int/emergencies/disease-outbreak-news/item/2013_07_29-en
2013-07-21,MERS,livestock,,https://www.who.int/emergencies/disease-outbreak-news/item/2013_07_21-en
2013-07-20,Avian influenza,birds,,https://www.who.int/emergencies/disease-outbreak-news/item/2013_07_20-en
2013-07-18,MERS,livestock,,https://www.who.int/emergencies/disease-outbreak-news/item/2013_07_18-en
2013-07-13,MERS,livestock,,https://www.who.int/emergencies/disease-outbreak-news/item/2013_07_13-en
2013-07-11,MERS,livestock,,https://www.who.int/emergencies/disease-outbreak-news/item/2013_07_11-en
2013-07-07,MERS,livestock,,https://www.who.int/emergencies/disease-outbreak-news/item/2013_07_07-en
2013-07-05,MERS,livestock,,https://www.who.int/emergencies/disease-outbreak-news/item/2013_07_05-en
2013-07-04,Avian influenza,birds,,https://www.who.int/emergencies/disease-outbreak-news/item/2013_07_04-en
2013-06-26,MERS,livestock,,https://www.who.int/emergencies/disease-outbreak-news/item/2013_06_26-en
2013-06-23,MERS,livestock,,https://www.who.int/emergencies/disease-outbreak-news/item/2013_06_23-en
2013-06-22,MERS,livestock,,https://www.who.int/emergencies/disease-outbreak-news/item/2013_06_22-en
2013-06-17,MERS,livestock,,https://www.who.int/emergencies/disease-outbreak-news/item/2013_06_17-en
2013-06-15,MERS,livestock,,https://www.who.int/emergencies/disease-outbreak-news/item/2013_06_15-en
2013-06-14,Yellow fever,vector,CG,https://www.who.int/emergencies/disease-outbreak-news/item/2013_06_14_yellowfever-en
2013-06-14,MERS,livestock,,https://www.who.int/emergencies/disease-outbreak-news/item/2013_06_14-en
2013-06-07,MERS,livestock,,https://www.who.int/emergencies/disease-outbreak-news/item/2013_06_07-en
2013-06-05,MERS,livestock,,https://www.who.int/emergencies/disease-outbreak-news/item/2013_06_05-en
2013-06-02,MERS,livestock,,https://www.who.int/emergencies/disease-outbreak-news/item/2013_06_02_ncov-en
2013-06-01,MERS,livestock,,https://www.who.int/emergencies/disease-outbreak-news/item/2013_06_01_ncov-en
2013-05-31,MERS,livestock,,https://www.who.int/emergencies/disease-outbreak-news/item/2013_05_31_ncov-en
2013-05-29,MERS,livestock,,https://www.who.int/emergencies/disease-outbreak-news/item/2013_05_29_ncov-en
2013-05-23,COVID-19,wildlife,,https://www.who.int/emergencies/disease-outbreak-news/item/2013_05_23_ncov-en
2013-05-22,COVID-19,wildlife,,https://www.who.int/emergencies/disease-outbreak-news/item/2013_05_22_ncov-en
2013-05-18,COVID-19,wildlife,,https://www.who.int/emergencies/disease-outbreak-news/item/2013_05_18_ncov-en
2013-05-17,Avian influenza,birds,,https://www.who.int/emergencies/disease-outbreak-news/item/2013_05_17-en
2013-05-15,COVID-19,wildlife,,https://www.who.int/emergencies/disease-outbreak-news/item/2013_05_15_ncov-en
2013-05-14,COVID-19,wildlife,,https://www.who.int/emergencies/disease-outbreak-news/item/2013_05_14_ncov-en
2013-05-12,COVID-19,wildlife,,https://www.who.int/emergencies/disease-outbreak-news/item/2013_05_12-en
2013-05-09,COVID-19,wildlife,,https://www.who.int/emergencies/disease-outbreak-news/item/2013_05_09_ncov-en
2013-05-08,COVID-19,wildlife,,https://www.who.int/emergencies/disease-outbreak-news/item/2013_05_08_ncov-en
2013-05-07,Avian influenza,birds,,https://www.who.int/emergencies/disease-outbreak-news/item/2013_05_07-en
2013-05-06,COVID-19,wildlife,,https://www.who.int/emergencies/disease-outbreak-news/item/2013_05_06_ncov-en
2013-05-03,COVID-19,wildlife,,https://www.who.int/emergencies/disease-outbreak-news/item/2013_05_03_ncov-en
2013-05-02,COVID-19,wildlife,,https://www.who.int/emergencies/disease-outbreak-news/item/2013_05_02_ncov-en
2013-04-29,Avian influenza,birds,,https://www.who.int/emergencies/disease-outbreak-news/item/2013_04_29-en
2013-04-25,Avian influenza,birds,,https://www.who.int/emergencies/disease-outbreak-news/item/2013_04_25-en
2013-04-23,Avian influenza,birds,CN,https://www.who.int/emergencies/disease-outbreak-news/item/2013_04_23-en
2013-04-22,Avian influenza,birds,CN,https://www.who.int/emergencies/disease-outbreak-news/item/2013_04_22-en
2013-04-21,Avian influenza,birds,CN,https://www.who.int/emergencies/disease-outbreak-news/item/2013_04_21-en
2013-04-20,Avian influenza,birds,CN,https://www.who.int/emergencies/disease-outbreak-news/item/2013_04_20-en
2013-04-19,Avian influenza,birds,CN,https://www.who.int/emergencies/disease-outbreak-news/item/2013_04_19-en
2013-04-18,Avian influenza,birds,CN,https://www.who.int/emergencies/disease-outbreak-news/item/2013_04_18-en
2013-04-17,Avian influenza,birds,CN,https://www.who.int/emergencies/disease-outbreak-news/item/2013_04_17-en
2013-04-16,Avian influenza,birds,CN,https://www.who.int/emergencies/disease-outbreak-news/item/2013_04_16-en
2013-04-15,Avian influenza,birds,CN,https://www.who.int/emergencies/disease-outbreak-news/item/2013_04_15-en
2013-04-14,Avian influenza,birds,CN,https://www.who.int/emergencies/disease-outbreak-news/item/2013_04_14-en
2013-04-13,Avian influenza,birds,CN,https://www.who.int/emergencies/disease-outbreak-news/item/2013_04_13-en
2013-04-12,Avian influenza,birds,CN,https://www.who.int/emergencies/disease-outbreak-news/item/2013_04_12-en
2013-04-11,Avian influenza,birds,CN,https://www.who.int/emergencies/disease-outbreak-news/item/2013_04_11-en
2013-04-10,Avian influenza,birds,CN,https://www.who.int/emergencies/disease-outbreak-news/item/2013_04_10-en
2013-04-09,Avian influenza,birds,CN,https://www.who.int/emergencies/disease-outbreak-news/item/2013_04_09-en
2013-04-07,Avian influenza,birds,CN,https://www.who.int/emergencies/disease-outbreak-news/item/2013_04_07-en
2013-04-06,Avian influenza,birds,CN,https://www.who.int/emergencies/disease-outbreak-news/item/2013_04_06-en
2013-04-05,Avian influenza,birds,CN,https://www.who.int/emergencies/disease-outbreak-news/item/2013_04_05-en
2013-04-04,Avian influenza,birds,CN,https://www.who.int/emergencies/disease-outbreak-news/item/2013_04_04-en
2013-04-03,Avian influenza,birds,CN,https://www.who.int/emergencies/disease-outbreak-news/item/2013_04_03-en
2013-04-01,Avian influenza,birds,CN,https://www.who.int/emergencies/disease-outbreak-news/item/2013_04_01-en
2013-03-26,COVID-19,wildlife,,https://www.who.int/emergencies/disease-outbreak-news/item/2013_03_26-en
2013-03-23,COVID-19,wildlife,,https://www.who.int/emergencies/disease-outbreak-news/item/2013_03_23-en
2013-03-12,COVID-19,wildlife,,https://www.who.int/emergencies/disease-outbreak-news/item/2013_03_12-en
2013-03-06,COVID-19,wildlife,,https://www.who.int/emergencies/disease-outbreak-news/item/2013_03_06-en
2013-02-21,COVID-19,wildlife,,https://www.who.int/emergencies/disease-outbreak-news/item/2013_02_21-en
2013-02-16,COVID-19,wildlife,,https://www.who.int/emergencies/disease-outbreak-news/item/2013_02_16-en
2013-02-14,Yellow fever,vector,TD,https://www.who.int/emergencies/disease-outbreak-news/item/2013_02_14-en
2013-02-13,COVID-19,wildlife,,https://www.who.int/emergencies/disease-outbreak-news/item/2013_02_13-en
2013-02-11,COVID-19,wildlife,,https://www.who.int/emergencies/disease-outbreak-news/item/2013_02_11b-en
2013-02-01,Avian influenza,birds,KH,https://www.who.int/emergencies/disease-outbreak-news/item/2013_02_01-en
2012-12-12,Yellow fever,vector,CG,https://www.who.int/emergencies/disease-outbreak-news/item/2012_12_12-en
2012-12-06,Yellow fever,vector,SD,https://www.who.int/emergencies/disease-outbreak-news/item/2012_12_06-en
2012-11-30,Ebola and Sudan virus disease,wildlife,UG,https://www.who.int/emergencies/disease-outbreak-news/item/2012_11_30_ebola-en
2012-11-23,Ebola and Sudan virus disease,wildlife,UG,https://www.who.int/emergencies/disease-outbreak-news/item/2012_11_23_ebola-en
2012-11-23,Marburg virus disease,wildlife,UG,https://www.who.int/emergencies/disease-outbreak-news/item/2012_11_23_update-en
2012-11-22,Yellow fever,vector,SD,https://www.who.int/emergencies/disease-outbreak-news/item/2012_11_22-en
2012-11-17,Ebola and Sudan virus disease,wildlife,UG,https://www.who.int/emergencies/disease-outbreak-news/item/2012_11_17-en
2012-11-13,Yellow fever,vector,SD,https://www.who.int/emergencies/disease-outbreak-news/item/2012_11_13-en
2012-11-01,Rift Valley fever,livestock,MR,https://www.who.int/emergencies/disease-outbreak-news/item/2012_11_01-en
2012-10-31,Marburg virus disease,wildlife,UG,https://www.who.int/emergencies/disease-outbreak-news/item/2012_10_31-en
2012-10-26,Ebola and Sudan virus disease,wildlife,CG,https://www.who.int/emergencies/disease-outbreak-news/item/2012_10_26-en
2012-10-22,Marburg virus disease,wildlife,UG,https://www.who.int/emergencies/disease-outbreak-news/item/2012_10_22-en
2012-10-21,Marburg virus disease,wildlife,UG,https://www.who.int/emergencies/disease-outbreak-news/item/2012_10_21-en
2012-10-10,COVID-19,wildlife,,https://www.who.int/emergencies/disease-outbreak-news/item/2012_10_10-en
2012-10-08,Ebola and Sudan virus disease,wildlife,CG,https://www.who.int/emergencies/disease-outbreak-news/item/2012_10_08a-en
2012-10-04,Ebola and Sudan virus disease,wildlife,UG,https://www.who.int/emergencies/disease-outbreak-news/item/2012_10_04-en
2012-09-29,COVID-19,wildlife,,https://www.who.int/emergencies/disease-outbreak-news/item/2012_09_29-en
2012-09-28,COVID-19,wildlife,,https://www.who.int/emergencies/disease-outbreak-news/item/2012_09_28-en
2012-09-27,Ebola and Sudan virus disease,wildlife,CG,https://www.who.int/emergencies/disease-outbreak-news/item/2012_09_27-en
2012-09-25,COVID-19,wildlife,,https://www.who.int/emergencies/disease-outbreak-news/item/2012_09_25-en
2012-09-23,COVID-19,wildlife,GB,https://www.who.int/emergencies/disease-outbreak-news/item/2012_09_23-en
2012-09-14,Ebola and Sudan virus disease,wildlife,CG,https://www.who.int/emergencies/disease-outbreak-news/item/2012_09_14-en
2012-09-12,Hantavirus,wildlife,US,https://www.who.int/emergencies/disease-outbreak-news/item/2012_09_12-en
2012-09-05,Ebola and Sudan virus disease,wildlife,CG,https://www.who.int/emergencies/disease-outbreak-news/item/2012_09_05-en
2012-09-04,Hantavirus,wildlife,US,https://www.who.int/emergencies/disease-outbreak-news/item/2012_09_04-en
2012-09-03,Ebola and Sudan virus disease,wildlife,UG,https://www.who.int/emergencies/disease-outbreak-news/item/2012_09_03-en
2012-08-30,Ebola and Sudan virus disease,wildlife,CG,https://www.who.int/emergencies/disease-outbreak-news/item/2012_08_30-en
2012-08-21,Ebola and Sudan virus disease,wildlife,CG,https://www.who.int/emergencies/disease-outbreak-news/item/2012_08_21-en
2012-08-17,Ebola and Sudan virus disease,wildlife,CG,https://www.who.int/emergencies/disease-outbreak-news/item/2012_08_18-en
2012-08-14,Ebola and Sudan virus disease,wildlife,UG,https://www.who.int/emergencies/disease-outbreak-news/item/2012_08_14-en
2012-08-10,Avian influenza,birds,ID,https://www.who.int/emergencies/disease-outbreak-news/item/2012_08_10b-en
2012-08-03,Ebola and Sudan virus disease,wildlife,UG,https://www.who.int/emergencies/disease-outbreak-news/item/2012_08_03-en
2012-07-29,Ebola and Sudan virus disease,wildlife,UG,https://www.who.int/emergencies/disease-outbreak-news/item/2012_07_29-en
2012-07-06,Avian influenza,birds,ID,https://www.who.int/emergencies/disease-outbreak-news/item/2012_07_06-en
2012-06-07,Avian influenza,birds,EG,https://www.who.int/emergencies/disease-outbreak-news/item/2012_06_07-en
2012-06-05,Avian influenza,birds,CN HK,https://www.who.int/emergencies/disease-outbreak-news/item/2012_06_05-en
2012-05-29,Avian influenza,birds,KH,https://www.who.int/emergencies/disease-outbreak-news/item/2012_05_29-en
2012-05-02,Avian influenza,birds,ID,https://www.who.int/emergencies/disease-outbreak-news/item/2012_05_02-en
2012-04-12,Avian influenza,birds,EG,https://www.who.int/emergencies/disease-outbreak-news/item/2012_04_12-en
2012-04-05,Avian influenza,birds,KH,https://www.who.int/emergencies/disease-outbreak-news/item/2012_04_05-en
2012-04-04,Lassa fever,wildlife,NG,https://www.who.int/emergencies/disease-outbreak-news/item/2012_04_04-en
2012-04-02,Avian influenza,birds,EG,https://www.who.int/emergencies/disease-outbreak-news/item/2012_04_02-en
2012-03-26,Avian influenza,birds,ID,https://www.who.int/emergencies/disease-outbreak-news/item/2012_03_26-en
2012-03-19,Avian influenza,birds,EG,https://www.who.int/emergencies/disease-outbreak-news/item/2012_03_19-en
2012-03-12,Avian influenza,birds,ID,https://www.who.int/emergencies/disease-outbreak-news/item/2012_03_12b-en
2012-03-07,Avian influenza,birds,BD,https://www.who.int/emergencies/disease-outbreak-news/item/2012_03_07-en
2012-03-05,Avian influenza,birds,VN,https://www.who.int/emergencies/disease-outbreak-news/item/2012_03_05-en
2012-03-02,Avian influenza,birds,BD,https://www.who.int/emergencies/disease-outbreak-news/item/2012_03_02-en
2012-03-01,Avian influenza,birds,ID,https://www.who.int/emergencies/disease-outbreak-news/item/2012_03_01-en
2012-02-28,Avian influenza,birds,EG,https://www.who.int/emergencies/disease-outbreak-news/item/2012_02_28-en
2012-02-24,Avian influenza,birds,EG,https://www.who.int/emergencies/disease-outbreak-news/item/2012_02_24-en
2012-02-22,Avian influenza,birds,EG,https://www.who.int/emergencies/disease-outbreak-news/item/2012_02_22-en
2012-02-21,Avian influenza,birds,ID,https://www.who.int/emergencies/disease-outbreak-news/item/2012_02_21-en
2012-02-08,Avian influenza,birds,VN,https://www.who.int/emergencies/disease-outbreak-news/item/2012_02_08-en
2012-02-03,Yellow fever,vector,GH,https://www.who.int/emergencies/disease-outbreak-news/item/2012_02_03b-en
2012-02-03,Yellow fever,vector,CM,https://www.who.int/emergencies/disease-outbreak-news/item/2012_02_03-en
2012-01-24,Avian influenza,birds,CN,https://www.who.int/emergencies/disease-outbreak-news/item/2012_01_24-en
2012-01-20,Avian influenza,birds,VN,https://www.who.int/emergencies/disease-outbreak-news/item/2012_01_20-en
2012-01-19,Avian influenza,birds,EG,https://www.who.int/emergencies/disease-outbreak-news/item/2012_01_19b-en
2012-01-19,Avian influenza,birds,ID,https://www.who.int/emergencies/disease-outbreak-news/item/2012_01_19-en
2012-01-18,Avian influenza,birds,KH,https://www.who.int/emergencies/disease-outbreak-news/item/2012_01_18-en
2012-01-16,Avian influenza,birds,KH,https://www.who.int/emergencies/disease-outbreak-news/item/2012_01_16-en
2012-01-11,Avian influenza,birds,ID,https://www.who.int/emergencies/disease-outbreak-news/item/2012_01_11-en
2012-01-05,Avian influenza,birds,CN,https://www.who.int/emergencies/disease-outbreak-news/item/2012_01_05b-en
2012-01-05,Avian influenza,birds,EG,https://www.who.int/emergencies/disease-outbreak-news/item/2012_01_05-en
2011-12-01,Yellow fever,vector,SN,https://www.who.int/emergencies/disease-outbreak-news/item/2011_12_01-en
2011-11-15,Avian influenza,birds,ID,https://www.who.int/emergencies/disease-outbreak-news/item/2011_11_15-en
2011-11-02,Avian influenza,birds,EG,https://www.who.int/emergencies/disease-outbreak-news/item/2011_11_02-en
2011-10-26,Avian influenza,birds,ID,https://www.who.int/emergencies/disease-outbreak-news/item/2011_10_26-en
2011-10-10,Avian influenza,birds,ID,https://www.who.int/emergencies/disease-outbreak-news/item/2011_10_10-en
2011-08-19,Avian influenza,birds,KH,https://www.who.int/emergencies/disease-outbreak-news/item/2011_08_19-en
2011-08-16,West Nile fever,birds,,https://www.who.int/emergencies/disease-outbreak-news/item/2011_08_16-en
2011-08-09,Avian influenza,birds,EG,https://www.who.int/emergencies/disease-outbreak-news/item/2011_08_09-en
2011-08-02,Avian influenza,birds,KH,https://www.who.int/emergencies/disease-outbreak-news/item/2011_08_02-en
2011-06-22,Avian influenza,birds,EG,https://www.who.int/emergencies/disease-outbreak-news/item/2011_06_22-en
2011-06-16,Avian influenza,birds,EG,https://www.who.int/emergencies/disease-outbreak-news/item/2011_06_16-en
2011-06-03,Avian influenza,birds,ID,https://www.who.int/emergencies/disease-outbreak-news/item/2011_06_03-en
2011-06-01,Avian influenza,birds,EG,https://www.who.int/emergencies/disease-outbreak-news/item/2011_06_01-en
2011-05-18,Ebola and Sudan virus disease,wildlife,UG,https://www.who.int/emergencies/disease-outbreak-news/item/2011_05_18-en
2011-05-13,Avian influenza,birds,ID,https://www.who.int/emergencies/disease-outbreak-news/item/2011_05_13-en
2011-04-21,Avian influenza,birds,EG,https://www.who.int/emergencies/disease-outbreak-news/item/2011_04_21d-en
2011-04-21,Avian influenza,birds,KH,https://www.who.int/emergencies/disease-outbreak-news/item/2011_04_21c-en
2011-04-11,Avian influenza,birds,BD,https://www.who.int/emergencies/disease-outbreak-news/item/2011_04_11a-en
2011-04-11,Avian influenza,birds,KH,https://www.who.int/emergencies/disease-outbreak-news/item/2011_04_11b-en
2011-04-06,Avian influenza,birds,EG,https://www.who.int/emergencies/disease-outbreak-news/item/2011_04_06-en
2011-04-01,Avian influenza,birds,ID,https://www.who.int/emergencies/disease-outbreak-news/item/2011_04_01-en
2011-03-29,Avian influenza,birds,EG,https://www.who.int/emergencies/disease-outbreak-news/item/2011_03_29-en
2011-03-25,Avian influenza,birds,ID,https://www.who.int/emergencies/disease-outbreak-news/item/2011_03_25-en
2011-03-16,Avian influenza,birds,BD,https://www.who.int/emergencies/disease-outbreak-news/item/2011_03_16-en
2011-03-15,Avian influenza,birds,EG,https://www.who.int/emergencies/disease-outbreak-news/item/2011_03_15-en
2011-03-14,Avian influenza,birds,ID,https://www.who.int/emergencies/disease-outbreak-news/item/2011_03_14-en
2011-03-11,Yellow fever,vector,SL,https://www.who.int/emergencies/disease-outbreak-news/item/2011_03_11-en
2011-03-10,Avian influenza,birds,EG,https://www.who.int/emergencies/disease-outbreak-news/item/2011_03_10-en
2011-03-07,Avian influenza,birds,EG,https://www.who.int/emergencies/disease-outbreak-news/item/2011_03_07-en
2011-03-02,Avian influenza,birds,ID,https://www.who.int/emergencies/disease-outbreak-news/item/2011_03_02-en
2011-02-28,Avian influenza,birds,EG,https://www.who.int/emergencies/disease-outbreak-news/item/2011_02_28-en
2011-02-25,Avian influenza,birds,KH,https://www.who.int/emergencies/disease-outbreak-news/item/2011_02_25-en
2011-02-09,Avian influenza,birds,KH,https://www.who.int/emergencies/disease-outbreak-news/item/2011_02_09-en
2011-02-02,Avian influenza,birds,EG,https://www.who.int/emergencies/disease-outbreak-news/item/2011_02_02-en
2011-02-01,Yellow fever,vector,CI,https://www.who.int/emergencies/disease-outbreak-news/item/2011_02_01-en
2011-01-25,Yellow fever,vector,CI,https://www.who.int/emergencies/disease-outbreak-news/item/2011_01_25-en
2011-01-20,Avian influenza,birds,EG,https://www.who.int/emergencies/disease-outbreak-news/item/2011_01_20-en
2011-01-19,Yellow fever,vector,UG,https://www.who.int/emergencies/disease-outbreak-news/item/2011_01_19-en
2011-01-13,Avian influenza,birds,EG,https://www.who.int/emergencies/disease-outbreak-news/item/2011_01_12-en
2011-01-05,Avian influenza,birds,EG,https://www.who.int/emergencies/disease-outbreak-news/item/2011_01_05-en
2010-12-29,Avian influenza,birds,EG,https://www.who.int/emergencies/disease-outbreak-news/item/2010_12_29-en
2010-12-09,Avian influenza,birds,ID,https://www.who.int/emergencies/disease-outbreak-news/item/2010_12_09-en
2010-12-08,Avian influenza,birds,EG,https://www.who.int/emergencies/disease-outbreak-news/item/2010_12_08-en
2010-11-19,Avian influenza,birds,CN HK,https://www.who.int/emergencies/disease-outbreak-news/item/2010_11_19-en
2010-10-25,Crimean-Congo haemorrhagic fever,livestock,CG PK,https://www.who.int/emergencies/disease-outbreak-news/item/2010_10_25a-en
2010-10-18,Avian influenza,birds,ID,https://www.who.int/emergencies/disease-outbreak-news/item/2010_10_18-en
2010-10-05,Yellow fever,vector,SN,https://www.who.int/emergencies/disease-outbreak-news/item/2010_10_05-en
2010-08-31,Avian influenza,birds,EG,https://www.who.int/emergencies/disease-outbreak-news/item/2010_08_31-en
2010-08-12,Avian influenza,birds,EG,https://www.who.int/emergencies/disease-outbreak-news/item/2010_08_12-en
2010-08-10,Plague,wildlife,PE,https://www.who.int/emergencies/disease-outbreak-news/item/2010_08_10-en
2010-08-03,Avian influenza,birds,ID,https://www.who.int/emergencies/disease-outbreak-news/item/2010_08_03-en
2010-07-29,Avian influenza,birds,EG,https://www.who.int/emergencies/disease-outbreak-news/item/2010_07_29-en
2010-07-22,Avian influenza,birds,ID,https://www.who.int/emergencies/disease-outbreak-news/item/2010_07_22-en
2010-07-19,Yellow fever,vector,CD,https://www.who.int/emergencies/disease-outbreak-news/item/2010_07_19a-en
2010-07-05,Avian influenza,birds,ID,https://www.who.int/emergencies/disease-outbreak-news/item/2010_07_05-en
2010-06-08,Avian influenza,birds,CN,https://www.who.int/emergencies/disease-outbreak-news/item/2010_06_08-en
2010-05-27,Yellow fever,vector,CM,https://www.who.int/emergencies/disease-outbreak-news/item/2010_05_27-en
2010-05-12,Rift Valley fever,livestock,ZA,https://www.who.int/emergencies/disease-outbreak-news/item/2010_05_12-en
2010-05-06,Avian influenza,birds,ID,https://www.who.int/emergencies/disease-outbreak-news/item/2010_05_06-en
2010-05-04,Rift Valley fever,livestock,ZA,https://www.who.int/emergencies/disease-outbreak-news/item/2010_05_04a-en
2010-04-21,Avian influenza,birds,VN,https://www.who.int/emergencies/disease-outbreak-news/item/2010_04_21-en
2010-04-09,Avian influenza,birds,EG,https://www.who.int/emergencies/disease-outbreak-news/item/_2010_04_09-en
2010-03-30,Rift Valley fever,livestock,ZA,https://www.who.int/emergencies/disease-outbreak-news/item/2010_03_30a-en
2010-03-30,Avian influenza,birds,EG,https://www.who.int/emergencies/disease-outbreak-news/item/_2010_03_30-en
2010-03-29,Avian influenza,birds,VN,https://www.who.int/emergencies/disease-outbreak-news/item/2010_03_29a-en
2010-03-16,Avian influenza,birds,VN,https://www.who.int/emergencies/disease-outbreak-news/item/2010_03_16a-en
2010-03-12,Avian influenza,birds,EG,https://www.who.int/emergencies/disease-outbreak-news/item/_2010_03_12-en
2010-03-04,Avian influenza,birds,VN,https://www.who.int/emergencies/disease-outbreak-news/item/2010_03_04a-en
2010-02-24,Yellow fever,vector,CM,https://www.who.int/emergencies/disease-outbreak-news/item/2010_02_24-en
2010-02-17,Avian influenza,birds,EG,https://www.who.int/emergencies/disease-outbreak-news/item/2010_02_17-en
2010-02-12,Avian influenza,birds,ID,https://www.who.int/emergencies/disease-outbreak-news/item/2010_02_12a-en
2010-02-10,Avian influenza,birds,EG,https://www.who.int/emergencies/disease-outbreak-news/item/2010_02_10-en
2010-02-08,Avian influenza,birds,EG,https://www.who.int/emergencies/disease-outbreak-news/item/2010_02_08-en
2010-01-28,Avian influenza,birds,EG,https://www.who.int/emergencies/disease-outbreak-news/item/2010_01_28-en
2010-01-12,Yellow fever,vector,GN,https://www.who.int/emergencies/disease-outbreak-news/item/2010_01_12-en
2010-01-08,Yellow fever,vector,CI,https://www.who.int/emergencies/disease-outbreak-news/item/2010_01_08a-en
2009-12-21,Avian influenza,birds,EG,https://www.who.int/emergencies/disease-outbreak-news/item/2009_12_21-en
2009-12-18,Avian influenza,birds,KH,https://www.who.int/emergencies/disease-outbreak-news/item/2009_12_18-en
2009-12-11,Avian influenza,birds,VN,https://www.who.int/emergencies/disease-outbreak-news/item/2009_12_11-en
2009-12-01,Yellow fever,vector,CF,https://www.who.int/emergencies/disease-outbreak-news/item/2009_12_01-en
2009-11-27,Avian influenza,birds,EG,https://www.who.int/emergencies/disease-outbreak-news/item/2009_11_27-en
2009-11-20,Avian influenza,birds,EG,https://www.who.int/emergencies/disease-outbreak-news/item/2009_11_20-en
2009-11-17,Swine-origin influenza,livestock,UA,https://www.who.int/emergencies/disease-outbreak-news/item/2009_11_16-en
2009-11-03,Swine-origin influenza,livestock,UA,https://www.who.int/emergencies/disease-outbreak-news/item/2009_11_03-en
2009-11-01,Swine-origin influenza,livestock,UA,https://www.who.int/emergencies/disease-outbreak-news/item/2009_11_01-en
2009-10-01,Yellow fever,vector,CM,https://www.who.int/emergencies/disease-outbreak-news/item/2009_10_01-en
2009-09-24,Avian influenza,birds,EG,https://www.who.int/emergencies/disease-outbreak-news/item/2009_09_24-en
2009-08-31,Avian influenza,birds,EG,https://www.who.int/emergencies/disease-outbreak-news/item/2009_08_31-en
2009-08-11,Avian influenza,birds,EG,https://www.who.int/emergencies/disease-outbreak-news/item/2009_08_11a-en
2009-07-01,Avian influenza,birds,EG,https://www.who.int/emergencies/disease-outbreak-news/item/2009_07_01-en
2009-06-02,Avian influenza,birds,EG,https://www.who.int/emergencies/disease-outbreak-news/item/2009_06_02-en
2009-05-28,Avian influenza,birds,EG,https://www.who.int/emergencies/disease-outbreak-news/item/2009_05_28-en
2009-05-22,Avian influenza,birds,EG,https://www.who.int/emergencies/disease-outbreak-news/item/2009_05_22a-en
2009-05-17,Swine-origin influenza,livestock,,https://www.who.int/emergencies/disease-outbreak-news/item/2009_05_17-en
2009-05-16,Swine-origin influenza,livestock,,https://www.who.int/emergencies/disease-outbreak-news/item/2009_05_16-en
2009-05-15,Avian influenza,birds,EG,https://www.who.int/emergencies/disease-outbreak-news/item/2009_05_15a-en
2009-05-15,Swine-origin influenza,livestock,,https://www.who.int/emergencies/disease-outbreak-news/item/2009_05_15-en
2009-05-14,Swine-origin influenza,livestock,,https://www.who.int/emergencies/disease-outbreak-news/item/2009_05_14-en
2009-05-13,Swine-origin influenza,livestock,,https://www.who.int/emergencies/disease-outbreak-news/item/2009_05_13-en
2009-05-12,Swine-origin influenza,livestock,,https://www.who.int/emergencies/disease-outbreak-news/item/2009_05_12-en
2009-05-11,Swine-origin influenza,livestock,,https://www.who.int/emergencies/disease-outbreak-news/item/2009_05_11-en
2009-05-10,Swine-origin influenza,livestock,,https://www.who.int/emergencies/disease-outbreak-news/item/2009_05_10-en
2009-05-09,Swine-origin influenza,livestock,,https://www.who.int/emergencies/disease-outbreak-news/item/2009_05_09-en
2009-05-08,Swine-origin influenza,livestock,,https://www.who.int/emergencies/disease-outbreak-news/item/2009_05_08a-en
2009-05-07,Swine-origin influenza,livestock,,https://www.who.int/emergencies/disease-outbreak-news/item/2009_05_07a-en
2009-05-06,Yellow fever,vector,LR,https://www.who.int/emergencies/disease-outbreak-news/item/2009_05_06a-en
2009-05-06,Avian influenza,birds,VN,https://www.who.int/emergencies/disease-outbreak-news/item/2009_05_06c-en
2009-05-06,Avian influenza,birds,EG,https://www.who.int/emergencies/disease-outbreak-news/item/2009_05_06b-en
2009-05-06,Swine-origin influenza,livestock,,https://www.who.int/emergencies/disease-outbreak-news/item/2009_05_06d-en
2009-05-05,Swine-origin influenza,livestock,,https://www.who.int/emergencies/disease-outbreak-news/item/2009_05_05a-en
2009-05-04,Swine-origin influenza,livestock,,https://www.who.int/emergencies/disease-outbreak-news/item/2009_05_04a-en
2009-05-03,Swine-origin influenza,livestock,,https://www.who.int/emergencies/disease-outbreak-news/item/2009_05_03a-en
2009-05-02,Swine-origin influenza,livestock,,https://www.who.int/emergencies/disease-outbreak-news/item/2009_05_02a-en
2009-05-01,Swine-origin influenza,livestock,,https://www.who.int/emergencies/disease-outbreak-news/item/2009_05_01a-en
2009-04-30,Swine-origin influenza,livestock,,https://www.who.int/emergencies/disease-outbreak-news/item/2009_04_30_a-en
2009-04-29,Swine-origin influenza,livestock,,https://www.who.int/emergencies/disease-outbreak-news/item/2009_04_29-en
2009-04-28,Swine-origin influenza,livestock,,https://www.who.int/emergencies/disease-outbreak-news/item/2009_04_28-en
2009-04-27,Swine-origin influenza,livestock,,https://www.who.int/emergencies/disease-outbreak-news/item/2009_04_27-en
2009-04-26,Swine-origin influenza,livestock,MX US,https://www.who.int/emergencies/disease-outbreak-news/item/2009_04_26-en
2009-04-25,Swine-origin influenza,livestock,,https://www.who.int/emergencies/disease-outbreak-news/item/2009_04_25-en
2009-04-21,Avian influenza,birds,EG,https://www.who.int/emergencies/disease-outbreak-news/item/2009_04_21-en
2009-04-17,Avian influenza,birds,EG,https://www.who.int/emergencies/disease-outbreak-news/item/2009_04_17-en
2009-04-08,Avian influenza,birds,EG,https://www.who.int/emergencies/disease-outbreak-news/item/2009_04_08a-en
2009-03-31,Ebola and Sudan virus disease,wildlife,PH,https://www.who.int/emergencies/disease-outbreak-news/item/2009_03_31-en
2009-03-30,Avian influenza,birds,EG,https://www.who.int/emergencies/disease-outbreak-news/item/2009_03_30-en
2009-03-23,Avian influenza,birds,EG,https://www.who.int/emergencies/disease-outbreak-news/item/2009_03_23a-en
2009-03-11,Avian influenza,birds,EG,https://www.who.int/emergencies/disease-outbreak-news/item/2009_03_11-en
2009-03-10,Avian influenza,birds,EG,https://www.who.int/emergencies/disease-outbreak-news/item/2009_03_10-en
2009-03-02,Avian influenza,birds,EG,https://www.who.int/emergencies/disease-outbreak-news/item/2009_03_02-en
2009-02-27,Avian influenza,birds,VN,https://www.who.int/emergencies/disease-outbreak-news/item/2009_02_27-en
2009-02-24,Avian influenza,birds,VN,https://www.who.int/emergencies/disease-outbreak-news/item/2009_02_24-en
2009-02-18,Avian influenza,birds,VN,https://www.who.int/emergencies/disease-outbreak-news/item/2009_02_18-en
2009-02-17,Ebola and Sudan virus disease,wildlife,CD,https://www.who.int/emergencies/disease-outbreak-news/item/2009_02_17-en
2009-02-11,Avian influenza,birds,VN,https://www.who.int/emergencies/disease-outbreak-news/item/2009_02_11-en
2009-02-09,Avian influenza,birds,EG,https://www.who.int/emergencies/disease-outbreak-news/item/2009_02_09-en
2009-02-05,Avian influenza,birds,EG,https://www.who.int/emergencies/disease-outbreak-news/item/2009_02_05-en
2009-02-03,Ebola and Sudan virus disease,wildlife,PH,https://www.who.int/emergencies/disease-outbreak-news/item/2009_02_03-en
2009-02-02,Avian influenza,birds,CN,https://www.who.int/emergencies/disease-outbreak-news/item/2009_02_02-en
2009-01-27,Avian influenza,birds,CN,https://www.who.int/emergencies/disease-outbreak-news/item/2009_01_27-en
2009-01-26,Avian influenza,birds,EG,https://www.who.int/emergencies/disease-outbreak-news/item/2009_01_26-en
2009-01-24,Avian influenza,birds,CN,https://www.who.int/emergencies/disease-outbreak-news/item/2009_01_24-en
2009-01-22,Avian influenza,birds,ID,https://www.who.int/emergencies/disease-outbreak-news/item/2009_01_22-en
2009-01-19,Avian influenza,birds,CN,https://www.who.int/emergencies/disease-outbreak-news/item/2009_01_19-en
2009-01-14,Avian influenza,birds,EG,https://www.who.int/emergencies/disease-outbreak-news/item/2009_01_14a-en
2009-01-07,Avian influenza,birds,CN,https://www.who.int/emergencies/disease-outbreak-news/item/2009_01_07a-en
2009-01-06,Yellow fever,vector,SL,https://www.who.int/emergencies/disease-outbreak-news/item/2009_01_06a-en
2009-01-02,Ebola and Sudan virus disease,wildlife,CG,https://www.who.int/emergencies/disease-outbreak-news/item/2009_01_02-en
2008-12-26,Ebola and Sudan virus disease,wildlife,CD,https://www.who.int/emergencies/disease-outbreak-news/item/2008_12_26a-en
2008-12-16,Avian influenza,birds,EG,https://www.who.int/emergencies/disease-outbreak-news/item/2008_12_16-en
2008-12-12,Avian influenza,birds,KH,https://www.who.int/emergencies/disease-outbreak-news/item/2008_12_12-en
2008-12-09,Avian influenza,birds,ID,https://www.who.int/emergencies/disease-outbreak-news/item/2008_12_09-en
2008-11-03,Yellow fever,vector,BF,https://www.who.int/emergencies/disease-outbreak-news/item/2008_11_03-en
2008-10-30,Yellow fever,vector,CF,https://www.who.int/emergencies/disease-outbreak-news/item/2008_10_30-en
2008-08-08,Yellow fever,vector,CI,https://www.who.int/emergencies/disease-outbreak-news/item/2008_08_08-en
2008-07-10,Marburg virus disease,wildlife,NL UG,https://www.who.int/emergencies/disease-outbreak-news/item/2008_07_10-en
2008-06-19,Avian influenza,birds,ID,https://www.who.int/emergencies/disease-outbreak-news/item/2008_06_19-en
2008-05-28,Avian influenza,birds,BD,https://www.who.int/emergencies/disease-outbreak-news/item/2008_05_28-en
2008-05-20,Yellow fever,vector,CF,https://www.who.int/emergencies/disease-outbreak-news/item/2008_05_20-en
2008-04-30,Avian influenza,birds,ID,https://www.who.int/emergencies/disease-outbreak-news/item/2008_04_30-en
2008-04-25,Yellow fever,vector,LR,https://www.who.int/emergencies/disease-outbreak-news/item/2008_04_25-en
2008-04-18,Rift Valley fever,livestock,MG,https://www.who.int/emergencies/disease-outbreak-news/item/2008_04_18a-en
2008-04-17,Avian influenza,birds,EG,https://www.who.int/emergencies/disease-outbreak-news/item/2008_04_17-en
2008-04-15,Avian influenza,birds,EG,https://www.who.int/emergencies/disease-outbreak-news/item/2008_04_15-en
2008-04-08,Avian influenza,birds,EG,https://www.who.int/emergencies/disease-outbreak-news/item/2008_04_08-en
2008-04-03,Avian influenza,birds,PK,https://www.who.int/emergencies/disease-outbreak-news/item/2008_04_03-en
2008-04-02,Avian influenza,birds,ID,https://www.who.int/emergencies/disease-outbreak-news/item/2008_04_02-en
2008-03-18,Avian influenza,birds,VN,https://www.who.int/emergencies/disease-outbreak-news/item/2008_03_18-en
2008-03-11,Avian influenza,birds,EG,https://www.who.int/emergencies/disease-outbreak-news/item/2008_03_11-en
2008-03-07,Yellow fever,vector,PY,https://www.who.int/emergencies/disease-outbreak-news/item/2008_03_07-en
2008-03-05,Avian influenza,birds,EG,https://www.who.int/emergencies/disease-outbreak-news/item/2008_03_05-en
2008-03-04,Avian influenza,birds,EG,https://www.who.int/emergencies/disease-outbreak-news/item/2008_03_04-en
2008-02-28,Avian influenza,birds,EG,https://www.who.int/emergencies/disease-outbreak-news/item/2008_02_28-en
2008-02-28,Yellow fever,vector,PY,https://www.who.int/emergencies/disease-outbreak-news/item/2008_02_28a-en
2008-02-26,Avian influenza,birds,VN,https://www.who.int/emergencies/disease-outbreak-news/item/2008_02_26b-en
2008-02-21,Avian influenza,birds,ID,https://www.who.int/emergencies/disease-outbreak-news/item/2008_02_21a-en
2008-02-20,Ebola and Sudan virus disease,wildlife,UG,https://www.who.int/emergencies/disease-outbreak-news/item/2007_02_20b-en
2008-02-20,Avian influenza,birds,CN,https://www.who.int/emergencies/disease-outbreak-news/item/2008_02_20-en
2008-02-20,Yellow fever,vector,PY,https://www.who.int/emergencies/disease-outbreak-news/item/2008_02_20a-en
2008-02-15,Avian influenza,birds,VN,https://www.who.int/emergencies/disease-outbreak-news/item/2008_02_15-en
2008-02-12,Avian influenza,birds,ID,https://www.who.int/emergencies/disease-outbreak-news/item/2008_02_12-en
2008-02-07,Yellow fever,vector,BR,https://www.who.int/emergencies/disease-outbreak-news/item/2008_02_07-en
2008-02-05,Avian influenza,birds,ID,https://www.who.int/emergencies/disease-outbreak-news/item/2008_02_05-en
2008-02-01,Avian influenza,birds,ID,https://www.who.int/emergencies/disease-outbreak-news/item/2008_02_01-en
2008-01-30,Avian influenza,birds,ID,https://www.who.int/emergencies/disease-outbreak-news/item/2008_01_30-en
2008-01-29,Avian influenza,birds,ID,https://www.who.int/emergencies/disease-outbreak-news/item/2008_01_29-en
2008-01-24,Avian influenza,birds,ID,https://www.who.int/emergencies/disease-outbreak-news/item/2008_01_24a-en
2008-01-23,Avian influenza,birds,ID,https://www.who.int/emergencies/disease-outbreak-news/item/2008_01_23-en
2008-01-22,Rift Valley fever,livestock,SD,https://www.who.int/emergencies/disease-outbreak-news/item/2008_01_22-en
2008-01-21,Avian influenza,birds,ID,https://www.who.int/emergencies/disease-outbreak-news/item/2008_01_21-en
2008-01-18,Avian influenza,birds,ID,https://www.who.int/emergencies/disease-outbreak-news/item/2008_01_18-en
2008-01-15,Avian influenza,birds,ID,https://www.who.int/emergencies/disease-outbreak-news/item/2008_01_15-en
2008-01-11,Avian influenza,birds,ID,https://www.who.int/emergencies/disease-outbreak-news/item/2008_01_11-en
2008-01-03,Avian influenza,birds,EG,https://www.who.int/emergencies/disease-outbreak-news/item/2008_01_03-en
2008-01-02,Avian influenza,birds,EG,https://www.who.int/emergencies/disease-outbreak-news/item/2008_01_02-en
2007-12-28,Avian influenza,birds,EG,https://www.who.int/emergencies/disease-outbreak-news/item/2007_12_28a-en
2007-12-27,Avian influenza,birds,PK,https://www.who.int/emergencies/disease-outbreak-news/item/2007_12_27-en
2007-12-26,Avian influenza,birds,ID,https://www.who.int/emergencies/disease-outbreak-news/item/2007_12_26-en
2007-12-26,Avian influenza,birds,EG,https://www.who.int/emergencies/disease-outbreak-news/item/2007_12_26a-en
2007-12-21,Rift Valley fever,livestock,SD,https://www.who.int/emergencies/disease-outbreak-news/item/2007_12_21-en
2007-12-18,Avian influenza,birds,ID,https://www.who.int/emergencies/disease-outbreak-news/item/2007_12_18-en
2007-12-15,Avian influenza,birds,PK,https://www.who.int/emergencies/disease-outbreak-news/item/2007_12_15-en
2007-12-14,Avian influenza,birds,MM,https://www.who.int/emergencies/disease-outbreak-news/item/2007_12_14-en
2007-12-13,Avian influenza,birds,ID,https://www.who.int/emergencies/disease-outbreak-news/item/2007_12_13-en
2007-12-12,Avian influenza,birds,ID,https://www.who.int/emergencies/disease-outbreak-news/item/2007_12_12-en
2007-12-09,Avian influenza,birds,CN,https://www.who.int/emergencies/disease-outbreak-news/item/2007_12_09-en
2007-12-07,Ebola and Sudan virus disease,wildlife,UG,https://www.who.int/emergencies/disease-outbreak-news/item/2007_12_07-en
2007-12-04,Avian influenza,birds,CN,https://www.who.int/emergencies/disease-outbreak-news/item/2007_12_04-en
2007-11-30,Ebola and Sudan virus disease,wildlife,UG,https://www.who.int/emergencies/disease-outbreak-news/item/2007_11_30a-en
2007-11-22,Rift Valley fever,livestock,SD,https://www.who.int/emergencies/disease-outbreak-news/item/2007_11_22-en
2007-11-14,Rift Valley fever,livestock,SD,https://www.who.int/emergencies/disease-outbreak-news/item/2007_11_14-en
2007-11-12,Avian influenza,birds,ID,https://www.who.int/emergencies/disease-outbreak-news/item/2007_11_12-en
2007-11-07,Rift Valley fever,livestock,SD,https://www.who.int/emergencies/disease-outbreak-news/item/2007_11_07-en
2007-11-05,Avian influenza,birds,ID,https://www.who.int/emergencies/disease-outbreak-news/item/2007_11_05a-en
2007-10-31,Avian influenza,birds,ID,https://www.who.int/emergencies/disease-outbreak-news/item/2007_10_31-en
2007-10-25,Avian influenza,birds,ID,https://www.who.int/emergencies/disease-outbreak-news/item/2007_10_25-en
2007-10-17,Avian influenza,birds,ID,https://www.who.int/emergencies/disease-outbreak-news/item/2007_10_17-en
2007-10-12,Avian influenza,birds,ID,https://www.who.int/emergencies/disease-outbreak-news/item/2007_10_12-en
2007-10-08,Avian influenza,birds,ID,https://www.who.int/emergencies/disease-outbreak-news/item/2007_10_08-en
2007-10-03,Ebola and Sudan virus disease,wildlife,CD,https://www.who.int/emergencies/disease-outbreak-news/item/2007_10_03a-en
2007-10-02,Avian influenza,birds,ID,https://www.who.int/emergencies/disease-outbreak-news/item/2007_10_02-en
2007-09-27,Ebola and Sudan virus disease,wildlife,CD,https://www.who.int/emergencies/disease-outbreak-news/item/2007_09_27-en
2007-09-20,Ebola and Sudan virus disease,wildlife,CD,https://www.who.int/emergencies/disease-outbreak-news/item/2007_09_20-en
2007-09-13,Ebola and Sudan virus disease,wildlife,CD,https://www.who.int/emergencies/disease-outbreak-news/item/2007_09_13-en
2007-09-11,Ebola and Sudan virus disease,wildlife,CD,https://www.who.int/emergencies/disease-outbreak-news/item/2007_09_11-en
2007-08-23,Avian influenza,birds,ID,https://www.who.int/emergencies/disease-outbreak-news/item/2007_08_23-en
2007-08-16,Avian influenza,birds,ID,https://www.who.int/emergencies/disease-outbreak-news/item/2007_08_16-en
2007-08-14,Avian influenza,birds,ID,https://www.who.int/emergencies/disease-outbreak-news/item/2007_08_14a-en
2007-08-03,Marburg virus disease,wildlife,UG,https://www.who.int/emergencies/disease-outbreak-news/item/2007_08_03-en
2007-07-25,Avian influenza,birds,EG,https://www.who.int/emergencies/disease-outbreak-news/item/2007_07_25-en
2007-07-11,Avian influenza,birds,ID,https://www.who.int/emergencies/disease-outbreak-news/item/2007_07_11-en
2007-06-29,Avian influenza,birds,VN,https://www.who.int/emergencies/disease-outbreak-news/item/2007_06_29-en
2007-06-25,Avian influenza,birds,ID,https://www.who.int/emergencies/disease-outbreak-news/item/2007_06_25a-en
2007-06-15,Avian influenza,birds,ID,https://www.who.int/emergencies/disease-outbreak-news/item/2007_06_15-en
2007-06-12,Avian influenza,birds,EG,https://www.who.int/emergencies/disease-outbreak-news/item/2007_06_12-en
2007-06-11,Avian influenza,birds,EG,https://www.who.int/emergencies/disease-outbreak-news/item/2007_06_11-en
2007-06-06,Avian influenza,birds,ID,https://www.who.int/emergencies/disease-outbreak-news/item/2007_06_06-en
2007-06-04,Avian influenza,birds,CN,https://www.who.int/emergencies/disease-outbreak-news/item/2007_06_04a-en
2007-05-31,Avian influenza,birds,ID,https://www.who.int/emergencies/disease-outbreak-news/item/2007_05_31-en
2007-05-29,Avian influenza,birds,GB,https://www.who.int/emergencies/disease-outbreak-news/item/2007_05_29-en
2007-05-24,Avian influenza,birds,ID,https://www.who.int/emergencies/disease-outbreak-news/item/2007_05_24-en
2007-05-16,Avian influenza,birds,ID,https://www.who.int/emergencies/disease-outbreak-news/item/2007_05_16-en
2007-05-09,Rift Valley fever,livestock,KE SO TZ,https://www.who.int/emergencies/disease-outbreak-news/item/2007_05_09-en
2007-04-11,Avian influenza,birds,EG,https://www.who.int/emergencies/disease-outbreak-news/item/2007_04_11-en
2007-04-10,Avian influenza,birds,KH,https://www.who.int/emergencies/disease-outbreak-news/item/2007_04_10a-en
2007-04-02,Avian influenza,birds,EG,https://www.who.int/emergencies/disease-outbreak-news/item/2007_04_02-en
2007-03-29,Avian influenza,birds,CN,https://www.who.int/emergencies/disease-outbreak-news/item/2007_03_29-en
2007-03-28,Avian influenza,birds,EG,https://www.who.int/emergencies/disease-outbreak-news/item/2007_03_28-en
2007-03-27,Avian influenza,birds,EG,https://www.who.int/emergencies/disease-outbreak-news/item/2007_03_27-en
2007-03-23,Rift Valley fever,livestock,TZ,https://www.who.int/emergencies/disease-outbreak-news/item/2007_03_23-en
2007-03-20,Avian influenza,birds,EG,https://www.who.int/emergencies/disease-outbreak-news/item/2007_03_20-en
2007-03-16,Avian influenza,birds,LA,https://www.who.int/emergencies/disease-outbreak-news/item/2007_03_16-en
2007-03-12,Avian influenza,birds,EG,https://www.who.int/emergencies/disease-outbreak-news/item/2007_03_12-en
2007-03-08,Avian influenza,birds,LA,https://www.who.int/emergencies/disease-outbreak-news/item/2007_03_08-en
2007-03-01,Avian influenza,birds,CN,https://www.who.int/emergencies/disease-outbreak-news/item/2007_03_01a-en
2007-02-27,Avian influenza,birds,LA,https://www.who.int/emergencies/disease-outbreak-news/item/2007_02_27-en
2007-02-19,Avian influenza,birds,EG,https://www.who.int/emergencies/disease-outbreak-news/item/2007_02_19-en
2007-02-16,Avian influenza,birds,EG,https://www.who.int/emergencies/disease-outbreak-news/item/2007_02_16-en
2007-02-15,Avian influenza,birds,EG,https://www.who.int/emergencies/disease-outbreak-news/item/2007_02_15-en
2007-02-12,Yellow fever,vector,TG,https://www.who.int/emergencies/disease-outbreak-news/item/2007_02_12-en
2007-02-06,Avian influenza,birds,EG,https://www.who.int/emergencies/disease-outbreak-news/item/2007_02_06-en
2007-02-03,Avian influenza,birds,NG,https://www.who.int/emergencies/disease-outbreak-news/item/2007_02_03-en
2007-01-31,Avian influenza,birds,NG,https://www.who.int/emergencies/disease-outbreak-news/item/2007_01_31a-en
2007-01-29,Avian influenza,birds,ID,https://www.who.int/emergencies/disease-outbreak-news/item/2007_01_29-en
2007-01-29,Yellow fever,vector,TG,https://www.who.int/emergencies/disease-outbreak-news/item/2007_01_29a-en
2007-01-22,Avian influenza,birds,ID,https://www.who.int/emergencies/disease-outbreak-news/item/2007_01_22-en
2007-01-22,Avian influenza,birds,EG,https://www.who.int/emergencies/disease-outbreak-news/item/2007_01_22a-en
2007-01-18,Avian influenza,birds,EG,https://www.who.int/emergencies/disease-outbreak-news/item/2007_01_18-en
2007-01-15,Rift Valley fever,livestock,KE,https://www.who.int/emergencies/disease-outbreak-news/item/2007_01_15a-en
2007-01-12,Avian influenza,birds,ID,https://www.who.int/emergencies/disease-outbreak-news/item/2007_01_12-en
2007-01-11,Yellow fever,vector,TG,https://www.who.int/emergencies/disease-outbreak-news/item/2007_01_11-en
2007-01-11,Avian influenza,birds,ID,https://www.who.int/emergencies/disease-outbreak-news/item/2007_01_11a-en
2007-01-10,Avian influenza,birds,CN,https://www.who.int/emergencies/disease-outbreak-news/item/2007_01_10-en
2007-01-09,Avian influenza,birds,ID,https://www.who.int/emergencies/disease-outbreak-news/item/2007_01_09-en
2006-12-27,Avian influenza,birds,EG,https://www.who.int/emergencies/disease-outbreak-news/item/2006_12_27a-en
2006-12-26,Rift Valley fever,livestock,KE,https://www.who.int/emergencies/disease-outbreak-news/item/2006_12_26-en
2006-12-19,Yellow fever,vector,TG,https://www.who.int/emergencies/disease-outbreak-news/item/2006_12_19-en
2006-11-29,Avian influenza,birds,ID,https://www.who.int/emergencies/disease-outbreak-news/item/2006_11_29-en
2006-11-13,Avian influenza,birds,ID,https://www.who.int/emergencies/disease-outbreak-news/item/2006_11_13-en
2006-11-07,Plague,wildlife,CD,https://www.who.int/emergencies/disease-outbreak-news/item/2006_11_07-en
2006-10-31,Avian influenza,birds,EG,https://www.who.int/emergencies/disease-outbreak-news/item/2006_10_31-en
2006-10-19,Yellow fever,vector,CI,https://www.who.int/emergencies/disease-outbreak-news/item/2006_10_19a-en
2006-10-16,Avian influenza,birds,ID,https://www.who.int/emergencies/disease-outbreak-news/item/2006_10_16-en
2006-10-13,Plague,wildlife,CD,https://www.who.int/emergencies/disease-outbreak-news/item/2006_10_13-en
2006-10-11,Avian influenza,birds,EG,https://www.who.int/emergencies/disease-outbreak-news/item/2006_10_11-en
2006-10-03,Avian influenza,birds,ID,https://www.who.int/emergencies/disease-outbreak-news/item/2006_10_03-en
2006-09-28,Avian influenza,birds,ID,https://www.who.int/emergencies/disease-outbreak-news/item/2006_09_28-en
2006-09-27,Avian influenza,birds,ID,https://www.who.int/emergencies/disease-outbreak-news/item/2006_09_27a-en
2006-09-25,Avian influenza,birds,ID,https://www.who.int/emergencies/disease-outbreak-news/item/2006_09_25-en
2006-09-19,Avian influenza,birds,IQ,https://www.who.int/emergencies/disease-outbreak-news/item/2006_09_19-en
2006-09-14,Avian influenza,birds,ID,https://www.who.int/emergencies/disease-outbreak-news/item/2006_09_14-en
2006-09-08,Avian influenza,birds,ID,https://www.who.int/emergencies/disease-outbreak-news/item/2006_09_08a-en
2006-08-23,Avian influenza,birds,ID,https://www.who.int/emergencies/disease-outbreak-news/item/2006_08_23-en
2006-08-21,Avian influenza,birds,ID,https://www.who.int/emergencies/disease-outbreak-news/item/2006_08_21-en
2006-08-17,Avian influenza,birds,ID,https://www.who.int/emergencies/disease-outbreak-news/item/2006_08_17-en
2006-08-14,Avian influenza,birds,CN,https://www.who.int/emergencies/disease-outbreak-news/item/2006_08_14-en
2006-08-14,Avian influenza,birds,ID,https://www.who.int/emergencies/disease-outbreak-news/item/2006_08_14a-en
2006-08-09,Avian influenza,birds,ID,https://www.who.int/emergencies/disease-outbreak-news/item/2006_08_09-en
2006-08-08,Avian influenza,birds,CN,https://www.who.int/emergencies/disease-outbreak-news/item/2006_08_08-en
2006-08-08,Avian influenza,birds,ID,https://www.who.int/emergencies/disease-outbreak-news/item/2006_08_08a-en
2006-08-08,Crimean-Congo haemorrhagic fever,livestock,CG TR,https://www.who.int/emergencies/disease-outbreak-news/item/2006_08_08b-en
2006-08-07,Avian influenza,birds,TH,https://www.who.int/emergencies/disease-outbreak-news/item/2006_08_07-en
2006-07-26,Avian influenza,birds,TH,https://www.who.int/emergencies/disease-outbreak-news/item/2006_07_26-en
2006-07-25,Lassa fever,wildlife,DE,https://www.who.int/emergencies/disease-outbreak-news/item/2006_07_25-en
2006-07-20,Avian influenza,birds,ID,https://www.who.int/emergencies/disease-outbreak-news/item/2006_07_20-en
2006-07-14,Avian influenza,birds,ID,https://www.who.int/emergencies/disease-outbreak-news/item/2006_07_14-en
2006-07-04,Avian influenza,birds,ID,https://www.who.int/emergencies/disease-outbreak-news/item/2006_07_04-en
2006-06-30,Avian influenza,birds,,https://www.who.int/emergencies/disease-outbreak-news/item/2006_06_30-en
2006-06-20,Avian influenza,birds,ID,https://www.who.int/emergencies/disease-outbreak-news/item/2006_06_20-en
2006-06-16,Avian influenza,birds,CN,https://www.who.int/emergencies/disease-outbreak-news/item/2006_06_16-en
2006-06-15,Avian influenza,birds,ID,https://www.who.int/emergencies/disease-outbreak-news/item/2006_06_15-en
2006-06-14,Plague,wildlife,CD,https://www.who.int/emergencies/disease-outbreak-news/item/2006_06_14-en
2006-06-06,Avian influenza,birds,ID,https://www.who.int/emergencies/disease-outbreak-news/item/2006_06_06b-en
2006-05-31,Avian influenza,birds,ID,https://www.who.int/emergencies/disease-outbreak-news/item/2006_05_31-en
2006-05-29,Avian influenza,birds,ID,https://www.who.int/emergencies/disease-outbreak-news/item/2006_05_29-en
2006-05-23,Avian influenza,birds,ID,https://www.who.int/emergencies/disease-outbreak-news/item/2006_05_23-en
2006-05-19,Avian influenza,birds,ID,https://www.who.int/emergencies/disease-outbreak-news/item/2006_05_19-en
2006-05-18,Avian influenza,birds,EG,https://www.who.int/emergencies/disease-outbreak-news/item/2006_05_18c-en
2006-05-18,Avian influenza,birds,ID,https://www.who.int/emergencies/disease-outbreak-news/item/2006_05_18b-en
2006-05-12,Avian influenza,birds,DJ,https://www.who.int/emergencies/disease-outbreak-news/item/2006_05_12-en
2006-05-08,Avian influenza,birds,ID,https://www.who.int/emergencies/disease-outbreak-news/item/2006_05_08-en
2006-05-05,Avian influenza,birds,EG,https://www.who.int/emergencies/disease-outbreak-news/item/2006_05_05-en
2006-05-04,Avian influenza,birds,EG,https://www.who.int/emergencies/disease-outbreak-news/item/2006_05_04-en
2006-04-27,Avian influenza,birds,CN,https://www.who.int/emergencies/disease-outbreak-news/item/2006_04_27-en
2006-04-21,Avian influenza,birds,EG,https://www.who.int/emergencies/disease-outbreak-news/item/2006_04_21a-en
2006-04-19,Avian influenza,birds,ID,https://www.who.int/emergencies/disease-outbreak-news/item/2006_04_19a-en
2006-04-19,Avian influenza,birds,CN,https://www.who.int/emergencies/disease-outbreak-news/item/2006_04_19-en
2006-04-13,Avian influenza,birds,EG,https://www.who.int/emergencies/disease-outbreak-news/item/2006_04_13-en
2006-04-12,Avian influenza,birds,ID,https://www.who.int/emergencies/disease-outbreak-news/item/2006_04_12-en
2006-04-11,Avian influenza,birds,AZ,https://www.who.int/emergencies/disease-outbreak-news/item/2006_04_11-en
2006-04-06,Avian influenza,birds,EG,https://www.who.int/emergencies/disease-outbreak-news/item/2006_04_06a-en
2006-04-04,Avian influenza,birds,ID,https://www.who.int/emergencies/disease-outbreak-news/item/2006_04_04-en
2006-04-03,Avian influenza,birds,EG,https://www.who.int/emergencies/disease-outbreak-news/item/2006_04_03-en
2006-03-29,Avian influenza,birds,EG,https://www.who.int/emergencies/disease-outbreak-news/item/2006_03_29-en
2006-03-24,Avian influenza,birds,CN,https://www.who.int/emergencies/disease-outbreak-news/item/2006_03_24c-en
2006-03-21,Avian influenza,birds,AZ,https://www.who.int/emergencies/disease-outbreak-news/item/2006_03_21a-en
2006-03-20,Avian influenza,birds,EG,https://www.who.int/emergencies/disease-outbreak-news/item/2006_03_20-en
2006-03-14,Avian influenza,birds,AZ,https://www.who.int/emergencies/disease-outbreak-news/item/2006_03_14-en
2006-03-13,Avian influenza,birds,ID,https://www.who.int/emergencies/disease-outbreak-news/item/2006_03_13-en
2006-03-10,Avian influenza,birds,AZ,https://www.who.int/emergencies/disease-outbreak-news/item/2006_03_10a-en
2006-03-09,Avian influenza,birds,DE,https://www.who.int/emergencies/disease-outbreak-news/item/2006_03_09a-en
2006-03-08,Avian influenza,birds,CN,https://www.who.int/emergencies/disease-outbreak-news/item/2006_03_08-en
2006-03-06,Avian influenza,birds,CN,https://www.who.int/emergencies/disease-outbreak-news/item/2006_03_06a-en
2006-03-01,Avian influenza,birds,IQ,https://www.who.int/emergencies/disease-outbreak-news/item/2006_03_01a-en
2006-02-28,Avian influenza,birds,,https://www.who.int/emergencies/disease-outbreak-news/item/2006_02_28a-en
2006-02-27,Avian influenza,birds,CN,https://www.who.int/emergencies/disease-outbreak-news/item/2006_02_27a-en
2006-02-23,Avian influenza,birds,IN,https://www.who.int/emergencies/disease-outbreak-news/item/2006_02_23-en
2006-02-22,Avian influenza,birds,NG,https://www.who.int/emergencies/disease-outbreak-news/item/2006_02_22-en
2006-02-21,Avian influenza,birds,,https://www.who.int/emergencies/disease-outbreak-news/item/2006_02_21b-en
2006-02-21,Avian influenza,birds,IN,https://www.who.int/emergencies/disease-outbreak-news/item/2006_02_21-en
2006-02-20,Avian influenza,birds,ID,https://www.who.int/emergencies/disease-outbreak-news/item/2006_02_20-en
2006-02-17,Avian influenza,birds,IQ,https://www.who.int/emergencies/disease-outbreak-news/item/2006_02_17-en
2006-02-13,Avian influenza,birds,CN,https://www.who.int/emergencies/disease-outbreak-news/item/2006_02_13a-en
2006-02-09,Avian influenza,birds,CN,https://www.who.int/emergencies/disease-outbreak-news/item/2006_02_09-en
2006-02-08,Avian influenza,birds,NG,https://www.who.int/emergencies/disease-outbreak-news/item/2006_02_08-en
2006-02-07,Avian influenza,birds,IQ,https://www.who.int/emergencies/disease-outbreak-news/item/2006_02_07-en
2006-02-06,Avian influenza,birds,ID,https://www.who.int/emergencies/disease-outbreak-news/item/2006_02_06-en
2006-02-02,Avian influenza,birds,IQ,https://www.who.int/emergencies/disease-outbreak-news/item/2006_02_02-en
2006-01-30,Avian influenza,birds,IQ,https://www.who.int/emergencies/disease-outbreak-news/item/2006_01_30a-en
2006-01-30,Avian influenza,birds,TR,https://www.who.int/emergencies/disease-outbreak-news/item/2006_01_30-en
2006-01-25,Avian influenza,birds,CN,https://www.who.int/emergencies/disease-outbreak-news/item/2006_01_25a-en
2006-01-23,Avian influenza,birds,ID,https://www.who.int/emergencies/disease-outbreak-news/item/2006_01_23-en
2006-01-19,Avian influenza,birds,CN,https://www.who.int/emergencies/disease-outbreak-news/item/2006_01_19-en
2006-01-18,Avian influenza,birds,TR,https://www.who.int/emergencies/disease-outbreak-news/item/2006_01_18-en
2006-01-16,Avian influenza,birds,TR,https://www.who.int/emergencies/disease-outbreak-news/item/2006_01_16-en
2006-01-14,Avian influenza,birds,ID,https://www.who.int/emergencies/disease-outbreak-news/item/2006_01_14-en
2006-01-12,Avian influenza,birds,TR,https://www.who.int/emergencies/disease-outbreak-news/item/2006_01_12-en
2006-01-10,Avian influenza,birds,TR,https://www.who.int/emergencies/disease-outbreak-news/item/2006_01_10a-en
2006-01-09,Avian influenza,birds,TR,https://www.who.int/emergencies/disease-outbreak-news/item/2006_01_09-en
2006-01-07,Avian influenza,birds,TR,https://www.who.int/emergencies/disease-outbreak-news/item/2006_01_07-en
2006-01-05,Avian influenza,birds,TR,https://www.who.int/emergencies/disease-outbreak-news/item/2006_01_05-en
2005-12-30,Avian influenza,birds,CN,https://www.who.int/emergencies/disease-outbreak-news/item/2005_12_30-en
2005-12-23,Avian influenza,birds,ID,https://www.who.int/emergencies/disease-outbreak-news/item/2005_12_23-en
2005-12-19,Yellow fever,vector,GN,https://www.who.int/emergencies/disease-outbreak-news/item/2005_12_19-en
2005-12-16,Avian influenza,birds,CN,https://www.who.int/emergencies/disease-outbreak-news/item/2005_12_16-en
2005-12-14,Avian influenza,birds,ID,https://www.who.int/emergencies/disease-outbreak-news/item/2005_12_14-en
2005-12-09,Avian influenza,birds,CN TH,https://www.who.int/emergencies/disease-outbreak-news/item/2005_12_09-en
2005-12-09,Yellow fever,vector,SD,https://www.who.int/emergencies/disease-outbreak-news/item/2005_12_09a-en
2005-12-07,Avian influenza,birds,CN,https://www.who.int/emergencies/disease-outbreak-news/item/2005_12_07a-en
2005-12-06,Avian influenza,birds,ID,https://www.who.int/emergencies/disease-outbreak-news/item/2005_12_06-en
2005-11-29,Avian influenza,birds,CN ID,https://www.who.int/emergencies/disease-outbreak-news/item/2005_11_29-en
2005-11-28,Yellow fever,vector,ML,https://www.who.int/emergencies/disease-outbreak-news/item/2005_11_28a-en
2005-11-25,Avian influenza,birds,VN,https://www.who.int/emergencies/disease-outbreak-news/item/2005_11_25-en
2005-11-24,Avian influenza,birds,CN,https://www.who.int/emergencies/disease-outbreak-news/item/2005_11_24-en
2005-11-21,Yellow fever,vector,SD,https://www.who.int/emergencies/disease-outbreak-news/item/2005_11_21-en
2005-11-17,Avian influenza,birds,CN ID,https://www.who.int/emergencies/disease-outbreak-news/item/2005_11_17-en
2005-11-16,Yellow fever,vector,ML,https://www.who.int/emergencies/disease-outbreak-news/item/2005_11_16-en
2005-11-14,Avian influenza,birds,TH,https://www.who.int/emergencies/disease-outbreak-news/item/2005_11_14-en
2005-11-10,Yellow fever,vector,ML,https://www.who.int/emergencies/disease-outbreak-news/item/2005_11_10-en
2005-11-09,Avian influenza,birds,VN,https://www.who.int/emergencies/disease-outbreak-news/item/2005_11_09-en
2005-11-07,Avian influenza,birds,ID,https://www.who.int/emergencies/disease-outbreak-news/item/2005_11_07-en
2005-11-03,Yellow fever,vector,ML,https://www.who.int/emergencies/disease-outbreak-news/item/2005_11_03-en
2005-11-02,Yellow fever,vector,GN,https://www.who.int/emergencies/disease-outbreak-news/item/2005_11_02-en
2005-11-01,Avian influenza,birds,TH,https://www.who.int/emergencies/disease-outbreak-news/item/2005_11_01-en
2005-10-24,Avian influenza,birds,ID TH,https://www.who.int/emergencies/disease-outbreak-news/item/2005_10_24-en
2005-10-20,Avian influenza,birds,TH,https://www.who.int/emergencies/disease-outbreak-news/item/2005_10_20a-en
2005-10-13,Avian influenza,birds,,https://www.who.int/emergencies/disease-outbreak-news/item/2005_10_13-en
2005-10-10,Avian influenza,birds,ID,https://www.who.int/emergencies/disease-outbreak-news/item/2005_10_10-en
2005-09-29,Avian influenza,birds,ID,https://www.who.int/emergencies/disease-outbreak-news/item/2005_09_29-en
2005-09-22,Avian influenza,birds,ID,https://www.who.int/emergencies/disease-outbreak-news/item/2005_09_22a-en
2005-09-19,Avian influenza,birds,VN,https://www.who.int/emergencies/disease-outbreak-news/item/2005_09_19-en
2005-09-16,Avian influenza,birds,ID,https://www.who.int/emergencies/disease-outbreak-news/item/2005_09_16-en
2005-09-13,Japanese encephalitis,vector,IN,https://www.who.int/emergencies/disease-outbreak-news/item/2005_09_13a-en
2005-08-31,Yellow fever,vector,GN,https://www.who.int/emergencies/disease-outbreak-news/item/2005_08_31-en
2005-08-24,Marburg virus disease,wildlife,AO,https://www.who.int/emergencies/disease-outbreak-news/item/2005_08_24-en
2005-08-18,Avian influenza,birds,,https://www.who.int/emergencies/disease-outbreak-news/item/2005_08_18-en
2005-08-05,Avian influenza,birds,VN,https://www.who.int/emergencies/disease-outbreak-news/item/2005_08_05-en
2005-07-29,Avian influenza,birds,ID,https://www.who.int/emergencies/disease-outbreak-news/item/2005_07_29c-en
2005-07-29,Marburg virus disease,wildlife,AO,https://www.who.int/emergencies/disease-outbreak-news/item/2005_07_29a-en
2005-07-21,Avian influenza,birds,ID,https://www.who.int/emergencies/disease-outbreak-news/item/2005_07_21a-en
2005-07-13,Marburg virus disease,wildlife,AO,https://www.who.int/emergencies/disease-outbreak-news/item/2005_07_13-en
2005-06-30,Avian influenza,birds,VN,https://www.who.int/emergencies/disease-outbreak-news/item/2005_06_30-en
2005-06-28,Avian influenza,birds,VN,https://www.who.int/emergencies/disease-outbreak-news/item/2005_06_28-en
2005-06-17,Avian influenza,birds,VN,https://www.who.int/emergencies/disease-outbreak-news/item/2005_06_17a-en
2005-06-16,Avian influenza,birds,VN,https://www.who.int/emergencies/disease-outbreak-news/item/2005_06_16a-en
2005-06-14,Avian influenza,birds,VN,https://www.who.int/emergencies/disease-outbreak-news/item/2005_06_14b-en
2005-06-08,Avian influenza,birds,VN,https://www.who.int/emergencies/disease-outbreak-news/item/2005_06_08a-en
2005-06-07,Marburg virus disease,wildlife,AO,https://www.who.int/emergencies/disease-outbreak-news/item/2005_06_07-en
2005-05-27,Marburg virus disease,wildlife,AO,https://www.who.int/emergencies/disease-outbreak-news/item/2005_05_27a-en
2005-05-25,Ebola and Sudan virus disease,wildlife,CG,https://www.who.int/emergencies/disease-outbreak-news/item/2005_05_25-en
2005-05-19,Avian influenza,birds,,https://www.who.int/emergencies/disease-outbreak-news/item/2005_05_19-en
2005-05-18,Marburg virus disease,wildlife,AO,https://www.who.int/emergencies/disease-outbreak-news/item/2005_05_18a-en
2005-05-11,Marburg virus disease,wildlife,AO,https://www.who.int/emergencies/disease-outbreak-news/item/2005_05_11-en
2005-05-06,Marburg virus disease,wildlife,AO,https://www.who.int/emergencies/disease-outbreak-news/item/2005_05_06-en
2005-05-04,Avian influenza,birds,KH,https://www.who.int/emergencies/disease-outbreak-news/item/2005_05_04-en
2005-04-29,Marburg virus disease,wildlife,AO,https://www.who.int/emergencies/disease-outbreak-news/item/2005_04_29-en
2005-04-22,Marburg virus disease,wildlife,AO,https://www.who.int/emergencies/disease-outbreak-news/item/2005_04_22-en
2005-04-21,Marburg virus disease,wildlife,AO,https://www.who.int/emergencies/disease-outbreak-news/item/2005_04_21-en
2005-04-15,Marburg virus disease,wildlife,AO,https://www.who.int/emergencies/disease-outbreak-news/item/2005_04_15-en
2005-04-14,Marburg virus disease,wildlife,AO,https://www.who.int/emergencies/disease-outbreak-news/item/2005_04_14a-en
2005-04-13,Marburg virus disease,wildlife,AO,https://www.who.int/emergencies/disease-outbreak-news/item/2005_04_13-en
2005-04-12,Avian influenza,birds,KH,https://www.who.int/emergencies/disease-outbreak-news/item/2005_04_12-en
2005-04-11,Marburg virus disease,wildlife,AO,https://www.who.int/emergencies/disease-outbreak-news/item/2005_04_11-en
2005-04-08,Marburg virus disease,wildlife,AO,https://www.who.int/emergencies/disease-outbreak-news/item/2005_04_08a-en
2005-04-07,Marburg virus disease,wildlife,AO,https://www.who.int/emergencies/disease-outbreak-news/item/2005_04_07-en
2005-04-06,Marburg virus disease,wildlife,AO,https://www.who.int/emergencies/disease-outbreak-news/item/2005_04_06-en
2005-04-05,Marburg virus disease,wildlife,AO,https://www.who.int/emergencies/disease-outbreak-news/item/2005_04_05-en
2005-04-04,Marburg virus disease,wildlife,AO,https://www.who.int/emergencies/disease-outbreak-news/item/2005_04_04a-en
2005-04-01,Marburg virus disease,wildlife,AO,https://www.who.int/emergencies/disease-outbreak-news/item/2005_04_01-en
2005-03-31,Marburg virus disease,wildlife,AO,https://www.who.int/emergencies/disease-outbreak-news/item/2005_03_31a-en
2005-03-30,Avian influenza,birds,KR,https://www.who.int/emergencies/disease-outbreak-news/item/2005_03_30-en
2005-03-29,Avian influenza,birds,KH VN,https://www.who.int/emergencies/disease-outbreak-news/item/2005_03_29b-en
2005-03-29,Marburg virus disease,wildlife,AO,https://www.who.int/emergencies/disease-outbreak-news/item/2005_03_29a-en
2005-03-24,Marburg virus disease,wildlife,AO,https://www.who.int/emergencies/disease-outbreak-news/item/2005_03_24a-en
2005-03-15,Plague,wildlife,CD,https://www.who.int/emergencies/disease-outbreak-news/item/2005_03_15-en
2005-03-11,Avian influenza,birds,VN,https://www.who.int/emergencies/disease-outbreak-news/item/2005_03_11-en
2005-03-09,Plague,wildlife,CD,https://www.who.int/emergencies/disease-outbreak-news/item/2005_03_09-en
2005-03-07,Avian influenza,birds,VN,https://www.who.int/emergencies/disease-outbreak-news/item/2005_03_07-en
2005-03-04,Plague,wildlife,CD,https://www.who.int/emergencies/disease-outbreak-news/item/2005_03_04-en
2005-02-18,Plague,wildlife,CD,https://www.who.int/emergencies/disease-outbreak-news/item/2005_02_18-en
2005-02-09,Avian influenza,birds,KH,https://www.who.int/emergencies/disease-outbreak-news/item/2005_02_09-en
2005-02-02,Avian influenza,birds,KH VN,https://www.who.int/emergencies/disease-outbreak-news/item/2005_02_02-en
2005-01-28,Avian influenza,birds,VN,https://www.who.int/emergencies/disease-outbreak-news/item/2005_01_28b-en
2005-01-26,Avian influenza,birds,VN,https://www.who.int/emergencies/disease-outbreak-news/item/2005_01_26-en
2005-01-21,Avian influenza,birds,VN,https://www.who.int/emergencies/disease-outbreak-news/item/2005_01_21-en
2005-01-19,Avian influenza,birds,VN,https://www.who.int/emergencies/disease-outbreak-news/item/2005_01_19b-en
2005-01-14,Avian influenza,birds,VN,https://www.who.int/emergencies/disease-outbreak-news/item/2005_01_14-en
2005-01-13,Avian influenza,birds,VN,https://www.who.int/emergencies/disease-outbreak-news/item/2005_01_13-en
2005-01-07,Yellow fever,vector,GN,https://www.who.int/emergencies/disease-outbreak-news/item/2005_01_07-en
2005-01-06,Avian influenza,birds,VN,https://www.who.int/emergencies/disease-outbreak-news/item/2005_01_06a-en
2004-12-30,Avian influenza,birds,VN,https://www.who.int/emergencies/disease-outbreak-news/item/2004_12_30-en
2004-11-24,Yellow fever,vector,BF,https://www.who.int/emergencies/disease-outbreak-news/item/2004_11_24-en
2004-10-29,Avian influenza,birds,,https://www.who.int/emergencies/disease-outbreak-news/item/2004_10_29-en
2004-10-25,Avian influenza,birds,TH,https://www.who.int/emergencies/disease-outbreak-news/item/2004_10_25-en
2004-10-04,Avian influenza,birds,TH,https://www.who.int/emergencies/disease-outbreak-news/item/2004_10_04-en
2004-09-28,Avian influenza,birds,TH,https://www.who.int/emergencies/disease-outbreak-news/item/2004_09_28a-en
2004-09-14,Yellow fever,vector,VE,https://www.who.int/emergencies/disease-outbreak-news/item/2004_09_14-en
2004-09-09,Avian influenza,birds,TH,https://www.who.int/emergencies/disease-outbreak-news/item/2004_09_09-en
2004-09-07,Avian influenza,birds,VN,https://www.who.int/emergencies/disease-outbreak-news/item/2004_09_07-en
2004-09-01,Rabies,wildlife,FR,https://www.who.int/emergencies/disease-outbreak-news/item/2004_09_01a-en
2004-08-25,Avian influenza,birds,CN,https://www.who.int/emergencies/disease-outbreak-news/item/2004_08_25-en
2004-08-20,Avian influenza,birds,CN,https://www.who.int/emergencies/disease-outbreak-news/item/2004_08_20-en
2004-08-18,Avian influenza,birds,VN,https://www.who.int/emergencies/disease-outbreak-news/item/2004_08_18-en
2004-08-13,Avian influenza,birds,VN,https://www.who.int/emergencies/disease-outbreak-news/item/2004_08_13-en
2004-08-12,Avian influenza,birds,VN,https://www.who.int/emergencies/disease-outbreak-news/item/2004_08_12-en
2004-08-07,Ebola and Sudan virus disease,wildlife,SD,https://www.who.int/emergencies/disease-outbreak-news/item/2004_08_07-en
2004-07-30,Avian influenza,birds,,https://www.who.int/emergencies/disease-outbreak-news/item/2004_07_30-en
2004-07-16,Avian influenza,birds,,https://www.who.int/emergencies/disease-outbreak-news/item/2004_07_16-en
2004-07-08,Avian influenza,birds,,https://www.who.int/emergencies/disease-outbreak-news/item/2004_07_08-en
2004-07-06,Ebola and Sudan virus disease,wildlife,SD,https://www.who.int/emergencies/disease-outbreak-news/item/2004_07_06-en
2004-06-22,Ebola and Sudan virus disease,wildlife,SD,https://www.who.int/emergencies/disease-outbreak-news/item/2004_06_22-en
2004-06-11,Ebola and Sudan virus disease,wildlife,SD,https://www.who.int/emergencies/disease-outbreak-news/item/2004_06_11-en
2004-06-07,Ebola and Sudan virus disease,wildlife,SD,https://www.who.int/emergencies/disease-outbreak-news/item/2004_06_07-en
2004-06-01,Ebola and Sudan virus disease,wildlife,SD,https://www.who.int/emergencies/disease-outbreak-news/item/2004_06_01a-en
2004-05-26,Ebola and Sudan virus disease,wildlife,SD,https://www.who.int/emergencies/disease-outbreak-news/item/2004_05_26-en
2004-05-24,Ebola and Sudan virus disease,wildlife,SD,https://www.who.int/emergencies/disease-outbreak-news/item/2004_05_24-en
2004-05-18,SARS,wildlife,CN,https://www.who.int/emergencies/disease-outbreak-news/item/2004_05_18a-en
2004-05-05,SARS,wildlife,CN,https://www.who.int/emergencies/disease-outbreak-news/item/2004_05_05-en
2004-04-30,SARS,wildlife,CN,https://www.who.int/emergencies/disease-outbreak-news/item/2004_04_30-en
2004-04-29,SARS,wildlife,CN,https://www.who.int/emergencies/disease-outbreak-news/item/2004_04_29-en
2004-04-28,SARS,wildlife,CN,https://www.who.int/emergencies/disease-outbreak-news/item/2004_04_28-en
2004-04-26,SARS,wildlife,CN,https://www.who.int/emergencies/disease-outbreak-news/item/2004_04_26-en
2004-04-23,SARS,wildlife,CN,https://www.who.int/emergencies/disease-outbreak-news/item/2004_04_23-en
2004-04-22,SARS,wildlife,CN,https://www.who.int/emergencies/disease-outbreak-news/item/2004_04_22-en
2004-04-20,Lassa fever,wildlife,SL,https://www.who.int/emergencies/disease-outbreak-news/item/2004_04_20a-en
2004-04-05,Avian influenza,birds,CA,https://www.who.int/emergencies/disease-outbreak-news/item/2004_04_05-en
2004-03-22,Avian influenza,birds,VN,https://www.who.int/emergencies/disease-outbreak-news/item/2004_03_22a-en
2004-03-17,Avian influenza,birds,TH,https://www.who.int/emergencies/disease-outbreak-news/item/2004_03_17-en
2004-03-11,Yellow fever,vector,LR,https://www.who.int/emergencies/disease-outbreak-news/item/2004_03_11-en
2004-03-09,Avian influenza,birds,TH,https://www.who.int/emergencies/disease-outbreak-news/item/2004_03_09-en
2004-03-04,Yellow fever,vector,LR,https://www.who.int/emergencies/disease-outbreak-news/item/2004_03_04-en
2004-03-02,Avian influenza,birds,,https://www.who.int/emergencies/disease-outbreak-news/item/2004_03_02-en
2004-02-27,Avian influenza,birds,TH,https://www.who.int/emergencies/disease-outbreak-news/item/2004_02_27-en
2004-02-25,Yellow fever,vector,LR,https://www.who.int/emergencies/disease-outbreak-news/item/2004_02_25a-en
2004-02-23,Avian influenza,birds,VN,https://www.who.int/emergencies/disease-outbreak-news/item/2004_02_23-en
2004-02-20,Avian influenza,birds,CN JP TH,https://www.who.int/emergencies/disease-outbreak-news/item/2004_02_20-en
2004-02-19,Avian influenza,birds,VN,https://www.who.int/emergencies/disease-outbreak-news/item/2004_02_19-en
2004-02-17,Avian influenza,birds,VN,https://www.who.int/emergencies/disease-outbreak-news/item/2004_02_17-en
2004-02-16,Avian influenza,birds,VN,https://www.who.int/emergencies/disease-outbreak-news/item/2004_02_16-en
2004-02-13,Avian influenza,birds,TH,https://www.who.int/emergencies/disease-outbreak-news/item/2004_02_13-en
2004-02-12,Avian influenza,birds,HK VN,https://www.who.int/emergencies/disease-outbreak-news/item/2004_02_12a-en
2004-02-12,Nipah virus,wildlife,BD,https://www.who.int/emergencies/disease-outbreak-news/item/2004_02_12-en
2004-02-11,Avian influenza,birds,VN,https://www.who.int/emergencies/disease-outbreak-news/item/2004_02_11-en
2004-02-09,Avian influenza,birds,VN,https://www.who.int/emergencies/disease-outbreak-news/item/2004_02_09-en
2004-02-06,Avian influenza,birds,VN,https://www.who.int/emergencies/disease-outbreak-news/item/2004_02_06-en
2004-02-05,Avian influenza,birds,TH VN,https://www.who.int/emergencies/disease-outbreak-news/item/2004_02_05-en
2004-02-04,Avian influenza,birds,CN ID TH,https://www.who.int/emergencies/disease-outbreak-news/item/2004_02_04-en
2004-02-03,Avian influenza,birds,VN,https://www.who.int/emergencies/disease-outbreak-news/item/2004_02_03-en
2004-02-02,Avian influenza,birds,CN TH,https://www.who.int/emergencies/disease-outbreak-news/item/2004_02_02-en
2004-02-01,Avian influenza,birds,VN,https://www.who.int/emergencies/disease-outbreak-news/item/2004_02_01-en
2004-01-31,SARS,wildlife,CN,https://www.who.int/emergencies/disease-outbreak-news/item/2004_01_31-en
2004-01-30,Avian influenza,birds,CN,https://www.who.int/emergencies/disease-outbreak-news/item/2004_01_30-en
2004-01-29,Avian influenza,birds,,https://www.who.int/emergencies/disease-outbreak-news/item/2004_01_29-en
2004-01-28,Avian influenza,birds,VN,https://www.who.int/emergencies/disease-outbreak-news/item/2004_01_28a-en
2004-01-27,Avian influenza,birds,CN,https://www.who.int/emergencies/disease-outbreak-news/item/2004_01_27b-en
2004-01-27,Avian influenza,birds,TH,https://www.who.int/emergencies/disease-outbreak-news/item/2004_01_27a-en
2004-01-26,Avian influenza,birds,TH,https://www.who.int/emergencies/disease-outbreak-news/item/2004_01_26-en
2004-01-24,Avian influenza,birds,VN,https://www.who.int/emergencies/disease-outbreak-news/item/2004_01_24-en
2004-01-23,Avian influenza,birds,TH,https://www.who.int/emergencies/disease-outbreak-news/item/2004_01_23-en
2004-01-22,Avian influenza,birds,,https://www.who.int/emergencies/disease-outbreak-news/item/2004_01_22-en
2004-01-20,Avian influenza,birds,,https://www.who.int/emergencies/disease-outbreak-news/item/2004_01_20-en
2004-01-19,Avian influenza,birds,VN,https://www.who.int/emergencies/disease-outbreak-news/item/2004_01_19-en
2004-01-16,Avian influenza,birds,VN,https://www.who.int/emergencies/disease-outbreak-news/item/2004_01_16-en
2004-01-14,Avian influenza,birds,VN,https://www.who.int/emergencies/disease-outbreak-news/item/2004_01_14-en
2004-01-08,SARS,wildlife,CN,https://www.who.int/emergencies/disease-outbreak-news/item/2004_01_08-en
2004-01-06,Ebola and Sudan virus disease,wildlife,CG,https://www.who.int/emergencies/disease-outbreak-news/item/2004_01_06-en
2004-01-05,SARS,wildlife,CN,https://www.who.int/emergencies/disease-outbreak-news/item/2004_01_05-en
